method,seed,episode,atct,energy_kwh,sla_pct,tasks_done
Random,42,0,25.35229705647856,4.105489329544905,76.8,1000
Random,42,1,25.549261022596077,5.206009859802267,75.7,1000
Random,42,2,25.662969762355146,5.755403132978196,72.8,1000
Random,42,3,27.257627269583462,4.627399370410108,73.5,1000
Random,42,4,24.58007083202374,4.66105219945105,72.0,1000
Random,42,5,27.529747013876985,5.238873837998342,73.1,1000
Random,42,6,24.321735981601307,5.378689663356648,74.5,1000
Random,42,7,26.810374757787898,4.298540715279029,71.89999999999999,1000
Random,42,8,30.34116291139459,8.368260744631103,73.8,1000
Random,42,9,24.25927865780972,11.738083027870319,72.37237237237237,999
Random,42,10,25.925687719100686,4.849828233137241,73.5,1000
Random,42,11,26.100726459306273,4.296677147059684,71.6,1000
Random,42,12,25.50803388239853,5.4778160102294855,74.8,1000
Random,42,13,24.97313728438598,4.626048109510368,72.0,1000
Random,42,14,26.6071535636867,5.231908836567974,72.5,1000
Random,42,15,27.804031766298955,5.801200467445464,73.8,1000
Random,42,16,27.032650869849444,4.131546087268729,71.5,1000
Random,42,17,28.851731689320495,10.63401405326024,74.9,1000
Random,42,18,28.321864938276544,4.675565291234913,75.2,1000
Random,42,19,23.57114097775832,4.670792033117781,73.9,1000
Random,42,20,27.810473084548544,4.873849537947576,74.0,1000
Random,42,21,26.04692626860123,4.5778475792819595,73.6,1000
Random,42,22,27.060999657401254,4.740242770809348,72.3,1000
Random,42,23,26.25391749487307,4.4554501260782455,71.8,1000
Random,42,24,25.978733161298106,4.757738056728402,72.1,1000
Random,42,25,29.350053475253933,7.199834281001536,75.0,1000
Random,42,26,27.855754173485888,7.0351015824828185,74.3,1000
Random,42,27,25.430576747711616,4.956767842331514,74.7,1000
Random,42,28,25.27194308149322,4.410353156523198,70.1,1000
Random,42,29,28.450581491659467,9.065576274132145,72.8,1000
Random,42,30,27.330611074673055,5.572175679752804,72.3,1000
Random,42,31,25.581130362230557,4.436105797575828,76.0,1000
Random,42,32,24.50036595587685,4.95702813505345,72.5,1000
Random,42,33,26.485918995344022,4.88252425962978,73.3,1000
Random,42,34,25.377200161877763,5.552043652585496,75.6,1000
Random,42,35,24.733528356060532,5.319993334635082,75.0,1000
Random,42,36,25.072909813876926,4.647925908346736,72.7,1000
Random,42,37,29.285090301332936,5.448034980576948,73.4,1000
Random,42,38,26.111528081153846,4.931229307291526,72.5,1000
Random,42,39,26.6308570579233,5.680949792308603,75.4,1000
Random,42,40,29.788437265804276,5.29876886885809,70.7,1000
Random,42,41,27.553381218183002,11.80732222527206,72.17217217217218,999
Random,42,42,27.1912867837572,4.352962992186762,73.6,1000
Random,42,43,28.313150989941118,4.3706001997834445,75.2,1000
Random,42,44,25.939468318791,4.294401794009237,73.5,1000
Random,42,45,24.03980897594915,4.511890999761033,72.5,1000
Random,42,46,25.79567645133375,4.272378538336196,75.5,1000
Random,42,47,29.57752745079724,9.946919032708376,73.7,1000
Random,42,48,25.318754018309562,11.787675484779287,71.27127127127127,999
Random,42,49,28.83788778020766,7.821329086637278,74.7,1000
Random,42,50,26.90666486167586,4.679921669556431,73.1,1000
Random,42,51,29.390425411112464,4.714865685323428,74.5,1000
Random,42,52,25.02164255030123,4.400040873576548,73.4,1000
Random,42,53,28.910114503661383,5.023307585846681,73.5,1000
Random,42,54,27.76467736070461,5.026579553538313,74.5,1000
Random,42,55,27.36714873857945,5.075163434936829,72.89999999999999,1000
Random,42,56,25.200523261531135,6.248634888396521,73.5,1000
Random,42,57,26.718333728563852,7.150384624773029,74.5,1000
Random,42,58,26.745292513116322,4.8899496298885685,72.39999999999999,1000
Random,42,59,28.842344181832388,7.069215811905536,73.9,1000
Random,42,60,27.238545631495327,5.237369239054848,70.8,1000
Random,42,61,26.979015800035885,5.785480759360264,72.7,1000
Random,42,62,26.618452264783226,4.277324655824053,70.8,1000
Random,42,63,24.986151309251188,4.760248260495642,75.7,1000
Random,42,64,24.124323589801424,4.4939655586775356,76.9,1000
Random,42,65,26.988657487483092,4.823647362126531,75.3,1000
Random,42,66,25.77567915398808,4.70899735994728,73.7,1000
Random,42,67,27.203621667229125,5.395327444380959,73.2,1000
Random,42,68,26.514972485828277,4.999231227841257,74.0,1000
Random,42,69,26.844641711750977,6.020248439000634,75.1,1000
Random,42,70,27.62073277392063,7.3434801039393305,73.7,1000
Random,42,71,26.800591503760426,5.226699006331206,72.8,1000
Random,42,72,24.13775411145875,4.057272193802545,74.4,1000
Random,42,73,25.206177873465357,4.423316746071604,70.7,1000
Random,42,74,27.65000880283046,9.362878730981393,74.1,1000
Random,42,75,27.02109580461073,4.653803520515585,75.5,1000
Random,42,76,26.096643128456794,5.257245960309694,74.8,1000
Random,42,77,27.13949844705944,5.303645961574665,71.7,1000
Random,42,78,24.757532199584,11.651285793404636,74.27427427427428,999
Random,42,79,26.95535577503476,4.757499481425801,69.69999999999999,1000
Random,42,80,29.94651720543937,8.215040701265963,75.8,1000
Random,42,81,25.96361741700037,5.168058140621983,71.2,1000
Random,42,82,27.0383261728051,4.5516657119048505,74.6,1000
Random,42,83,28.34585352658932,11.601912878218295,74.07407407407408,999
Random,42,84,24.264666341189937,4.645808487741769,72.7,1000
Random,42,85,25.97740947185458,4.245997821884158,75.0,1000
Random,42,86,28.68409525588736,5.6016572467590935,72.6,1000
Random,42,87,27.020279669277365,4.521681817466172,74.4,1000
Random,42,88,31.228604263149595,6.406665437781278,72.2,1000
Random,42,89,27.200517559641828,5.276618486017835,74.9,1000
Random,42,90,26.392845537816804,5.805833961584231,77.3,1000
Random,42,91,26.43535562882755,11.755982908595506,73.67367367367368,999
Random,42,92,27.338022175328884,11.503838386792106,72.97297297297297,999
Random,42,93,27.76133113668001,5.296959613811583,72.7,1000
Random,42,94,25.278268528888844,5.273111700966613,75.7,1000
Random,42,95,26.569743099903864,5.361287817763936,75.5,1000
Random,42,96,26.604318667811743,5.581284534100616,76.0,1000
Random,42,97,27.200909528560356,4.614054526704356,73.0,1000
Random,42,98,27.12873495197993,4.736401666762171,72.39999999999999,1000
Random,42,99,26.85505570579136,5.126562507760903,73.7,1000
Random,42,100,28.652750341676725,6.022865757390184,73.7,1000
Random,42,101,28.732183736216296,7.8940486041581535,75.3,1000
Random,42,102,25.397025674337943,4.911074028064255,70.89999999999999,1000
Random,42,103,26.155240154745698,4.76128981670716,74.2,1000
Random,42,104,28.92279656884844,8.65246165248037,71.5,1000
Random,42,105,25.78215660589432,11.673500463305814,70.97097097097097,999
Random,42,106,27.7029035222951,8.524699832009563,72.7,1000
Random,42,107,28.70583649616426,6.6202056672786345,72.89999999999999,1000
Random,42,108,26.407948614088745,5.832828439208673,72.7,1000
Random,42,109,31.04316136675594,8.31036452364468,71.1,1000
Random,42,110,25.871683888106617,11.6174695118654,74.57457457457457,999
Random,42,111,26.628617132564948,4.995245315742986,76.0,1000
Random,42,112,26.49494541558498,5.493898151220668,69.5,1000
Random,42,113,28.570898590880613,6.069128364489687,74.2,1000
Random,42,114,26.249254141154015,5.793836015280311,73.0,1000
Random,42,115,26.776607657438937,4.7207378260697395,74.5,1000
Random,42,116,26.526385545568612,6.757563406279761,73.5,1000
Random,42,117,29.619830325115107,6.316232082872003,73.8,1000
Random,42,118,28.919024038368747,11.467298309742322,72.57257257257257,999
Random,42,119,26.66006854983945,6.497773891309208,73.3,1000
Random,42,120,27.80742943337733,4.968373213042168,73.9,1000
Random,42,121,25.920861602327502,4.447977738031106,72.3,1000
Random,42,122,24.65483378669004,4.190689098856676,73.0,1000
Random,42,123,27.022258502714767,4.451626768470571,74.3,1000
Random,42,124,27.3988714099723,5.09062207636347,72.3,1000
Random,42,125,24.677758460580147,4.985434252767269,73.9,1000
Random,42,126,27.039131678082697,6.22025375152612,71.0,1000
Random,42,127,27.755300580645017,4.627065255406683,75.1,1000
Random,42,128,29.550949469294512,6.534536512010958,72.5,1000
Random,42,129,27.372610901834783,5.750378268025928,72.39999999999999,1000
Random,42,130,30.02560690968328,5.391043456878053,71.39999999999999,1000
Random,42,131,27.761053679911058,4.425804017486734,74.8,1000
Random,42,132,27.441487564709284,6.787079804571473,74.2,1000
Random,42,133,23.54907183406101,4.449304610422714,73.4,1000
Random,42,134,27.567607198586156,5.553494628150637,74.4,1000
Random,42,135,28.338106286204457,7.606534356158665,76.1,1000
Random,42,136,27.738662157441304,6.935809787858968,73.9,1000
Random,42,137,28.06790387367847,9.159656832663968,76.9,1000
Random,42,138,26.937528162147125,5.279739848261838,73.7,1000
Random,42,139,28.918609946199144,8.321879524489155,71.5,1000
Random,42,140,26.011763112721688,4.2365778207729194,73.5,1000
Random,42,141,25.22344293721863,4.148101674422582,73.4,1000
Random,42,142,31.75472125128904,7.260176679600648,73.8,1000
Random,42,143,26.29563291530707,4.609400204989815,74.2,1000
Random,42,144,26.634729659572887,4.361532852742809,74.8,1000
Random,42,145,25.99815140995285,4.609392707186139,75.1,1000
Random,42,146,28.337883115983292,4.169265599935692,73.6,1000
Random,42,147,23.27196251614989,4.218281242238665,74.2,1000
Random,42,148,26.13217119128381,6.610905447221563,73.5,1000
Random,42,149,27.08556988797315,4.546443000493851,73.4,1000
Random,42,150,28.185223135313706,4.6156732058935965,71.0,1000
Random,42,151,24.189120637484653,4.39082904721645,75.6,1000
Random,42,152,30.15038820238768,6.454116055383207,73.3,1000
Random,42,153,29.7953696637566,8.363082611136416,72.0,1000
Random,42,154,26.533228577501372,4.388076854213795,72.39999999999999,1000
Random,42,155,26.368442443368863,11.686610006555222,73.87387387387388,999
Random,42,156,27.443633805800083,9.654717016540902,72.0,1000
Random,42,157,26.169188422917788,5.565933928449323,74.0,1000
Random,42,158,26.948622309142422,4.646661751110397,71.8,1000
Random,42,159,26.86387016269155,11.701370920958423,74.97497497497497,999
Random,42,160,34.25428479631452,8.794084870346834,73.5,1000
Random,42,161,28.53847698488357,4.71733681716647,73.4,1000
Random,42,162,24.773154861074595,4.454169957950541,72.7,1000
Random,42,163,26.77768935067415,5.99325817731372,72.8,1000
Random,42,164,28.638432539329145,5.683408284781806,76.4,1000
Random,42,165,32.40478810677005,5.301051590281374,73.0,1000
Random,42,166,24.767254794692388,4.367576020889021,74.5,1000
Random,42,167,29.37136954177332,4.573712372481937,73.9,1000
Random,42,168,27.70105286455952,11.835376612819553,74.67467467467468,999
Random,42,169,26.053723837532594,5.022014433730583,76.5,1000
Random,42,170,25.584094719925478,5.368546065319022,74.4,1000
Random,42,171,24.954862735331968,4.92302048985716,73.8,1000
Random,42,172,25.667127195020342,11.6740419328731,69.46946946946947,999
Random,42,173,27.72176852388422,11.740644566868328,74.17417417417418,999
Random,42,174,27.810633177063664,6.863064277227642,74.2,1000
Random,42,175,25.814983249368407,5.068259425993204,73.1,1000
Random,42,176,26.362983799494796,5.400643234645562,74.2,1000
Random,42,177,26.041221719984577,6.201411402010862,73.5,1000
Random,42,178,25.324782269631246,4.346936514461694,73.1,1000
Random,42,179,25.76294525816004,4.6376213786701115,74.6,1000
Random,42,180,27.243363310648256,5.571652954175392,75.5,1000
Random,42,181,25.416326907207235,4.675258536695418,75.2,1000
Random,42,182,28.536235561724833,6.881255678744757,72.89999999999999,1000
Random,42,183,28.267215131739412,6.3114742735098925,72.3,1000
Random,42,184,25.940334956545016,4.6474508115787945,73.9,1000
Random,42,185,26.292365962250575,4.4928127061301435,73.8,1000
Random,42,186,27.838452734294385,4.696985486492688,70.6,1000
Random,42,187,26.656468377932562,11.52526244889472,74.57457457457457,999
Random,42,188,26.62319578283555,4.362933893727052,74.0,1000
Random,42,189,25.153297304655343,11.730280157777957,72.17217217217218,999
Random,42,190,29.334875177682342,5.651548825195971,75.7,1000
Random,42,191,26.44639033517425,4.704147778373513,73.6,1000
Random,42,192,27.573390551589117,4.701674651169561,71.0,1000
Random,42,193,25.09231234142956,4.665897024645567,73.9,1000
Random,42,194,27.641905603611114,4.340917973655943,72.5,1000
Random,42,195,26.32737991429469,4.4335702619000825,73.9,1000
Random,42,196,27.659678037391487,4.4363878679248065,71.89999999999999,1000
Random,42,197,29.779197798132852,8.454038513203527,74.0,1000
Random,42,198,24.193303500939976,4.339079332204388,73.0,1000
Random,42,199,26.284072458222383,4.525456128619988,72.0,1000
Random,43,0,27.50188932942234,4.498191836487771,71.3,1000
Random,43,1,25.980011417468305,4.3990376839078005,73.4,1000
Random,43,2,29.143447551285746,4.3518119203522385,71.39999999999999,1000
Random,43,3,29.028058000528553,4.616492793989441,69.39999999999999,1000
Random,43,4,26.842210942798957,4.319279606063037,74.1,1000
Random,43,5,25.699944854614234,4.1230436618000885,70.3,1000
Random,43,6,29.442006245462814,6.387662112344253,72.89999999999999,1000
Random,43,7,29.297772987655705,8.31376752101099,72.39999999999999,1000
Random,43,8,27.437111823853392,4.526908874458556,72.5,1000
Random,43,9,27.580824657106067,5.946319575987612,72.5,1000
Random,43,10,28.898409400935023,6.3214192547209755,70.3,1000
Random,43,11,27.947567178775135,4.479753725734939,71.7,1000
Random,43,12,26.59661132892355,4.222477952114866,70.3,1000
Random,43,13,30.6358060291141,5.009638585192091,72.39999999999999,1000
Random,43,14,26.210660201661707,4.339343314776511,71.2,1000
Random,43,15,30.318755217727745,7.530098426382679,69.39999999999999,1000
Random,43,16,29.819035721947923,5.243889799617931,69.0,1000
Random,43,17,26.95795393570835,5.765423402961282,72.1,1000
Random,43,18,27.741618756394033,4.622331557326602,71.0,1000
Random,43,19,24.9003470128854,4.25896807686779,72.3,1000
Random,43,20,27.6126552134315,4.8821293936219865,71.3,1000
Random,43,21,32.46113687931295,8.661495513854913,71.8,1000
Random,43,22,28.65190131241567,5.824000960889217,71.6,1000
Random,43,23,27.24792720681431,5.010786463204719,69.89999999999999,1000
Random,43,24,35.2649092468582,11.475979873156579,71.7,1000
Random,43,25,27.640225481337865,4.510188942631257,71.39999999999999,1000
Random,43,26,34.22582456809851,9.170576187156835,72.39999999999999,1000
Random,43,27,27.133234959746545,4.882601569129932,70.6,1000
Random,43,28,30.05865695180772,4.419598534876101,68.4,1000
Random,43,29,28.91528064282071,4.958225033363867,73.7,1000
Random,43,30,30.73513640698061,6.291562118446492,73.7,1000
Random,43,31,31.176950597628302,11.392857703382697,72.0,1000
Random,43,32,25.24734112233546,5.372537421921431,71.8,1000
Random,43,33,27.147979135231857,4.510449879564297,74.1,1000
Random,43,34,28.741242770307377,6.248269690648666,72.6,1000
Random,43,35,28.30754833078467,7.92542119043375,72.5,1000
Random,43,36,25.490801410152287,4.8084292439338645,72.39999999999999,1000
Random,43,37,28.42744961613468,11.65486941092266,70.57057057057057,999
Random,43,38,29.838791670710467,5.628845792172904,71.89999999999999,1000
Random,43,39,33.167174032216614,6.684487984906396,73.1,1000
Random,43,40,25.975243109121553,4.713776311236774,72.2,1000
Random,43,41,30.015740472399987,5.897671501205903,72.39999999999999,1000
Random,43,42,27.694376100541888,11.51514036909486,70.47047047047047,999
Random,43,43,29.83830546418445,4.870094293708085,72.0,1000
Random,43,44,25.75791668349477,4.527977160430914,71.5,1000
Random,43,45,28.902971237226016,5.469965736229284,72.7,1000
Random,43,46,25.7815640114752,4.274671701333998,70.19999999999999,1000
Random,43,47,26.949209364450663,4.5282020218868935,70.19999999999999,1000
Random,43,48,26.16665795227846,4.219420695893633,71.39999999999999,1000
Random,43,49,27.137544290308018,4.385401511692598,73.4,1000
Random,43,50,28.19842707972794,5.2068783344495015,69.3,1000
Random,43,51,27.009486389504733,11.489997672920223,74.67467467467468,999
Random,43,52,27.47868763946693,5.256537542520318,73.1,1000
Random,43,53,28.096850938596006,5.556086157547003,76.1,1000
Random,43,54,30.545016073931883,7.168713866195147,73.1,1000
Random,43,55,26.563113412968953,4.116891224891226,69.6,1000
Random,43,56,27.121026442099712,4.385041336723088,72.7,1000
Random,43,57,25.897969128888807,4.200926576200791,73.1,1000
Random,43,58,27.91439256179728,6.336760620066912,71.0,1000
Random,43,59,26.561240372570975,4.99407656370839,72.0,1000
Random,43,60,29.081259108431848,4.711369954807034,71.2,1000
Random,43,61,24.74257352475816,4.954294352881667,69.89999999999999,1000
Random,43,62,32.19393292618294,8.035589124156004,70.19999999999999,1000
Random,43,63,27.48159634579376,4.630560623215588,72.0,1000
Random,43,64,24.074368239189738,11.584970918157081,71.57157157157157,999
Random,43,65,34.58135600545364,11.065519247849418,72.39999999999999,1000
Random,43,66,27.207466106992467,4.845164352461917,69.8,1000
Random,43,67,26.934809191053006,5.634026949703019,73.2,1000
Random,43,68,27.891156047367218,5.487534928761956,73.5,1000
Random,43,69,27.62354468551068,5.0577031043884855,73.1,1000
Random,43,70,28.631097572569683,4.691156201624971,72.0,1000
Random,43,71,29.02544792218758,5.03880105328279,69.8,1000
Random,43,72,24.917848647669498,4.08020813441656,72.0,1000
Random,43,73,27.810339201139367,5.150041423173845,70.89999999999999,1000
Random,43,74,25.687174540573782,6.870822146725238,73.0,1000
Random,43,75,27.781864277490662,5.629845903689351,71.2,1000
Random,43,76,28.73675704018566,4.696705922273335,73.3,1000
Random,43,77,34.525324309176895,8.606520350543882,73.8,1000
Random,43,78,31.153498924443323,4.5566854374538615,72.1,1000
Random,43,79,27.55859008258371,11.648495528953875,72.37237237237237,999
Random,43,80,24.994683262839843,4.520149986725077,72.89999999999999,1000
Random,43,81,28.062759614804392,4.312372771764018,71.39999999999999,1000
Random,43,82,27.259118873052465,5.732440915156314,71.7,1000
Random,43,83,28.94739591617601,5.983314997951177,70.3,1000
Random,43,84,29.045831829955066,6.00425615344896,75.3,1000
Random,43,85,29.456001233865223,11.70860247232691,69.36936936936937,999
Random,43,86,28.360151366839645,4.5718745223059996,73.8,1000
Random,43,87,26.351537299239048,6.064090951729294,73.9,1000
Random,43,88,26.790032979482266,4.610654849368382,71.7,1000
Random,43,89,26.749125892657712,4.609571801157853,73.0,1000
Random,43,90,33.073323305807016,5.160607152915636,72.8,1000
Random,43,91,35.05949956839891,7.958153584910204,71.39999999999999,1000
Random,43,92,27.047272389793616,6.028097558550772,70.19999999999999,1000
Random,43,93,30.033591916134622,11.330185649452334,69.76976976976978,999
Random,43,94,25.325760961072064,4.505647283848546,73.4,1000
Random,43,95,31.282643485525277,8.597945501065633,69.6,1000
Random,43,96,28.896970605226684,11.31702820265073,73.67367367367368,999
Random,43,97,25.868513358219197,11.640002238136328,72.47247247247248,999
Random,43,98,31.448889829186626,7.472550712628992,73.3,1000
Random,43,99,31.418875223078317,11.508846269874834,71.27127127127127,999
Random,43,100,26.16937198779585,4.591701847870947,73.7,1000
Random,43,101,27.378219309027337,4.842820593556266,72.6,1000
Random,43,102,28.451943252042025,4.738739609221733,71.3,1000
Random,43,103,30.94535308438933,11.599852836156812,70.67067067067066,999
Random,43,104,29.108925883084712,4.856861600201705,72.89999999999999,1000
Random,43,105,25.02246058221264,11.35897725727939,71.17117117117117,999
Random,43,106,30.202729277639943,4.661459819992644,69.6,1000
Random,43,107,27.140664754202685,4.923940010724288,71.5,1000
Random,43,108,28.235552007425614,4.285348703290253,70.19999999999999,1000
Random,43,109,28.197119392809388,4.3271148129074035,70.19999999999999,1000
Random,43,110,27.43502213952137,11.527258321350491,73.57357357357357,999
Random,43,111,28.522610476644434,7.104418023189471,69.5,1000
Random,43,112,28.052387706087742,4.896316622484884,73.5,1000
Random,43,113,27.69760854839997,5.845222756235349,72.5,1000
Random,43,114,32.465806296252126,6.103237101148459,72.2,1000
Random,43,115,29.53868384178373,7.519384907087395,72.6,1000
Random,43,116,28.876613872797734,11.633378906611027,71.87187187187187,999
Random,43,117,32.48442525240321,8.176545719229532,71.5,1000
Random,43,118,32.967403136782075,9.512737367861194,71.3,1000
Random,43,119,30.25019764008347,7.243655941972572,72.7,1000
Random,43,120,27.080845920425816,4.414707804581613,70.89999999999999,1000
Random,43,121,30.477580246071707,8.043880737140238,69.69999999999999,1000
Random,43,122,34.62549030234416,11.580301114815772,72.57257257257257,999
Random,43,123,28.100893799541357,5.760931493187329,72.1,1000
Random,43,124,27.003123785170168,4.670581368210529,72.5,1000
Random,43,125,27.52138061350475,5.118745806038462,72.2,1000
Random,43,126,34.080603719128284,6.343278184135839,70.1,1000
Random,43,127,29.49656758316146,4.500203394126674,69.5,1000
Random,43,128,28.478676140570705,4.381427592576085,72.89999999999999,1000
Random,43,129,29.647640231971906,11.369229355425098,71.34268537074149,998
Random,43,130,28.41084462617845,4.23453004843245,70.0,1000
Random,43,131,27.873351672450948,4.493943876562761,72.2,1000
Random,43,132,28.704517153073713,4.52780762737979,73.5,1000
Random,43,133,27.886688489390572,5.304460705970144,69.8,1000
Random,43,134,27.48224453173929,4.35127311924303,73.8,1000
Random,43,135,32.202074633519146,5.5786535593866775,71.89999999999999,1000
Random,43,136,27.425118755225444,6.322747907379073,71.7,1000
Random,43,137,31.17657371846134,8.223579614799117,72.39999999999999,1000
Random,43,138,30.448658918478998,11.549201884533433,69.86986986986987,999
Random,43,139,27.493743572321662,4.367925635000276,71.7,1000
Random,43,140,27.762075505635497,6.1779339491496,71.2,1000
Random,43,141,32.140128192625184,9.67585513818176,73.8,1000
Random,43,142,24.693732689803575,4.446825742301555,73.9,1000
Random,43,143,29.037471205275516,4.9164394445652135,73.6,1000
Random,43,144,28.254481137312982,4.302989051784147,71.8,1000
Random,43,145,29.159305176599926,4.78835229659523,68.2,1000
Random,43,146,25.978295525639748,4.3737554571327975,71.0,1000
Random,43,147,25.937813386127235,4.551849614190187,74.6,1000
Random,43,148,29.595141520580547,5.065012277881284,71.2,1000
Random,43,149,31.811919678629494,11.497695974581886,70.17017017017017,999
Random,43,150,27.03884382071513,5.236537926953852,71.8,1000
Random,43,151,25.283249073764512,4.387599903298109,73.6,1000
Random,43,152,29.063530763846224,11.481374298632575,70.27027027027027,999
Random,43,153,27.39613896679689,5.066797627518751,71.89999999999999,1000
Random,43,154,31.31983185443705,4.957666399164827,73.5,1000
Random,43,155,30.728827223746258,5.064074266498782,72.5,1000
Random,43,156,27.239525324982235,4.493952121331195,70.89999999999999,1000
Random,43,157,31.461615079766258,5.464220115754198,72.6,1000
Random,43,158,27.021730429130454,4.337998144738515,72.1,1000
Random,43,159,26.049241991803658,4.717313613084025,72.8,1000
Random,43,160,26.838888510048083,4.267942133950243,72.39999999999999,1000
Random,43,161,34.68314008640139,9.279227234110538,70.39999999999999,1000
Random,43,162,27.482923209718827,4.567207549142233,71.5,1000
Random,43,163,26.727252767256847,4.44473414027337,69.89999999999999,1000
Random,43,164,27.239707450519827,4.981476917720076,69.1,1000
Random,43,165,26.624640692192507,4.592868512712542,71.3,1000
Random,43,166,26.73800992763174,4.3729691059096565,74.1,1000
Random,43,167,26.803872928704756,7.953964967253502,73.5,1000
Random,43,168,32.17458016820121,7.377773058481392,71.1,1000
Random,43,169,28.083507773016755,6.486724434590273,69.0,1000
Random,43,170,27.797079619668082,4.943961965166126,72.2,1000
Random,43,171,28.19959868271123,6.569018937215161,73.3,1000
Random,43,172,28.940188637085473,4.4276790001389035,70.5,1000
Random,43,173,31.723429166431657,7.96482395722563,73.5,1000
Random,43,174,32.03207075127495,8.544282749264179,71.6,1000
Random,43,175,29.24225892924067,6.31644532157861,71.89999999999999,1000
Random,43,176,28.83963185005702,8.695089014733288,71.3,1000
Random,43,177,26.343385203853906,5.21569164269655,71.8,1000
Random,43,178,29.3945873829449,7.365577057937767,71.89999999999999,1000
Random,43,179,29.222925868760736,5.076325012480647,69.6,1000
Random,43,180,26.8605646522182,4.109324633880812,73.0,1000
Random,43,181,27.87719306314182,6.011642873167572,71.5,1000
Random,43,182,32.016636430599526,9.850765620587591,72.0,1000
Random,43,183,28.228995885525517,5.420567114929106,74.1,1000
Random,43,184,28.675817860503827,5.570354947511482,71.5,1000
Random,43,185,27.11435480949296,4.643717134819046,72.2,1000
Random,43,186,27.462393305309096,4.71250951737301,69.6,1000
Random,43,187,31.55700972056962,6.1989442076566394,71.8,1000
Random,43,188,27.2672044998197,5.081908969951111,71.5,1000
Random,43,189,32.02482056499369,9.492523265130663,71.8,1000
Random,43,190,29.531257151898302,11.104856550031228,72.3,1000
Random,43,191,29.168110649598137,11.431507555256882,71.87187187187187,999
Random,43,192,31.009184922911377,11.588580744382337,70.57057057057057,999
Random,43,193,26.946235490631313,4.919518244871649,73.4,1000
Random,43,194,26.4198922413108,6.23321875989655,73.0,1000
Random,43,195,34.54854528276382,9.548077112067814,72.7,1000
Random,43,196,27.776993913013133,4.780344186972226,70.89999999999999,1000
Random,43,197,29.363482199863054,6.284199219354232,74.9,1000
Random,43,198,28.20948253815922,5.932089752625632,70.5,1000
Random,43,199,34.709385813491885,8.185933169537202,70.39999999999999,1000
Random,44,0,35.62109613532684,10.964170226167708,71.5,1000
Random,44,1,28.131901398252566,4.23208502020326,72.5,1000
Random,44,2,30.948394678030027,7.460382132232828,70.5,1000
Random,44,3,27.256154410508916,11.4865426891041,75.07507507507508,999
Random,44,4,32.7432968388674,8.951311730939214,70.89999999999999,1000
Random,44,5,27.35347250236534,5.664886021787715,74.2,1000
Random,44,6,26.073722039467505,11.627589207382115,68.56856856856857,999
Random,44,7,26.40680401626054,4.240046813344289,72.1,1000
Random,44,8,30.880888650309405,5.016532852901997,70.39999999999999,1000
Random,44,9,27.371841774491415,4.494265108061332,73.5,1000
Random,44,10,30.543220890147445,5.391090211119117,71.1,1000
Random,44,11,28.355474553121656,7.200166884481864,70.8,1000
Random,44,12,25.53953422359444,4.317167731627594,73.8,1000
Random,44,13,31.228762808867092,5.356373724159429,71.89999999999999,1000
Random,44,14,29.352921617279467,5.042191205207577,72.0,1000
Random,44,15,32.64918187978788,11.582125344407505,73.57357357357357,999
Random,44,16,30.590694655233282,5.539497935180818,71.5,1000
Random,44,17,29.26115866129458,7.414247405353386,71.6,1000
Random,44,18,34.55481670668639,6.790902842170179,73.3,1000
Random,44,19,26.625188569494345,4.953110977670418,72.8,1000
Random,44,20,25.816922143110478,4.3656256850456625,72.89999999999999,1000
Random,44,21,27.405156709764473,11.423925049258843,69.76976976976978,999
Random,44,22,24.955291631955987,4.269084473284372,72.3,1000
Random,44,23,29.133132668215428,11.60952361687835,72.07207207207207,999
Random,44,24,25.24723555087397,4.350391501011813,73.0,1000
Random,44,25,25.555098974865118,4.590661656490663,72.5,1000
Random,44,26,27.20677163469598,5.1056198979927485,74.0,1000
Random,44,27,28.300051214303785,4.5069837692472765,70.6,1000
Random,44,28,26.554244034130832,5.018802293401334,73.8,1000
Random,44,29,25.783948905120177,4.792000382945393,68.8,1000
Random,44,30,24.31023844588023,4.3476267592785085,71.0,1000
Random,44,31,26.084959859064636,4.37371870364903,72.6,1000
Random,44,32,25.88893749952008,4.445193843299331,72.6,1000
Random,44,33,28.83569852245975,8.614859933890987,74.3,1000
Random,44,34,26.612799223914468,5.053193284815533,71.1,1000
Random,44,35,26.167638604591687,4.792785057090899,74.8,1000
Random,44,36,29.371124694007055,8.310387869791034,73.5,1000
Random,44,37,29.76905512068025,5.7066019688489185,70.3,1000
Random,44,38,28.80875577832947,5.047254893031618,72.39999999999999,1000
Random,44,39,26.487215793173018,4.6026940443855455,73.1,1000
Random,44,40,31.92954497014039,10.653180602723122,72.39999999999999,1000
Random,44,41,28.187457124379485,4.489170703172197,73.9,1000
Random,44,42,29.165997671935525,6.781879158911216,73.1,1000
Random,44,43,29.56759726325412,9.424563162470784,72.2,1000
Random,44,44,27.658704569962204,5.028185008770023,72.6,1000
Random,44,45,31.691041642018828,9.725967562458672,68.7,1000
Random,44,46,26.403324290207387,4.755744611566452,73.3,1000
Random,44,47,26.960529267452124,4.904577736547096,70.89999999999999,1000
Random,44,48,30.094092514714667,9.063433022574326,71.2,1000
Random,44,49,26.239031567279376,4.11548949222698,72.89999999999999,1000
Random,44,50,25.129717351038543,4.596584242485163,74.4,1000
Random,44,51,32.19751092776426,10.591847913972156,72.6,1000
Random,44,52,27.157799214023765,4.824169762932732,72.2,1000
Random,44,53,23.87821652935633,4.56868101812419,72.89999999999999,1000
Random,44,54,25.43625505303371,4.209689725242192,72.2,1000
Random,44,55,27.312809145882625,4.479348240324191,72.2,1000
Random,44,56,28.541500557040717,4.830524902308912,70.7,1000
Random,44,57,29.916796195594173,5.68155493177165,72.6,1000
Random,44,58,27.357241148689948,4.732293841121087,73.8,1000
Random,44,59,28.778812786884888,6.316423345596786,73.0,1000
Random,44,60,26.339179480075735,4.958833054000392,71.1,1000
Random,44,61,28.44262747841854,4.333461104193186,72.39999999999999,1000
Random,44,62,25.293263376548502,4.434326132504046,71.39999999999999,1000
Random,44,63,29.113373814113494,6.112682757144723,71.39999999999999,1000
Random,44,64,27.400384982945763,4.599214688433042,71.1,1000
Random,44,65,26.6794786021936,4.48175185022194,72.3,1000
Random,44,66,27.67848847732314,6.218526352343067,71.89999999999999,1000
Random,44,67,27.70142812186441,4.559695063244891,73.3,1000
Random,44,68,25.348844587446926,4.468840825768438,75.7,1000
Random,44,69,29.289763742677422,5.4836905241208775,72.2,1000
Random,44,70,27.156609578525266,4.96537816764818,73.9,1000
Random,44,71,31.43688298364991,7.845247974075387,70.5,1000
Random,44,72,28.065961070484438,4.863124121544889,71.7,1000
Random,44,73,28.216404085875578,5.806083746610653,73.3,1000
Random,44,74,25.45247315591399,3.9171009886992243,73.7,1000
Random,44,75,27.535643656414432,5.921268896948363,71.6,1000
Random,44,76,26.88604379465277,4.895303217736964,72.3,1000
Random,44,77,27.602985895772445,11.706294715255725,70.37037037037037,999
Random,44,78,30.67212649207735,4.717231871405155,67.9,1000
Random,44,79,33.50781439598939,10.358760727354117,73.0,1000
Random,44,80,28.323367304594907,4.9043397327463145,70.1,1000
Random,44,81,27.245506921420812,11.559324005785284,74.07407407407408,999
Random,44,82,29.933038359707837,11.751822308023007,75.27527527527528,999
Random,44,83,29.182102357149315,4.951692413753919,73.8,1000
Random,44,84,27.55450710295603,5.7718282931999365,72.6,1000
Random,44,85,25.336430744263055,11.591777221217656,73.17317317317318,999
Random,44,86,25.672931356749658,4.357006020978565,75.4,1000
Random,44,87,27.82387825744723,4.508755846100385,72.7,1000
Random,44,88,25.42659927801059,4.507237245269099,69.89999999999999,1000
Random,44,89,26.99972367194715,5.509835944855489,74.2,1000
Random,44,90,30.62087434249205,6.0924156442942845,72.7,1000
Random,44,91,27.975225793166736,6.077330366417198,69.8,1000
Random,44,92,27.97890798033255,5.26830646930809,71.0,1000
Random,44,93,29.304531529777634,6.2622685585804705,70.19999999999999,1000
Random,44,94,24.345696859607823,4.2517611934737864,72.7,1000
Random,44,95,30.77217511618616,7.66052770675981,71.7,1000
Random,44,96,26.05710974834579,5.896478834854205,72.89999999999999,1000
Random,44,97,26.934431279179037,4.592161149782461,72.7,1000
Random,44,98,28.801556300899975,4.484222246793668,73.5,1000
Random,44,99,25.846832554998734,4.307866900348504,72.2,1000
Random,44,100,30.256915903307515,4.4595085367298015,72.3,1000
Random,44,101,25.411211924247816,4.172678755537605,70.5,1000
Random,44,102,28.7725926576053,5.576123887271228,73.3,1000
Random,44,103,30.776848634758693,11.533071979586424,71.2,1000
Random,44,104,25.321823817416835,4.683271740125461,74.0,1000
Random,44,105,27.23222307261418,5.414908260783417,73.6,1000
Random,44,106,26.70427899797163,4.474395557263,71.1,1000
Random,44,107,30.048299858737597,4.35472057430872,68.7,1000
Random,44,108,27.91205030330181,5.537844571025093,72.8,1000
Random,44,109,26.85387880833798,5.434928598760678,71.5,1000
Random,44,110,29.857942833070915,6.359272828196685,74.4,1000
Random,44,111,25.941910067286653,11.754655359362864,70.87087087087087,999
Random,44,112,27.85130988018699,5.718719571895106,68.7,1000
Random,44,113,28.96562690831053,4.655015505870092,74.0,1000
Random,44,114,28.700042134205102,4.347916266118795,70.7,1000
Random,44,115,28.72694559510623,6.135909293972422,71.39999999999999,1000
Random,44,116,28.429795688942598,5.617414764530125,72.1,1000
Random,44,117,28.958043250032002,5.814588633894236,70.8,1000
Random,44,118,26.260573977189104,11.52948869597179,73.37337337337337,999
Random,44,119,26.501204416999762,5.011369882689276,73.9,1000
Random,44,120,24.67838139526167,4.293456367643678,71.0,1000
Random,44,121,29.312831308815973,4.838738782188744,73.6,1000
Random,44,122,28.891691520096085,5.033069554072162,71.3,1000
Random,44,123,28.25894217816543,4.7256904617166695,71.8,1000
Random,44,124,29.350762772529663,11.441991841228903,75.1,1000
Random,44,125,26.524308231253613,5.156978344915288,71.39999999999999,1000
Random,44,126,26.214788097906002,11.69490679280097,71.77177177177178,999
Random,44,127,26.051778543150395,5.67106214177647,73.9,1000
Random,44,128,28.29039283471866,5.874041916869859,72.8,1000
Random,44,129,28.756612161256214,7.892634828500076,71.3,1000
Random,44,130,27.522299128372897,8.132566604705294,73.3,1000
Random,44,131,30.01152737743945,6.487485907498539,71.89999999999999,1000
Random,44,132,28.366670563924206,5.851118009328802,70.8,1000
Random,44,133,32.06271543052352,6.202752957589199,69.6,1000
Random,44,134,29.53441594445354,5.941871918345519,73.1,1000
Random,44,135,28.752328145432525,11.74274777706912,72.97297297297297,999
Random,44,136,26.009246328827537,4.19132350251375,71.7,1000
Random,44,137,27.152484024200696,5.148050095243408,71.89999999999999,1000
Random,44,138,28.407925483010168,5.842799695030362,75.5,1000
Random,44,139,25.693728081431313,5.004654977802953,73.1,1000
Random,44,140,27.583280377164165,4.5928888343135394,71.89999999999999,1000
Random,44,141,27.486542485082342,6.753364718340828,71.89999999999999,1000
Random,44,142,28.406365128846897,6.047008472753238,72.5,1000
Random,44,143,32.17785623290416,5.988141797694889,72.39999999999999,1000
Random,44,144,27.86476410733223,4.955070081259877,72.39999999999999,1000
Random,44,145,32.625040629902145,8.139561602559311,69.8,1000
Random,44,146,27.33033430036061,4.551326438164989,70.5,1000
Random,44,147,26.86302955328758,5.037259599811383,73.9,1000
Random,44,148,29.623723726718353,5.455421559721225,73.3,1000
Random,44,149,28.62327155438061,11.438514238939744,74.87487487487488,999
Random,44,150,28.090225476712266,4.374892057034607,74.4,1000
Random,44,151,27.28128955296682,5.265961834687143,71.5,1000
Random,44,152,28.660729700192547,5.6504019119588795,73.1,1000
Random,44,153,26.5538895382809,4.516778431534433,73.1,1000
Random,44,154,25.84794798289605,11.472071959291531,72.57257257257257,999
Random,44,155,30.952123259381242,6.833550970961368,72.7,1000
Random,44,156,31.185639152709058,4.347307118416968,71.0,1000
Random,44,157,31.948290207835708,7.617453068639199,73.1,1000
Random,44,158,29.6456428168811,5.536792317362581,71.5,1000
Random,44,159,26.73778815637884,5.662354010610046,75.1,1000
Random,44,160,26.639189943341783,4.686966987863199,73.4,1000
Random,44,161,29.489352720750773,6.247352764636472,71.5,1000
Random,44,162,30.388803798415033,6.324686229896081,71.89999999999999,1000
Random,44,163,27.60509950458087,4.4505291518594925,70.0,1000
Random,44,164,25.371580707186666,4.554629261478003,72.0,1000
Random,44,165,28.109179788872677,5.5306618877343015,70.8,1000
Random,44,166,28.670060515357537,5.055924999851774,69.8,1000
Random,44,167,34.07880069262166,9.972656800279312,73.7,1000
Random,44,168,27.58142413268961,4.46932362797664,73.4,1000
Random,44,169,27.06876603597414,4.491679701472824,71.8,1000
Random,44,170,32.592721252671396,7.214120485524501,71.2,1000
Random,44,171,27.598640041488053,5.064758056114443,71.6,1000
Random,44,172,30.42160005293473,11.577379001885092,72.57257257257257,999
Random,44,173,26.06079526070045,4.741068908727664,71.5,1000
Random,44,174,28.838654786653688,6.332061734195487,73.0,1000
Random,44,175,26.76182861478174,4.454624325840318,71.5,1000
Random,44,176,28.153123003470018,6.3089459509600845,74.4,1000
Random,44,177,27.1849376629081,4.655984840172181,73.1,1000
Random,44,178,27.105249529908562,4.636558347568062,71.8,1000
Random,44,179,25.501101501244026,4.57292806605946,71.2,1000
Random,44,180,30.568217097408517,9.306258682640816,72.8,1000
Random,44,181,28.08013356761899,11.545804324950712,74.67467467467468,999
Random,44,182,27.354377602073047,5.625037662002209,72.89999999999999,1000
Random,44,183,26.453332467597114,4.6443540949945525,73.1,1000
Random,44,184,31.7425847993668,6.294573492622908,72.2,1000
Random,44,185,26.176272797818545,4.480410258244993,71.8,1000
Random,44,186,31.21778715083427,11.503645268763682,71.07107107107107,999
Random,44,187,28.40943199088412,4.791403969016072,71.39999999999999,1000
Random,44,188,26.603984252098307,4.511988461394586,73.4,1000
Random,44,189,34.80950154598331,10.174250015661013,73.7,1000
Random,44,190,27.178139423977402,4.032648503448199,72.39999999999999,1000
Random,44,191,24.573818996800043,4.375793355441828,70.19999999999999,1000
Random,44,192,26.485792127955563,4.628730247474198,72.5,1000
Random,44,193,26.146661444452942,4.430112585286794,70.1,1000
Random,44,194,27.167977332324163,5.2535564996040405,71.39999999999999,1000
Random,44,195,27.505926953450405,5.331328276436873,72.8,1000
Random,44,196,27.47221522615725,5.352467069806903,68.7,1000
Random,44,197,30.418122437302802,7.978067420061147,74.8,1000
Random,44,198,28.889606109734,6.948906796249769,72.8,1000
Random,44,199,28.038848114514398,6.9979271269771495,72.8,1000
Random,45,0,26.940805617984722,4.2812844463742445,71.2,1000
Random,45,1,33.90750752988254,6.419831556483452,72.7,1000
Random,45,2,31.21379885114437,6.463604539586702,72.39999999999999,1000
Random,45,3,26.321539091679167,4.356749896549665,71.7,1000
Random,45,4,27.043028861016392,4.573001414823995,72.7,1000
Random,45,5,25.714020720494347,4.816383921081192,70.3,1000
Random,45,6,28.22394886976457,7.710077426444832,70.7,1000
Random,45,7,30.302034928645853,9.381033727240125,71.8,1000
Random,45,8,29.36136416214855,5.887391566484314,72.5,1000
Random,45,9,25.742082061215793,6.837004288890459,71.39999999999999,1000
Random,45,10,29.14846074565673,5.475727019381201,72.7,1000
Random,45,11,27.521425429070916,4.488278933183141,71.39999999999999,1000
Random,45,12,28.80523867739939,5.617452220332853,69.39999999999999,1000
Random,45,13,32.28550474558282,8.883284729026126,71.1,1000
Random,45,14,26.993169379853942,5.289875697916916,69.5,1000
Random,45,15,25.739021378071822,4.648145103352869,71.89999999999999,1000
Random,45,16,28.575588008826948,4.2969325112501116,71.3,1000
Random,45,17,27.86897793718712,5.187473891242993,73.2,1000
Random,45,18,31.165965179055444,7.567136908580698,70.19999999999999,1000
Random,45,19,29.0979086476136,6.853119569840333,71.89999999999999,1000
Random,45,20,27.079856571106145,4.1738160305279886,71.6,1000
Random,45,21,25.03331004946353,5.45896632127013,68.5,1000
Random,45,22,26.585714961597553,4.639226527759128,69.0,1000
Random,45,23,27.79949812158205,4.814801966960205,74.9,1000
Random,45,24,27.704567413550347,11.728282326327006,70.87087087087087,999
Random,45,25,26.25813067582705,5.278398586467914,74.2,1000
Random,45,26,26.785350242535042,4.368823338461105,73.0,1000
Random,45,27,30.716074786029676,5.930926940498813,70.3,1000
Random,45,28,31.542138562098117,6.158348322241307,70.5,1000
Random,45,29,28.109414945400314,4.876630215104645,71.5,1000
Random,45,30,25.961371678510783,4.734670555208516,72.3,1000
Random,45,31,26.768065068977972,4.537151003778969,71.3,1000
Random,45,32,27.860311946082735,4.523768096243353,69.89999999999999,1000
Random,45,33,27.7679520743134,4.580254318992808,70.7,1000
Random,45,34,33.989682910603406,4.9887096166519935,72.1,1000
Random,45,35,28.07932004691878,4.692313080362943,75.3,1000
Random,45,36,27.773584282157056,4.839804502043845,71.2,1000
Random,45,37,29.815785080265734,6.748608667855908,71.1,1000
Random,45,38,24.60227671477657,5.4690718405868655,72.1,1000
Random,45,39,31.9718911382716,6.788007915107373,67.2,1000
Random,45,40,27.57271485287974,6.842000694063495,72.7,1000
Random,45,41,30.561495484926123,6.14741978764019,73.7,1000
Random,45,42,30.617196670826683,6.6414970625984395,70.8,1000
Random,45,43,29.670316580618806,5.071503047761326,70.89999999999999,1000
Random,45,44,25.941807746063745,6.361521036589106,69.5,1000
Random,45,45,27.66259709643366,5.025490972708613,72.39999999999999,1000
Random,45,46,26.95411662388612,4.8963863324848935,72.7,1000
Random,45,47,25.54712455910503,11.748580290977634,72.57257257257257,999
Random,45,48,29.31168410649967,4.539603230782259,72.0,1000
Random,45,49,28.541539747943105,6.096449534050675,69.39999999999999,1000
Random,45,50,28.091146629517404,4.842168601964968,70.6,1000
Random,45,51,33.27558942331527,9.977858864467823,73.7,1000
Random,45,52,26.81093290421867,4.288599235755029,70.89999999999999,1000
Random,45,53,25.82219465449912,5.959456845111331,73.4,1000
Random,45,54,32.3255843983064,8.469568966499928,71.1,1000
Random,45,55,25.0246834055929,4.8926743931331576,70.1,1000
Random,45,56,31.941133892403712,8.532062277303158,72.5,1000
Random,45,57,30.92913350510736,5.160631132731668,70.0,1000
Random,45,58,28.588595607499823,5.525837984504861,70.89999999999999,1000
Random,45,59,31.707298642625215,9.491209845402826,69.89999999999999,1000
Random,45,60,25.24418848601596,4.541639967592928,72.0,1000
Random,45,61,28.705007150165628,6.084483753599474,72.89999999999999,1000
Random,45,62,27.184884053205224,4.3527435385734305,72.89999999999999,1000
Random,45,63,28.978884988048403,5.714190714752042,71.39999999999999,1000
Random,45,64,27.76829256371491,4.653012618392465,70.3,1000
Random,45,65,27.80800507756397,4.293156499994847,71.0,1000
Random,45,66,31.947239173338602,5.486241768128477,69.1,1000
Random,45,67,29.501904460644734,4.578489459987826,72.6,1000
Random,45,68,25.43212118400183,4.661681098046534,72.8,1000
Random,45,69,26.789618015637387,4.4752299105076485,72.6,1000
Random,45,70,31.640153101019422,7.124285272199674,70.6,1000
Random,45,71,26.952697907207455,4.23324230463025,73.5,1000
Random,45,72,26.16083672353504,12.049947916842724,72.17217217217218,999
Random,45,73,26.74173958326596,4.350315606822057,71.3,1000
Random,45,74,30.283961716203386,5.697448447408637,70.39999999999999,1000
Random,45,75,28.36088081848448,5.919094826668093,71.2,1000
Random,45,76,24.30562058430221,4.428809160350428,73.5,1000
Random,45,77,27.863062918394636,5.922667223487278,69.89999999999999,1000
Random,45,78,29.709102636876253,8.246817581517014,71.0,1000
Random,45,79,25.489474581438525,4.801395063125496,70.3,1000
Random,45,80,34.63703563139463,9.118219594641122,70.0,1000
Random,45,81,30.229361976723595,4.849742750708399,71.1,1000
Random,45,82,34.43373963445854,9.687641750757184,70.19999999999999,1000
Random,45,83,29.624726686270304,5.55097647908941,73.4,1000
Random,45,84,26.969799568543653,6.802213640339281,70.3,1000
Random,45,85,26.489700955738503,4.939131395024742,71.0,1000
Random,45,86,28.327771673296887,4.355134874099919,69.39999999999999,1000
Random,45,87,29.50284030431143,7.740584387481757,70.3,1000
Random,45,88,28.21200840011655,8.102240526808355,72.0,1000
Random,45,89,28.316447219784962,4.630977444868443,72.39999999999999,1000
Random,45,90,27.51301756005619,5.372817646136365,70.5,1000
Random,45,91,28.778641668243722,7.000559236454287,72.39999999999999,1000
Random,45,92,30.548165256849053,9.382318744247897,71.1,1000
Random,45,93,29.028570114087525,7.5174772460377195,71.2,1000
Random,45,94,29.59416602944658,6.072375729071501,72.0,1000
Random,45,95,25.08213293542785,11.615784733299122,72.57257257257257,999
Random,45,96,28.003518500058526,5.259507772055228,70.39999999999999,1000
Random,45,97,26.260019508063927,4.266536068504937,69.89999999999999,1000
Random,45,98,29.934826478327018,5.247871317198989,71.39999999999999,1000
Random,45,99,29.560936639295097,9.001611812912836,68.30000000000001,1000
Random,45,100,28.1117407344069,4.749131696604543,73.1,1000
Random,45,101,26.03987027138204,4.807777516749376,70.6,1000
Random,45,102,28.405981228799043,7.32348536939803,70.6,1000
Random,45,103,29.325736829853174,4.876518572395345,71.6,1000
Random,45,104,24.443556515159532,4.605117455609114,73.1,1000
Random,45,105,25.020417641961433,4.293102231332283,69.1,1000
Random,45,106,26.70479242520453,4.753775875011511,71.8,1000
Random,45,107,27.137982236083,4.868607854883481,73.1,1000
Random,45,108,26.097969263392457,4.33699191068842,74.9,1000
Random,45,109,27.38404469329834,4.4470305832337385,71.39999999999999,1000
Random,45,110,30.785735191243592,8.300168054326555,72.2,1000
Random,45,111,29.71443898604714,6.860795720875038,70.3,1000
Random,45,112,30.92154426246752,7.191950019715209,72.7,1000
Random,45,113,29.613493844150323,6.741241021354121,70.5,1000
Random,45,114,28.549796529953365,4.769056389319808,69.19999999999999,1000
Random,45,115,30.024735173928548,11.726276805254093,70.04008016032064,998
Random,45,116,25.91791546966389,11.6315325941605,70.07007007007007,999
Random,45,117,28.981038324939085,6.293658325192681,71.2,1000
Random,45,118,27.790942499430756,4.431785234087736,69.3,1000
Random,45,119,30.138105751574884,6.035598209407285,71.1,1000
Random,45,120,26.402635580249598,5.679096263472619,72.3,1000
Random,45,121,29.193025535227676,6.350631041886227,71.5,1000
Random,45,122,29.54828192249417,5.220493859283161,71.2,1000
Random,45,123,28.9584670790752,6.462016762215628,73.6,1000
Random,45,124,28.73949806595828,5.4357547358858085,72.5,1000
Random,45,125,29.47699201438939,9.816274748056744,71.89999999999999,1000
Random,45,126,26.736456271590825,6.1546719561060925,72.39999999999999,1000
Random,45,127,30.27953385808577,9.916555855633774,73.0,1000
Random,45,128,32.05530530067456,8.47290588633254,70.5,1000
Random,45,129,27.202327245313544,5.00760042448207,72.1,1000
Random,45,130,27.0112001286334,4.952847544346073,72.6,1000
Random,45,131,29.01515268626966,4.540536294239084,72.7,1000
Random,45,132,35.78147910257367,10.185429584253479,71.5,1000
Random,45,133,29.534426761641207,5.672911972448286,71.2,1000
Random,45,134,27.70314900077503,5.068077894359495,69.6,1000
Random,45,135,25.21790145728636,4.57353840830749,72.2,1000
Random,45,136,28.26152601891118,6.80222059371423,68.4,1000
Random,45,137,30.09224595547028,4.475021204847563,71.89999999999999,1000
Random,45,138,32.14202022407427,8.932886962381708,72.2,1000
Random,45,139,30.049487593316666,6.621058989197559,70.89999999999999,1000
Random,45,140,30.080248953943233,8.22198453438773,72.39999999999999,1000
Random,45,141,25.611588550252353,4.429470472394891,71.8,1000
Random,45,142,27.528083920902542,11.903037822211392,70.74148296593187,998
Random,45,143,26.033383427802715,5.699380742283894,73.3,1000
Random,45,144,27.769138066968132,6.536271707118236,72.8,1000
Random,45,145,29.69564969141012,7.018515307845097,70.39999999999999,1000
Random,45,146,31.36876042366419,7.094662634992557,71.8,1000
Random,45,147,25.33254606206239,4.329898670523226,71.3,1000
Random,45,148,26.711149819934352,11.66847441556094,70.87087087087087,999
Random,45,149,28.21022748164052,6.643452831143303,68.8,1000
Random,45,150,28.28907874259525,4.922499065859484,69.19999999999999,1000
Random,45,151,32.66205362804439,6.543008279350625,71.2,1000
Random,45,152,31.594214101542043,6.741068190120771,69.39999999999999,1000
Random,45,153,27.33496158212221,5.750277588642586,71.5,1000
Random,45,154,26.231292937601662,4.40293654300513,70.5,1000
Random,45,155,29.87820169027816,7.056090237186528,69.0,1000
Random,45,156,26.649804259912838,4.333757861991673,73.1,1000
Random,45,157,25.93650474735844,4.37406374031034,71.1,1000
Random,45,158,25.33399590265553,4.355719205362649,71.6,1000
Random,45,159,26.67085986231422,4.569566113071638,71.8,1000
Random,45,160,32.0147745236153,6.488065531232845,71.39999999999999,1000
Random,45,161,29.828303465338095,11.615603223920255,70.67067067067066,999
Random,45,162,32.027632122582766,11.699863998141952,69.66966966966966,999
Random,45,163,31.565113477452037,7.570855452881794,70.39999999999999,1000
Random,45,164,27.774289921756353,6.074983201978368,72.2,1000
Random,45,165,31.777410464678944,5.664120919237378,70.7,1000
Random,45,166,27.455125781917094,5.029494897735981,69.19999999999999,1000
Random,45,167,27.667722351945777,4.705383796500992,69.3,1000
Random,45,168,27.444482808595833,11.600195230652016,72.87287287287288,999
Random,45,169,33.386733048436454,9.799601649510993,71.8,1000
Random,45,170,25.959558851517123,5.063301007201045,70.8,1000
Random,45,171,28.390038671701877,4.446777079347115,72.39999999999999,1000
Random,45,172,32.9785099646057,6.513416449043124,71.39999999999999,1000
Random,45,173,25.368550785692594,4.993574811598624,71.6,1000
Random,45,174,26.16423159564075,6.42780268667743,72.6,1000
Random,45,175,26.848292389187737,4.221275380825585,72.0,1000
Random,45,176,28.71867723165857,4.91726520565439,70.0,1000
Random,45,177,25.815089725929024,4.47301924546717,72.2,1000
Random,45,178,29.35696647684662,7.028615340037575,72.6,1000
Random,45,179,28.214104581793265,11.717831891758648,70.47047047047047,999
Random,45,180,26.436753694045073,4.624378578644129,71.1,1000
Random,45,181,28.78982039099752,5.182741174106121,71.1,1000
Random,45,182,28.451765255497435,5.021633904404156,72.2,1000
Random,45,183,31.35230084919533,5.859900079243578,70.39999999999999,1000
Random,45,184,26.22749196318296,4.660040832977173,72.2,1000
Random,45,185,37.42844954823593,10.21917830444341,69.69999999999999,1000
Random,45,186,27.69678834687874,5.790163158045116,70.5,1000
Random,45,187,26.566252563804095,4.4217259456427,71.2,1000
Random,45,188,28.82706129510546,5.611306372677925,74.2,1000
Random,45,189,27.81669785238259,5.927827824556974,71.6,1000
Random,45,190,28.80895663738111,6.742366097902443,72.6,1000
Random,45,191,30.714347414005676,5.80185629210275,70.6,1000
Random,45,192,29.441451836110538,11.811950452226174,74.17417417417418,999
Random,45,193,31.108989481298345,6.190285836128969,73.6,1000
Random,45,194,24.903091451126905,5.428054136641304,71.1,1000
Random,45,195,30.899649317245544,7.7974841535489885,70.89999999999999,1000
Random,45,196,31.036388932563355,9.441085487855785,71.3,1000
Random,45,197,27.7398229172465,5.062022941682831,70.5,1000
Random,45,198,26.68614684076193,11.84708210300972,70.67067067067066,999
Random,45,199,30.788408718228492,6.229349036529659,70.5,1000
Random,46,0,23.15289575685498,4.101901348188461,71.5,1000
Random,46,1,28.80440498004227,8.225872980313506,74.2,1000
Random,46,2,27.913634087911362,4.983626971758293,72.89999999999999,1000
Random,46,3,29.79180443376533,5.659653018656834,76.5,1000
Random,46,4,27.56999916243264,4.67363178842249,73.1,1000
Random,46,5,27.166994733766494,7.076199263193014,76.0,1000
Random,46,6,26.63752310193768,4.534051943943142,73.6,1000
Random,46,7,26.152159748858846,11.488485068164733,75.17517517517518,999
Random,46,8,32.58120893916448,6.489374581926138,72.39999999999999,1000
Random,46,9,27.819926408394743,4.270242245051415,70.6,1000
Random,46,10,26.952615333127586,4.880305130721848,74.7,1000
Random,46,11,27.90118337113613,7.704107246428579,74.0,1000
Random,46,12,28.245211744581304,5.817202923208175,73.6,1000
Random,46,13,27.779095099973393,5.1305508420043955,72.39999999999999,1000
Random,46,14,24.113999152445256,4.643903395280965,72.7,1000
Random,46,15,23.440422756304688,4.262679246959369,73.8,1000
Random,46,16,33.2971502916942,7.215752613086953,71.5,1000
Random,46,17,27.724491009786377,5.428868685809212,72.3,1000
Random,46,18,28.706138915233517,5.512390569024377,72.1,1000
Random,46,19,25.973767283982053,4.5078338584798185,73.2,1000
Random,46,20,27.261707889194724,4.71897905619233,71.5,1000
Random,46,21,29.44554377356763,6.925959146055809,73.5,1000
Random,46,22,29.74082646087344,8.110334827861141,72.8,1000
Random,46,23,30.73724839294771,7.989615857104411,74.2,1000
Random,46,24,26.33083118253616,5.294372267902133,75.0,1000
Random,46,25,27.97123237949122,5.756574379450503,72.3,1000
Random,46,26,29.21381730494816,11.412300186264327,74.27427427427428,999
Random,46,27,28.88962876307495,6.387319341567705,73.0,1000
Random,46,28,29.45403710395094,8.241805763153124,73.0,1000
Random,46,29,26.882800635788765,4.65455672032158,73.8,1000
Random,46,30,28.648924353463478,4.2640101323350335,70.3,1000
Random,46,31,23.510308898210734,4.7187211936796665,74.4,1000
Random,46,32,26.56566357933568,11.548615682723694,72.97297297297297,999
Random,46,33,32.35895421412651,11.18695525377864,71.5,1000
Random,46,34,27.246523088806196,4.5142755252257185,73.3,1000
Random,46,35,26.697002704712528,4.686288042371741,71.0,1000
Random,46,36,24.238398086632714,4.894415302255611,74.6,1000
Random,46,37,26.385640262474922,5.0233306457275075,73.2,1000
Random,46,38,28.59773491320997,4.736888226363362,72.8,1000
Random,46,39,29.462673311018968,5.000404886623151,74.3,1000
Random,46,40,26.33770280994563,6.1814327237939075,74.0,1000
Random,46,41,27.403598039484216,5.240131402865515,75.9,1000
Random,46,42,27.353259630269488,4.573173718449377,70.8,1000
Random,46,43,25.15982602364188,4.738248406784824,73.4,1000
Random,46,44,27.51190918200676,4.605390440638495,70.7,1000
Random,46,45,27.825341238381863,5.37627780093866,74.2,1000
Random,46,46,27.6205124092482,4.518922752096564,75.9,1000
Random,46,47,26.833769607063726,4.608892585275159,72.3,1000
Random,46,48,27.943941768264594,5.636663009752812,74.8,1000
Random,46,49,31.914909375726463,5.7731669472970815,71.2,1000
Random,46,50,27.082072851527396,4.413060502388268,75.5,1000
Random,46,51,26.277721899121683,4.558381662071745,70.8,1000
Random,46,52,30.460506930586384,7.870229628982516,75.3,1000
Random,46,53,28.21720798933601,5.511908553958013,73.0,1000
Random,46,54,28.489197526875405,4.494236996887057,74.1,1000
Random,46,55,30.250424849683338,6.385848747110504,72.2,1000
Random,46,56,26.07724255161999,5.421825828123875,73.4,1000
Random,46,57,26.296180989516095,4.761799040255907,74.0,1000
Random,46,58,27.058483444985562,4.566262152607367,72.89999999999999,1000
Random,46,59,24.650916934352125,4.131151475745178,71.3,1000
Random,46,60,26.1681991766705,4.336946673435,76.3,1000
Random,46,61,37.221800220688976,10.362165104467136,71.2,1000
Random,46,62,25.87865084275929,4.576933331721444,72.6,1000
Random,46,63,28.79785182582175,9.834205874630191,72.0,1000
Random,46,64,25.37221332247334,4.655379335410789,72.39999999999999,1000
Random,46,65,25.58371650118155,4.203369654338166,73.3,1000
Random,46,66,31.224292663959613,7.16404270901844,72.6,1000
Random,46,67,29.494763744221117,6.897305392050379,72.1,1000
Random,46,68,27.268167097944488,5.301960559631106,74.5,1000
Random,46,69,28.68517022732147,4.801692458208652,71.2,1000
Random,46,70,27.717671408422706,5.693010299137491,73.0,1000
Random,46,71,26.185751729151082,4.527171848529719,73.7,1000
Random,46,72,28.870149085724297,4.8075368190484,73.0,1000
Random,46,73,29.602366240001572,5.903143672125545,71.89999999999999,1000
Random,46,74,30.24540343450721,7.280625352754189,73.8,1000
Random,46,75,24.994260021981077,4.430041112883888,73.6,1000
Random,46,76,29.382224730560228,7.555366668429423,71.39999999999999,1000
Random,46,77,28.66651469855995,7.404557082696454,71.1,1000
Random,46,78,28.850333837788288,4.412838424768271,72.0,1000
Random,46,79,28.865673739962453,7.596268244121549,71.89999999999999,1000
Random,46,80,26.506647098594033,4.188144697426033,73.1,1000
Random,46,81,26.942910214949567,9.335718968583553,71.6,1000
Random,46,82,24.646832067004187,4.132678019432048,72.1,1000
Random,46,83,25.710382121851975,5.095018885655056,73.6,1000
Random,46,84,28.78520611721261,5.750716175100317,73.2,1000
Random,46,85,26.06737372214575,4.136883471595367,72.8,1000
Random,46,86,27.464021968503562,4.6485303192837755,76.8,1000
Random,46,87,31.462625580197106,8.13050801233838,75.5,1000
Random,46,88,27.210572340893364,5.213566482206724,71.6,1000
Random,46,89,27.24094728610305,11.358599984955386,71.07107107107107,999
Random,46,90,27.60087004691993,4.521642374421483,72.8,1000
Random,46,91,34.628907381891985,11.406089540091042,74.77477477477478,999
Random,46,92,26.963355187486318,6.871251580962991,73.8,1000
Random,46,93,24.729860318591907,4.562680425101548,70.8,1000
Random,46,94,27.201234798719234,4.670044170007072,74.6,1000
Random,46,95,25.83035522979352,5.650816304241736,70.8,1000
Random,46,96,26.790515006199342,4.3154064892712745,72.0,1000
Random,46,97,26.007668955602824,11.459788829064092,72.07207207207207,999
Random,46,98,33.170328938675674,7.557424332793394,72.89999999999999,1000
Random,46,99,25.84545530656581,4.275527129512214,73.0,1000
Random,46,100,27.055339686421366,4.93213920613158,73.4,1000
Random,46,101,26.264123956162628,5.545683406368629,73.5,1000
Random,46,102,29.14202995988886,5.100873241771112,72.89999999999999,1000
Random,46,103,26.314691487902227,4.07110078997765,71.1,1000
Random,46,104,28.65460569597601,4.669779473932619,71.7,1000
Random,46,105,28.638322975826057,5.205221007162667,72.0,1000
Random,46,106,28.733000205948496,5.757221335785485,73.0,1000
Random,46,107,24.826662515185582,4.587992441985072,74.3,1000
Random,46,108,26.54372426154871,11.23966534309264,73.37337337337337,999
Random,46,109,24.742235570323494,4.449842268143677,72.2,1000
Random,46,110,26.700317838977803,5.456344889038258,72.3,1000
Random,46,111,27.50161723302364,5.94930027522994,73.6,1000
Random,46,112,28.321789338371577,6.711730175566537,75.6,1000
Random,46,113,31.423052832728104,8.044896114130257,71.7,1000
Random,46,114,32.518026480467235,9.06371845108131,73.8,1000
Random,46,115,29.232723393347857,5.4708841511878985,72.0,1000
Random,46,116,28.730014875017638,6.037448177893077,72.8,1000
Random,46,117,28.429547088488864,11.228997899869118,75.57557557557557,999
Random,46,118,25.755165533398404,11.442226506208819,72.77277277277278,999
Random,46,119,28.775199403427646,5.127910480024337,74.7,1000
Random,46,120,24.76892812306898,4.49050286824016,74.0,1000
Random,46,121,30.479647037007716,9.650373501502115,73.6,1000
Random,46,122,29.64617723799921,5.987745958430157,74.8,1000
Random,46,123,26.180175509364155,4.2885453460452645,75.1,1000
Random,46,124,26.295472279916098,6.66236745522822,74.1,1000
Random,46,125,26.848829355532168,4.877286255358194,71.3,1000
Random,46,126,26.315556478979165,4.680354233773302,75.8,1000
Random,46,127,28.097698209974062,6.241088559616862,70.39999999999999,1000
Random,46,128,24.910513676121198,4.533544007823588,75.3,1000
Random,46,129,26.440468991195115,4.217003699410871,70.89999999999999,1000
Random,46,130,26.494763148886282,4.971407388825871,74.2,1000
Random,46,131,27.644927298340683,5.291289786005425,72.3,1000
Random,46,132,31.075830233793173,8.183759479172888,74.5,1000
Random,46,133,25.98621745398995,4.235924480629823,72.39999999999999,1000
Random,46,134,25.59518216130598,4.3726638442042365,74.1,1000
Random,46,135,26.820260915207307,5.2458030707449534,72.1,1000
Random,46,136,28.312402906773436,6.454936719123327,72.3,1000
Random,46,137,26.138682025538223,4.812976764569913,72.5,1000
Random,46,138,30.42357949012293,7.942572478578138,75.5,1000
Random,46,139,25.301920993813276,4.501134994681055,72.8,1000
Random,46,140,29.50036115716637,7.884132459816204,72.7,1000
Random,46,141,26.861887905471807,5.045178858203018,74.4,1000
Random,46,142,29.235389997961768,11.303012798849238,71.67167167167166,999
Random,46,143,25.373475055915303,4.91141138197206,71.5,1000
Random,46,144,31.32878913464873,9.925083707759034,73.1,1000
Random,46,145,29.67025324708269,6.216908311261928,73.8,1000
Random,46,146,28.235008831734973,4.465565969521441,72.2,1000
Random,46,147,29.88861164841157,6.0400219702579765,71.5,1000
Random,46,148,28.443950808387722,4.485668860397843,74.1,1000
Random,46,149,28.1107225438562,6.326281015314979,72.5,1000
Random,46,150,23.08060139480158,4.726591201899592,72.6,1000
Random,46,151,26.088723015390613,4.54748381990701,71.2,1000
Random,46,152,29.699390126922918,5.622810859107374,72.3,1000
Random,46,153,30.32310714267163,6.321960233045581,73.2,1000
Random,46,154,29.965118322450408,4.567840617528621,74.0,1000
Random,46,155,24.270171537860307,4.1797335031856475,73.5,1000
Random,46,156,27.533981708401967,4.531239091375383,72.6,1000
Random,46,157,26.71423464535168,4.750082089221308,71.8,1000
Random,46,158,28.32949816185611,4.922876411171388,72.6,1000
Random,46,159,27.276516147063187,4.61693647836892,75.3,1000
Random,46,160,27.323917793605986,5.3763228186339775,74.5,1000
Random,46,161,27.962995572035243,4.512972536717756,72.7,1000
Random,46,162,28.24515092105281,6.2099695240734265,74.0,1000
Random,46,163,33.66995380295455,10.199169525029111,74.9,1000
Random,46,164,32.476405207600365,11.444109589871664,74.47447447447448,999
Random,46,165,26.44487947576689,4.496230563791373,70.0,1000
Random,46,166,26.048706669342117,11.37294097221378,73.37337337337337,999
Random,46,167,29.05645898606012,6.736452235463244,74.8,1000
Random,46,168,27.845373599177293,5.869688777680742,73.3,1000
Random,46,169,28.445949070843852,4.580144157159921,75.2,1000
Random,46,170,32.2747926579103,5.747806842871973,72.2,1000
Random,46,171,31.407725633545542,9.0830752871038,73.5,1000
Random,46,172,28.177784942802777,4.272230673900394,73.7,1000
Random,46,173,26.645856268953175,4.862388865380479,72.3,1000
Random,46,174,28.073369067407107,4.6850662659354345,72.89999999999999,1000
Random,46,175,26.851397328780447,4.329498021042499,72.3,1000
Random,46,176,25.415505462220075,5.377649029773119,71.6,1000
Random,46,177,26.635266381224604,4.991554665600376,74.8,1000
Random,46,178,26.74747180329793,4.4756532060058385,75.0,1000
Random,46,179,28.249427010364393,6.281221011079657,71.5,1000
Random,46,180,26.013537840125206,4.674597190948664,74.7,1000
Random,46,181,32.118767242501875,7.797347459739415,76.2,1000
Random,46,182,26.942887697164938,5.4316946510968,70.89999999999999,1000
Random,46,183,28.97372767702901,5.1572703641690465,73.6,1000
Random,46,184,25.280044873615065,5.1024740026872895,74.4,1000
Random,46,185,25.150674054245947,4.5134597755614285,71.5,1000
Random,46,186,25.741063426117858,4.382489152562442,73.1,1000
Random,46,187,27.070564508964083,4.907737720884778,72.3,1000
Random,46,188,27.517167965026623,4.491902482691117,71.7,1000
Random,46,189,26.52966004514935,5.544032436551264,72.5,1000
Random,46,190,28.369784976693445,4.278294780921025,74.0,1000
Random,46,191,25.210776433962742,6.553816634690867,76.9,1000
Random,46,192,28.16668605835936,7.230958615146505,72.6,1000
Random,46,193,26.912308136328743,4.271512821993177,73.2,1000
Random,46,194,25.831255598517288,4.222788392619537,72.89999999999999,1000
Random,46,195,30.502093080235518,5.556000007534845,74.6,1000
Random,46,196,29.874242711258464,8.708980475705111,73.0,1000
Random,46,197,30.162798042987358,6.292622209971787,73.0,1000
Random,46,198,25.14314301729273,4.397689103781306,73.6,1000
Random,46,199,31.261029413479932,6.423720225661901,74.8,1000
WeightedRR,42,0,21.312297056478556,4.661132238265615,83.2,1000
WeightedRR,42,1,20.414261022596076,4.5209713682374835,81.3,1000
WeightedRR,42,2,24.00796976235515,7.285774205807665,81.0,1000
WeightedRR,42,3,21.327627269583463,4.267526618042215,81.10000000000001,1000
WeightedRR,42,4,21.03007083202374,5.393724501613833,80.5,1000
WeightedRR,42,5,22.959747013876985,7.594579571106224,81.69999999999999,1000
WeightedRR,42,6,20.336735981601304,4.881569362497456,82.0,1000
WeightedRR,42,7,22.5753747577879,4.42035680834251,80.30000000000001,1000
WeightedRR,42,8,25.61616291139459,11.319137735069253,83.2,1000
WeightedRR,42,9,22.955370766983652,10.499177662721113,82.1,1000
WeightedRR,42,10,20.480687719100686,4.471723053099341,79.7,1000
WeightedRR,42,11,21.73572645930627,4.774626711029063,80.7,1000
WeightedRR,42,12,22.37803388239853,4.304543840275925,84.6,1000
WeightedRR,42,13,21.69313728438598,4.429252785079613,81.39999999999999,1000
WeightedRR,42,14,22.412153563686697,5.208440357042412,81.8,1000
WeightedRR,42,15,21.084031766298956,4.342150738148334,82.6,1000
WeightedRR,42,16,21.352650869849445,4.230716037756205,83.2,1000
WeightedRR,42,17,21.081731689320492,4.409977229274899,84.0,1000
WeightedRR,42,18,23.661864938276544,5.102477087936696,81.10000000000001,1000
WeightedRR,42,19,19.171140977758316,4.446886128337426,80.10000000000001,1000
WeightedRR,42,20,23.225473084548547,5.321650239420996,82.8,1000
WeightedRR,42,21,21.53192626860123,4.46020565863023,82.3,1000
WeightedRR,42,22,21.815999657401253,4.951996026749078,81.69999999999999,1000
WeightedRR,42,23,21.028917494873067,4.734310381015599,81.2,1000
WeightedRR,42,24,21.203733161298107,4.379018341929467,79.5,1000
WeightedRR,42,25,22.280053475253933,4.544674093280321,82.5,1000
WeightedRR,42,26,22.45075417348589,5.603180190336211,81.39999999999999,1000
WeightedRR,42,27,20.740576747711625,4.6377486976504105,82.3,1000
WeightedRR,42,28,19.541943081493216,4.0982445586872185,80.5,1000
WeightedRR,42,29,22.965581491659467,7.14020007719652,80.4,1000
WeightedRR,42,30,20.790611074673055,4.167579458626269,82.19999999999999,1000
WeightedRR,42,31,21.921130362230556,4.562516427137316,83.89999999999999,1000
WeightedRR,42,32,19.61536595587685,5.013410065831696,81.69999999999999,1000
WeightedRR,42,33,21.585918995344024,4.2976422696282865,82.1,1000
WeightedRR,42,34,20.122200161877764,4.981781421615264,83.7,1000
WeightedRR,42,35,19.783528356060533,4.357035524511449,83.0,1000
WeightedRR,42,36,20.032909813876927,4.419784123335941,81.0,1000
WeightedRR,42,37,24.57509030133294,4.919936818451901,82.69999999999999,1000
WeightedRR,42,38,20.26152808115385,4.103148330120834,85.1,1000
WeightedRR,42,39,22.665857057923297,5.349799931141381,82.8,1000
WeightedRR,42,40,25.54343726580428,5.1072990376925596,82.3,1000
WeightedRR,42,41,26.49276263131487,11.779865514243117,82.38238238238237,999
WeightedRR,42,42,21.281286783757206,4.550236300418155,81.10000000000001,1000
WeightedRR,42,43,21.528150989941118,4.3930832714905925,82.6,1000
WeightedRR,42,44,21.589468318791003,5.106574917976212,81.89999999999999,1000
WeightedRR,42,45,20.299808975949148,4.486969427136613,81.2,1000
WeightedRR,42,46,20.35567645133375,4.209501910297031,81.8,1000
WeightedRR,42,47,23.477527450797243,8.745016382549414,81.5,1000
WeightedRR,42,48,19.5629982625538,11.754140105246483,81.38138138138137,999
WeightedRR,42,49,21.72788778020766,4.466164026342874,81.2,1000
WeightedRR,42,50,21.32166486167586,4.326980154988341,81.5,1000
WeightedRR,42,51,22.02542541111247,4.284276845449432,82.8,1000
WeightedRR,42,52,20.236642550301227,4.196782262974099,80.9,1000
WeightedRR,42,53,21.70511450366138,4.482969148726016,83.0,1000
WeightedRR,42,54,21.55967736070461,5.159219617308133,83.7,1000
WeightedRR,42,55,21.52714873857945,4.381649396494608,82.3,1000
WeightedRR,42,56,20.850523261531137,5.192866559705222,80.60000000000001,1000
WeightedRR,42,57,20.973333728563855,4.215480736939511,83.0,1000
WeightedRR,42,58,21.50029251311632,4.216668502138404,81.2,1000
WeightedRR,42,59,23.40234418183239,7.113298712344031,81.6,1000
WeightedRR,42,60,21.488545631495327,5.0426566447460175,81.5,1000
WeightedRR,42,61,21.844015800035887,6.791953378774652,82.69999999999999,1000
WeightedRR,42,62,21.253452264783228,4.463783332532905,80.4,1000
WeightedRR,42,63,21.026151309251187,4.32398583105625,81.8,1000
WeightedRR,42,64,21.989323589801426,4.3515999826933,82.89999999999999,1000
WeightedRR,42,65,22.46365748748309,4.509547439813804,82.89999999999999,1000
WeightedRR,42,66,21.445679153988078,4.674275381979639,82.0,1000
WeightedRR,42,67,21.72362166722912,5.860732680997937,81.6,1000
WeightedRR,42,68,22.414972485828283,5.8161569656839855,83.39999999999999,1000
WeightedRR,42,69,21.934641711750977,5.880774590113252,84.0,1000
WeightedRR,42,70,23.10073277392063,6.436521834355007,80.80000000000001,1000
WeightedRR,42,71,21.530591503760423,4.8903661889526955,81.39999999999999,1000
WeightedRR,42,72,19.967754111458753,4.206068894061409,80.7,1000
WeightedRR,42,73,19.686177873465358,4.275018590477007,82.3,1000
WeightedRR,42,74,21.98000880283046,4.534620890834412,82.39999999999999,1000
WeightedRR,42,75,24.26109580461073,6.486295401429816,82.6,1000
WeightedRR,42,76,22.161643128456795,5.241200542992972,83.6,1000
WeightedRR,42,77,21.529498447059442,4.484220807987612,83.8,1000
WeightedRR,42,78,21.30786841289337,5.274348106948941,82.19999999999999,1000
WeightedRR,42,79,21.54035577503476,4.579402041639386,79.0,1000
WeightedRR,42,80,23.011517205439375,4.73461402209188,82.5,1000
WeightedRR,42,81,20.798617417000372,4.479967855110012,81.2,1000
WeightedRR,42,82,20.448326172805103,4.567860898500658,83.39999999999999,1000
WeightedRR,42,83,24.00916105947142,4.834187980442994,82.0,1000
WeightedRR,42,84,20.12466634118994,4.886639658354766,81.2,1000
WeightedRR,42,85,23.01240947185458,4.602048824043084,82.1,1000
WeightedRR,42,86,25.58909525588736,8.772475104895308,83.0,1000
WeightedRR,42,87,20.84027966927737,4.281239093970549,83.39999999999999,1000
WeightedRR,42,88,25.07360426314959,6.457843097111914,81.69999999999999,1000
WeightedRR,42,89,20.990517559641827,4.486561820010166,82.19999999999999,1000
WeightedRR,42,90,21.607845537816804,4.47537436017401,84.2,1000
WeightedRR,42,91,23.145790020104762,6.048442135283598,82.6,1000
WeightedRR,42,92,20.76645060375731,11.480935053000396,80.58058058058059,999
WeightedRR,42,93,21.586331136680013,4.5616198049428744,81.69999999999999,1000
WeightedRR,42,94,20.618268528888844,4.935793426449202,83.2,1000
WeightedRR,42,95,22.414743099903863,5.734666164515667,80.5,1000
WeightedRR,42,96,20.514318667811743,4.356124515882853,83.5,1000
WeightedRR,42,97,20.79090952856036,4.170487024624299,81.89999999999999,1000
WeightedRR,42,98,21.903734951979928,4.695937332908775,79.80000000000001,1000
WeightedRR,42,99,21.870055705791362,5.813490941141553,82.0,1000
WeightedRR,42,100,22.082750341676725,4.595945046334976,81.8,1000
WeightedRR,42,101,23.8421837362163,7.681617980490606,83.3,1000
WeightedRR,42,102,19.95702567433794,4.502839908346949,79.3,1000
WeightedRR,42,103,21.230240154745697,5.642137110818618,82.5,1000
WeightedRR,42,104,23.192796568848443,8.61960189006262,80.30000000000001,1000
WeightedRR,42,105,23.907744236216093,6.693815186266991,79.80000000000001,1000
WeightedRR,42,106,22.1679035222951,8.066095124692369,81.8,1000
WeightedRR,42,107,21.740836496164256,4.271571767315504,81.8,1000
WeightedRR,42,108,21.002948614088744,4.870210984594533,80.60000000000001,1000
WeightedRR,42,109,25.75816136675594,8.278320035150813,80.2,1000
WeightedRR,42,110,24.218588159702705,8.648403479124843,81.69999999999999,1000
WeightedRR,42,111,21.47361713256495,5.101065077041458,84.0,1000
WeightedRR,42,112,21.609945415584978,5.471231553344906,81.6,1000
WeightedRR,42,113,21.605898590880614,4.051194059227172,81.8,1000
WeightedRR,42,114,20.994254141154016,6.060984417639162,81.10000000000001,1000
WeightedRR,42,115,22.59160765743894,4.700858027044611,82.69999999999999,1000
WeightedRR,42,116,19.958311323753232,11.431803852742155,82.18218218218219,999
WeightedRR,42,117,24.279830325115107,5.377342351228092,82.1,1000
WeightedRR,42,118,21.716821836166545,11.44598385444362,80.58058058058059,999
WeightedRR,42,119,20.76506854983945,4.556732089934864,82.6,1000
WeightedRR,42,120,21.99242943337733,4.492960601563713,82.0,1000
WeightedRR,42,121,20.875861602327504,4.528971731117532,82.19999999999999,1000
WeightedRR,42,122,20.86483378669004,4.113438301157412,81.0,1000
WeightedRR,42,123,22.187258502714766,4.473183382454149,82.89999999999999,1000
WeightedRR,42,124,22.2888714099723,5.208074067970517,79.10000000000001,1000
WeightedRR,42,125,21.037758460580147,4.744003480052593,81.0,1000
WeightedRR,42,126,21.404131678082695,5.050918263781171,80.7,1000
WeightedRR,42,127,22.71030058064501,4.91573912287903,81.0,1000
WeightedRR,42,128,24.09094946929451,7.192592608041234,81.8,1000
WeightedRR,42,129,20.32761090183478,5.054263029589959,82.19999999999999,1000
WeightedRR,42,130,22.195606909683285,4.569625447848618,80.7,1000
WeightedRR,42,131,22.476053679911058,4.9797056261223585,81.8,1000
WeightedRR,42,132,22.891487564709283,6.763501809269484,81.89999999999999,1000
WeightedRR,42,133,19.744071834061007,4.343725068273338,81.89999999999999,1000
WeightedRR,42,134,21.587607198586156,4.53749727025273,81.3,1000
WeightedRR,42,135,22.953106286204452,6.847181848667029,84.1,1000
WeightedRR,42,136,23.653662157441307,4.667338063306479,82.8,1000
WeightedRR,42,137,21.002903873678473,4.360480075864236,83.8,1000
WeightedRR,42,138,23.297528162147124,5.021554364482932,82.89999999999999,1000
WeightedRR,42,139,21.633609946199147,5.50314777950316,81.69999999999999,1000
WeightedRR,42,140,20.77176311272169,4.263252050547404,82.3,1000
WeightedRR,42,141,19.773442937218633,4.079899432226307,80.7,1000
WeightedRR,42,142,23.470216189134927,11.644800895568725,82.48248248248248,999
WeightedRR,42,143,22.040632915307068,5.619151743514193,81.3,1000
WeightedRR,42,144,21.56472965957289,4.116529683212991,82.69999999999999,1000
WeightedRR,42,145,22.473151409952855,6.13199080434,83.8,1000
WeightedRR,42,146,22.552883115983292,4.259430811220248,83.2,1000
WeightedRR,42,147,19.511962516149893,4.2017950433349345,81.69999999999999,1000
WeightedRR,42,148,19.657171191283812,4.244560317814456,80.0,1000
WeightedRR,42,149,20.655569887973154,4.607160175798515,79.80000000000001,1000
WeightedRR,42,150,22.205223135313705,4.678572618089662,81.3,1000
WeightedRR,42,151,20.154120637484652,4.434418738223733,82.0,1000
WeightedRR,42,152,25.57538820238768,6.1887637752890035,80.7,1000
WeightedRR,42,153,21.720369663756596,4.441677129314567,82.5,1000
WeightedRR,42,154,21.458228577501373,4.858946787617718,81.0,1000
WeightedRR,42,155,20.847921922848343,11.675930714944068,82.38238238238237,999
WeightedRR,42,156,21.233633805800086,4.577637714176677,82.8,1000
WeightedRR,42,157,20.66418842291779,4.948133768597989,81.10000000000001,1000
WeightedRR,42,158,24.33362230914242,5.401671395097537,80.7,1000
WeightedRR,42,159,26.11607702556298,9.324430348227121,82.6,1000
WeightedRR,42,160,24.63928479631452,5.307954040353023,81.69999999999999,1000
WeightedRR,42,161,22.10347698488357,4.887472893981059,83.8,1000
WeightedRR,42,162,21.788154861074595,4.598270277863658,82.19999999999999,1000
WeightedRR,42,163,23.937689350674155,11.220307579723139,83.1,1000
WeightedRR,42,164,23.083432539329145,4.247791701472626,80.5,1000
WeightedRR,42,165,26.684788106770057,6.685158509010459,81.69999999999999,1000
WeightedRR,42,166,20.17225479469239,4.261763211904691,81.6,1000
WeightedRR,42,167,24.61636954177332,5.1437071779933365,83.39999999999999,1000
WeightedRR,42,168,20.7791309426376,11.791106647563039,82.08208208208208,999
WeightedRR,42,169,20.508723837532592,6.093384551020715,83.6,1000
WeightedRR,42,170,21.164094719925476,4.2106083810683534,82.69999999999999,1000
WeightedRR,42,171,20.12986273533197,4.8200862533654965,82.1,1000
WeightedRR,42,172,20.612072139965285,11.666407708856612,80.28028028028028,999
WeightedRR,42,173,22.549212249482704,5.394937285760305,81.39999999999999,1000
WeightedRR,42,174,22.60563317706366,5.338045267935362,81.6,1000
WeightedRR,42,175,22.439983249368407,6.310933087937136,80.5,1000
WeightedRR,42,176,21.612983799494796,4.2659016524502835,83.2,1000
WeightedRR,42,177,20.746221719984575,4.352250908352623,80.7,1000
WeightedRR,42,178,21.079782269631252,4.410543821092652,81.6,1000
WeightedRR,42,179,22.042945258160042,4.592009175571921,81.8,1000
WeightedRR,42,180,22.098363310648256,5.339790861321827,82.8,1000
WeightedRR,42,181,21.616326907207235,5.257073189592286,85.3,1000
WeightedRR,42,182,21.50623556172483,4.859777187848662,80.7,1000
WeightedRR,42,183,23.36221513173941,10.002456072362424,80.9,1000
WeightedRR,42,184,22.075334956545014,4.782086078341085,80.80000000000001,1000
WeightedRR,42,185,20.787365962250572,4.317297389864463,82.69999999999999,1000
WeightedRR,42,186,21.738452734294384,4.869563114504913,80.30000000000001,1000
WeightedRR,42,187,21.41924002084211,5.398181723183813,82.39999999999999,1000
WeightedRR,42,188,20.703195782835547,4.465672158266098,81.3,1000
WeightedRR,42,189,22.12042755558614,7.391722003612834,81.3,1000
WeightedRR,42,190,23.834875177682342,4.5827861160627945,84.6,1000
WeightedRR,42,191,21.071390335174257,4.446276767003936,81.3,1000
WeightedRR,42,192,24.678390551589118,5.9665700561305135,80.10000000000001,1000
WeightedRR,42,193,20.23731234142956,4.38056376972836,81.39999999999999,1000
WeightedRR,42,194,22.091905603611114,4.646285411568871,81.8,1000
WeightedRR,42,195,21.402379914294684,4.477711010114011,80.9,1000
WeightedRR,42,196,22.479678037391487,4.592446577102247,82.89999999999999,1000
WeightedRR,42,197,22.359197798132854,5.455386821687592,81.5,1000
WeightedRR,42,198,21.083303500939977,4.31197609775273,83.2,1000
WeightedRR,42,199,20.58407245822238,4.556869893821588,80.60000000000001,1000
WeightedRR,43,0,20.10952158083275,11.415472047911996,82.38238238238237,999
WeightedRR,43,1,19.970011417468303,4.26197792676009,81.0,1000
WeightedRR,43,2,21.853447551285747,4.362117301355816,82.39999999999999,1000
WeightedRR,43,3,20.848058000528557,4.414125798608646,81.2,1000
WeightedRR,43,4,21.627210942798957,4.157310528847967,83.0,1000
WeightedRR,43,5,20.17994485461423,4.1023567930234766,80.30000000000001,1000
WeightedRR,43,6,21.57700624546281,5.400237940433726,82.39999999999999,1000
WeightedRR,43,7,23.022772987655706,5.4995711091140995,80.7,1000
WeightedRR,43,8,24.612111823853393,6.50341842917612,82.69999999999999,1000
WeightedRR,43,9,21.255824657106068,4.066244422911574,82.3,1000
WeightedRR,43,10,24.778409400935022,9.071252390616639,82.0,1000
WeightedRR,43,11,21.917567178775133,5.319802302194357,81.5,1000
WeightedRR,43,12,21.161611328923556,4.438975364388762,80.5,1000
WeightedRR,43,13,24.3258060291141,5.2593586376781,84.3,1000
WeightedRR,43,14,20.36566020166171,4.376441385099181,81.39999999999999,1000
WeightedRR,43,15,20.456917846239403,11.542220488375643,80.48048048048048,999
WeightedRR,43,16,22.149035721947925,4.6758220675932005,82.3,1000
WeightedRR,43,17,22.74795393570835,5.886684851047975,80.4,1000
WeightedRR,43,18,22.121618756394035,5.142666515240201,82.5,1000
WeightedRR,43,19,20.5153470128854,4.278852226014662,81.10000000000001,1000
WeightedRR,43,20,20.7276552134315,4.851572676706836,81.0,1000
WeightedRR,43,21,23.27113687931295,4.028598168737957,83.2,1000
WeightedRR,43,22,20.49690131241567,4.468762748946899,81.5,1000
WeightedRR,43,23,20.587927206814307,4.484578527946885,79.3,1000
WeightedRR,43,24,28.039909246858198,8.39310070192454,83.39999999999999,1000
WeightedRR,43,25,20.04522548133787,4.203291630911876,82.19999999999999,1000
WeightedRR,43,26,23.57582456809852,5.6568523028870805,83.0,1000
WeightedRR,43,27,20.383234959746545,4.436452266240333,82.3,1000
WeightedRR,43,28,21.37365695180772,4.183722832864788,81.10000000000001,1000
WeightedRR,43,29,21.650280642820714,4.226492763369106,82.6,1000
WeightedRR,43,30,25.25013640698061,5.8510474671403605,83.1,1000
WeightedRR,43,31,20.921950597628307,4.2368956865134315,81.3,1000
WeightedRR,43,32,20.29234112233546,4.761329319647442,83.0,1000
WeightedRR,43,33,22.88797913523186,5.2366178040246645,82.1,1000
WeightedRR,43,34,20.091242770307378,4.3733520545023,81.69999999999999,1000
WeightedRR,43,35,20.40754833078467,5.359838846742585,82.3,1000
WeightedRR,43,36,20.680801410152284,4.8628571130337415,82.5,1000
WeightedRR,43,37,26.391000028435343,7.649965118412482,81.2,1000
WeightedRR,43,38,22.093791670710466,4.399411520259244,80.9,1000
WeightedRR,43,39,24.417174032216614,4.818377680847746,82.19999999999999,1000
WeightedRR,43,40,21.110243109121555,4.3661454862536955,81.2,1000
WeightedRR,43,41,23.065740472399984,5.8594424682178285,82.8,1000
WeightedRR,43,42,20.917491175565388,4.556363600943058,82.3,1000
WeightedRR,43,43,23.35330546418445,5.423836567167884,81.5,1000
WeightedRR,43,44,19.58291668349477,4.578078304860163,81.39999999999999,1000
WeightedRR,43,45,24.752971237226014,8.204023965020351,82.19999999999999,1000
WeightedRR,43,46,18.846564011475202,4.3196756331507995,82.3,1000
WeightedRR,43,47,21.08920936445066,4.52573054735143,80.10000000000001,1000
WeightedRR,43,48,20.17165795227846,4.241784735493239,80.7,1000
WeightedRR,43,49,21.40254429030802,4.546317729013876,82.1,1000
WeightedRR,43,50,21.18342707972794,4.2465726580385095,81.89999999999999,1000
WeightedRR,43,51,21.992463080396284,4.411488032894395,81.89999999999999,1000
WeightedRR,43,52,24.388687639466927,9.249735843442283,82.39999999999999,1000
WeightedRR,43,53,22.001850938596007,5.102722293960667,82.0,1000
WeightedRR,43,54,21.019905050804862,11.493963627218445,81.08108108108108,999
WeightedRR,43,55,21.148113412968954,4.046787534723098,81.6,1000
WeightedRR,43,56,21.841026442099707,4.331233020419518,82.0,1000
WeightedRR,43,57,20.872969128888805,4.074610239379561,83.2,1000
WeightedRR,43,58,21.064392561797277,4.411600223512015,83.3,1000
WeightedRR,43,59,20.796240372570974,4.202183429313158,82.8,1000
WeightedRR,43,60,23.771259108431853,4.98164403402835,81.6,1000
WeightedRR,43,61,20.12757352475817,4.194108298523257,79.60000000000001,1000
WeightedRR,43,62,22.888932926182942,4.446735572714119,83.1,1000
WeightedRR,43,63,21.706596345793763,5.487879776787566,81.3,1000
WeightedRR,43,64,21.096534184883925,4.359150616137857,81.3,1000
WeightedRR,43,65,26.33635600545364,7.997153718769094,81.89999999999999,1000
WeightedRR,43,66,20.62246610699247,4.531492870668407,80.10000000000001,1000
WeightedRR,43,67,22.739809191053002,5.617719293478204,81.8,1000
WeightedRR,43,68,21.38615604736722,4.20675582422643,81.69999999999999,1000
WeightedRR,43,69,22.443544685510677,5.311307782456286,80.4,1000
WeightedRR,43,70,20.906097572569692,4.781148489824041,80.60000000000001,1000
WeightedRR,43,71,22.01044792218758,4.543541164321102,81.69999999999999,1000
WeightedRR,43,72,21.737848647669495,4.127375429275712,80.5,1000
WeightedRR,43,73,19.765339201139362,4.060147468371695,81.6,1000
WeightedRR,43,74,21.502174540573783,7.776635645875273,83.8,1000
WeightedRR,43,75,24.791864277490664,9.21891720596436,81.0,1000
WeightedRR,43,76,20.866757040185654,4.101809745174676,82.0,1000
WeightedRR,43,77,25.100324309176905,6.450054285645505,81.69999999999999,1000
WeightedRR,43,78,23.173498924443322,6.6729675208555825,82.69999999999999,1000
WeightedRR,43,79,22.603635127628756,11.622075846326272,79.57957957957959,999
WeightedRR,43,80,19.529172801651168,11.65220979596036,83.48348348348348,999
WeightedRR,43,81,22.04275961480439,4.716174077182947,81.39999999999999,1000
WeightedRR,43,82,21.174118873052468,5.3470430380753085,81.2,1000
WeightedRR,43,83,21.571601093959856,11.430776030982836,79.77977977977979,999
WeightedRR,43,84,25.245831829955065,8.988710470565671,81.10000000000001,1000
WeightedRR,43,85,23.825256608058414,6.506115290293904,80.60000000000001,1000
WeightedRR,43,86,22.35015136683964,6.173744954456464,83.8,1000
WeightedRR,43,87,22.03653729923905,4.934516797458641,80.7,1000
WeightedRR,43,88,20.07003297948226,4.286431726641178,80.80000000000001,1000
WeightedRR,43,89,21.414125892657715,4.2395545373251435,81.8,1000
WeightedRR,43,90,28.563323305807018,10.559567858924828,81.89999999999999,1000
WeightedRR,43,91,24.019499568398917,4.818451746748776,81.0,1000
WeightedRR,43,92,20.312272389793616,4.530806075615952,81.5,1000
WeightedRR,43,93,22.214737687817173,4.268713672683693,80.60000000000001,1000
WeightedRR,43,94,19.055760961072068,4.27015013401489,84.0,1000
WeightedRR,43,95,23.102643485525274,4.699531179803576,80.4,1000
WeightedRR,43,96,22.310384018640093,11.279831447115054,83.08308308308308,999
WeightedRR,43,97,20.888533378239213,11.607435524554479,81.48148148148148,999
WeightedRR,43,98,20.268889829186627,4.071901742294407,81.0,1000
WeightedRR,43,99,25.72753231530163,9.41724160931864,82.3,1000
WeightedRR,43,100,20.369371987795855,4.289238849880194,80.60000000000001,1000
WeightedRR,43,101,22.518219309027334,4.857809124762942,81.8,1000
WeightedRR,43,102,23.926943252042022,6.093895063212968,83.0,1000
WeightedRR,43,103,21.2206283596646,11.572150068860353,83.28328328328328,999
WeightedRR,43,104,21.60892588308471,4.495184640471948,82.0,1000
WeightedRR,43,105,19.483890095773663,4.1362395580381035,81.89999999999999,1000
WeightedRR,43,106,22.802729277639944,5.291878060202941,81.10000000000001,1000
WeightedRR,43,107,20.315664754202682,4.441830256609611,81.69999999999999,1000
WeightedRR,43,108,20.595552007425614,4.243939863250883,81.69999999999999,1000
WeightedRR,43,109,20.757119392809393,4.304157032619721,81.5,1000
WeightedRR,43,110,24.09914765687255,8.583858071658817,81.69999999999999,1000
WeightedRR,43,111,22.587610476644432,5.317462140751005,80.80000000000001,1000
WeightedRR,43,112,22.492387706087744,5.136822822395203,81.39999999999999,1000
WeightedRR,43,113,20.21760854839997,5.156527151001704,83.3,1000
WeightedRR,43,114,23.46080629625213,5.5352548550564755,81.2,1000
WeightedRR,43,115,22.823683841783726,5.305048158145709,81.39999999999999,1000
WeightedRR,43,116,22.31004730623117,11.604548290526118,83.08308308308308,999
WeightedRR,43,117,21.669425252403215,4.170489833322101,81.6,1000
WeightedRR,43,118,24.14240313678207,6.591386016960272,80.9,1000
WeightedRR,43,119,21.110197640083474,4.1033516470324685,81.89999999999999,1000
WeightedRR,43,120,20.205845920425812,4.386407420095761,82.6,1000
WeightedRR,43,121,21.062580246071708,4.636705944013822,81.3,1000
WeightedRR,43,122,23.904769581623437,11.529053383156064,81.38138138138137,999
WeightedRR,43,123,20.640893799541363,4.897487086322878,84.0,1000
WeightedRR,43,124,20.143123785170165,4.133293742571861,80.7,1000
WeightedRR,43,125,20.291380613504746,4.152279318066444,83.2,1000
WeightedRR,43,126,23.65060371912828,4.857032412356335,80.4,1000
WeightedRR,43,127,22.28656758316146,4.176153600951226,81.2,1000
WeightedRR,43,128,21.693676140570705,4.186427291102268,81.69999999999999,1000
WeightedRR,43,129,21.97998519446772,11.33107475344113,83.28328328328328,999
WeightedRR,43,130,22.055844626178448,4.0823283729091235,81.2,1000
WeightedRR,43,131,21.108351672450944,4.355502781700209,81.6,1000
WeightedRR,43,132,24.744517153073712,5.207151909486013,82.3,1000
WeightedRR,43,133,21.456688489390572,4.568211855796439,82.1,1000
WeightedRR,43,134,22.402244531739292,4.367519490633744,81.0,1000
WeightedRR,43,135,27.267074633519147,8.206937585523585,83.8,1000
WeightedRR,43,136,21.83011875522545,5.095052407380412,82.3,1000
WeightedRR,43,137,23.181573718461348,7.603120903859211,82.6,1000
WeightedRR,43,138,26.631900969611777,5.596964557831547,82.19999999999999,1000
WeightedRR,43,139,21.523743572321663,4.508265090144474,83.89999999999999,1000
WeightedRR,43,140,21.482075505635493,4.849701696482276,81.69999999999999,1000
WeightedRR,43,141,22.16012819262518,5.935400571008868,83.0,1000
WeightedRR,43,142,21.83373268980358,5.114930389726758,80.5,1000
WeightedRR,43,143,22.032471205275517,4.551792042175918,82.69999999999999,1000
WeightedRR,43,144,23.884481137312985,4.064214623252173,82.8,1000
WeightedRR,43,145,20.704305176599927,4.2709761201518095,81.2,1000
WeightedRR,43,146,21.963295525639747,4.357250414277318,83.39999999999999,1000
WeightedRR,43,147,20.48281338612724,4.422445190868868,83.7,1000
WeightedRR,43,148,21.625141520580545,4.3008407527111014,80.2,1000
WeightedRR,43,149,23.563671430381245,11.466360185548924,80.78078078078079,999
WeightedRR,43,150,20.92384382071513,4.460302513563665,82.3,1000
WeightedRR,43,151,19.413249073764515,4.2370327403937695,82.69999999999999,1000
WeightedRR,43,152,23.838305538621004,11.45788352148709,80.08008008008008,999
WeightedRR,43,153,20.64113896679689,4.5520414961937234,81.5,1000
WeightedRR,43,154,24.979831854437048,6.117830045090922,81.69999999999999,1000
WeightedRR,43,155,25.033827223746258,7.144829337570737,83.0,1000
WeightedRR,43,156,22.854525324982237,5.265601124386885,80.5,1000
WeightedRR,43,157,23.371615079766258,4.27644045455648,82.39999999999999,1000
WeightedRR,43,158,21.361730429130454,4.3894403472602095,80.60000000000001,1000
WeightedRR,43,159,21.599241991803662,4.712355260899573,83.0,1000
WeightedRR,43,160,20.40388851004808,3.9498744632456457,82.5,1000
WeightedRR,43,161,23.023140086401384,4.163988264116254,83.7,1000
WeightedRR,43,162,22.412923209718826,4.384108661903322,81.5,1000
WeightedRR,43,163,20.407252767256846,4.263918521733193,81.69999999999999,1000
WeightedRR,43,164,21.934707450519824,4.878788867083539,81.89999999999999,1000
WeightedRR,43,165,19.344640692192513,4.179265770511122,80.60000000000001,1000
WeightedRR,43,166,22.05800992763174,4.292347190385726,83.5,1000
WeightedRR,43,167,20.798872928704757,4.265817295143789,82.39999999999999,1000
WeightedRR,43,168,28.469580168201208,9.483419158809278,80.80000000000001,1000
WeightedRR,43,169,21.08850777301675,4.684223484373959,84.6,1000
WeightedRR,43,170,22.632079619668083,5.479275501475745,81.3,1000
WeightedRR,43,171,21.23459868271123,4.290680677791055,80.9,1000
WeightedRR,43,172,22.59518863708547,4.467723067211219,82.0,1000
WeightedRR,43,173,23.203429166431654,4.199700215349113,83.3,1000
WeightedRR,43,174,23.389360497478897,11.44118815040511,79.17917917917919,999
WeightedRR,43,175,21.352258929240666,4.349037060291462,82.3,1000
WeightedRR,43,176,23.92463185005702,8.683062688711836,80.7,1000
WeightedRR,43,177,20.958385203853908,4.439474868894048,83.89999999999999,1000
WeightedRR,43,178,20.73861346033193,11.405940283964933,81.88188188188188,999
WeightedRR,43,179,21.837925868760735,4.1396402451772625,81.5,1000
WeightedRR,43,180,19.8005646522182,4.041339840475401,82.0,1000
WeightedRR,43,181,19.27219306314182,4.18111792531482,82.6,1000
WeightedRR,43,182,22.016873646222553,11.590590526664426,81.78178178178179,999
WeightedRR,43,183,20.848995885525518,4.513955328103707,81.6,1000
WeightedRR,43,184,22.075817860503822,4.885227249828211,80.9,1000
WeightedRR,43,185,20.83435480949296,4.229047878694132,81.8,1000
WeightedRR,43,186,21.872393305309092,4.646520611158707,81.5,1000
WeightedRR,43,187,23.01700972056962,4.9619932075044915,81.3,1000
WeightedRR,43,188,23.532204499819706,7.105808768531542,81.0,1000
WeightedRR,43,189,21.614820564993686,4.152483539804898,81.8,1000
WeightedRR,43,190,20.516257151898305,4.6251495558039935,81.39999999999999,1000
WeightedRR,43,191,22.376318857806346,11.398124190609822,82.68268268268268,999
WeightedRR,43,192,24.328390920802697,6.3186155987958434,81.8,1000
WeightedRR,43,193,22.77623549063131,8.04047490513983,81.0,1000
WeightedRR,43,194,21.7098922413108,6.63501814385285,82.69999999999999,1000
WeightedRR,43,195,23.408545282763814,5.087589221878467,81.8,1000
WeightedRR,43,196,21.14699391301313,4.426446024535604,80.60000000000001,1000
WeightedRR,43,197,23.903482199863056,6.4683747089634736,81.0,1000
WeightedRR,43,198,21.30448253815922,5.230322638150683,83.1,1000
WeightedRR,43,199,24.619385813491878,5.3936407090923835,79.4,1000
WeightedRR,44,0,28.031096135326838,7.320013165247897,80.9,1000
WeightedRR,44,1,21.67190139825256,4.834440797300571,81.6,1000
WeightedRR,44,2,23.443394678030025,6.5445796294080125,81.8,1000
WeightedRR,44,3,21.870769025123533,11.454877648805137,84.18418418418419,999
WeightedRR,44,4,23.3432968388674,4.835502310896917,80.30000000000001,1000
WeightedRR,44,5,19.465955543177724,11.753363336790462,81.48148148148148,999
WeightedRR,44,6,19.687335653081117,11.599383501492419,80.48048048048048,999
WeightedRR,44,7,20.651804016260538,4.297766315523434,82.89999999999999,1000
WeightedRR,44,8,22.7808886503094,4.577979148868333,81.69999999999999,1000
WeightedRR,44,9,21.32684177449141,4.200395051518776,80.60000000000001,1000
WeightedRR,44,10,22.803220890147443,4.736735692078107,81.2,1000
WeightedRR,44,11,21.310474553121658,6.384128906802454,80.80000000000001,1000
WeightedRR,44,12,21.809534223594447,4.302783372489738,81.5,1000
WeightedRR,44,13,24.918762808867097,4.973471617712132,82.3,1000
WeightedRR,44,14,22.637921617279467,4.05109044841224,80.60000000000001,1000
WeightedRR,44,15,24.140673371279377,11.53369619854135,80.68068068068068,999
WeightedRR,44,16,26.47069465523328,8.231744411741019,82.0,1000
WeightedRR,44,17,21.18115866129458,4.405877787164843,80.80000000000001,1000
WeightedRR,44,18,25.60481670668639,4.705742656821788,81.10000000000001,1000
WeightedRR,44,19,22.010188569494346,4.419821285192049,80.4,1000
WeightedRR,44,20,19.63192214311048,4.219167090175533,81.0,1000
WeightedRR,44,21,23.795439993766415,8.03610551465438,79.0,1000
WeightedRR,44,22,21.02029163195599,4.819776015580064,80.4,1000
WeightedRR,44,23,21.320319855402616,11.564621437132395,82.28228228228228,999
WeightedRR,44,24,20.897235550873972,4.338553888132241,82.3,1000
WeightedRR,44,25,20.610098974865117,4.331408571590221,81.8,1000
WeightedRR,44,26,21.911771634695977,4.867982837466525,81.5,1000
WeightedRR,44,27,23.245051214303786,4.634133790759864,79.7,1000
WeightedRR,44,28,20.464244034130832,4.510258653519742,82.19999999999999,1000
WeightedRR,44,29,20.323948905120176,4.818034081717674,79.80000000000001,1000
WeightedRR,44,30,19.250238445880225,4.182351429283328,81.5,1000
WeightedRR,44,31,21.319959859064635,5.067235118937225,81.5,1000
WeightedRR,44,32,20.733937499520078,4.327323216549595,82.8,1000
WeightedRR,44,33,21.42569852245975,4.649034964237987,81.6,1000
WeightedRR,44,34,20.60279922391447,4.76554973451734,82.39999999999999,1000
WeightedRR,44,35,21.13763860459169,4.783564364457525,82.69999999999999,1000
WeightedRR,44,36,21.65112469400706,5.023288736795941,82.69999999999999,1000
WeightedRR,44,37,21.35905512068025,4.404074448764609,80.80000000000001,1000
WeightedRR,44,38,20.88162259115076,11.471429063077933,82.18218218218219,999
WeightedRR,44,39,21.457215793173017,4.468623987889051,80.80000000000001,1000
WeightedRR,44,40,24.794544970140393,9.730971201462696,81.39999999999999,1000
WeightedRR,44,41,22.02745712437948,4.898596247150281,81.39999999999999,1000
WeightedRR,44,42,22.010997671935524,5.0037579028586245,81.0,1000
WeightedRR,44,43,22.57759726325412,7.827010886232875,81.39999999999999,1000
WeightedRR,44,44,21.708704569962205,4.994813461673638,81.10000000000001,1000
WeightedRR,44,45,22.441041642018824,4.846377388270409,79.5,1000
WeightedRR,44,46,21.688324290207387,4.496574843322377,83.7,1000
WeightedRR,44,47,20.395529267452122,4.464953626187411,81.39999999999999,1000
WeightedRR,44,48,21.53909251471467,4.624626414871716,79.5,1000
WeightedRR,44,49,22.249031567279378,4.067087150129624,82.6,1000
WeightedRR,44,50,22.89971735103854,7.343577498949671,80.30000000000001,1000
WeightedRR,44,51,24.067510927764268,7.555798961469687,82.1,1000
WeightedRR,44,52,19.592799214023767,4.239084396245133,81.69999999999999,1000
WeightedRR,44,53,19.55321652935633,4.312269776563809,80.2,1000
WeightedRR,44,54,21.20125505303371,4.202285696066034,78.7,1000
WeightedRR,44,55,21.452809145882625,4.259474059833323,81.3,1000
WeightedRR,44,56,22.496500557040715,6.37828434759049,81.5,1000
WeightedRR,44,57,24.09179619559417,7.879967819476365,80.5,1000
WeightedRR,44,58,21.33724114868995,4.350774552627237,82.89999999999999,1000
WeightedRR,44,59,20.99381278688489,5.229173814015799,82.3,1000
WeightedRR,44,60,20.474179480075733,4.50463945244442,81.3,1000
WeightedRR,44,61,22.132627478418538,4.273549154157275,80.4,1000
WeightedRR,44,62,21.2182633765485,5.34646124095235,79.3,1000
WeightedRR,44,63,21.198373814113495,4.784348201129967,82.19999999999999,1000
WeightedRR,44,64,20.530384982945762,4.22826576816123,80.9,1000
WeightedRR,44,65,22.919478602193603,4.629213044865327,83.5,1000
WeightedRR,44,66,19.72348847732314,4.215875096094595,82.6,1000
WeightedRR,44,67,22.10142812186441,4.270847746582028,81.10000000000001,1000
WeightedRR,44,68,20.643844587446925,5.224821433378262,81.2,1000
WeightedRR,44,69,23.194763742677427,4.313125929084996,81.89999999999999,1000
WeightedRR,44,70,21.646609578525265,4.450555029519195,80.7,1000
WeightedRR,44,71,22.376882983649914,4.4022510492949305,80.30000000000001,1000
WeightedRR,44,72,23.210961070484437,4.739193267147834,81.5,1000
WeightedRR,44,73,22.22640408587558,4.478635666846285,82.3,1000
WeightedRR,44,74,21.697473155913986,3.970334202722377,81.8,1000
WeightedRR,44,75,20.95564365641443,4.324750592538387,81.6,1000
WeightedRR,44,76,19.80104379465277,4.297592511477679,81.39999999999999,1000
WeightedRR,44,77,24.580918074635065,6.566104094105484,83.3,1000
WeightedRR,44,78,23.17212649207735,4.337182250511531,79.7,1000
WeightedRR,44,79,22.797814395989395,6.7715048463228635,83.39999999999999,1000
WeightedRR,44,80,21.69836730459491,4.40853587168831,81.69999999999999,1000
WeightedRR,44,81,24.15387658559261,7.999618672239551,82.69999999999999,1000
WeightedRR,44,82,24.263092122566242,6.975734211542999,81.2,1000
WeightedRR,44,83,22.307102357149315,4.354694920835789,80.2,1000
WeightedRR,44,84,21.84450710295603,5.05230865425524,81.2,1000
WeightedRR,44,85,23.73224256376548,5.152212555972303,80.0,1000
WeightedRR,44,86,21.392931356749656,5.036497332122209,82.8,1000
WeightedRR,44,87,20.428878257447227,4.321325323568009,81.5,1000
WeightedRR,44,88,22.72659927801059,6.012005304816408,79.10000000000001,1000
WeightedRR,44,89,24.389723671947156,10.554410812003555,81.6,1000
WeightedRR,44,90,23.310874342492045,5.038641336000563,81.39999999999999,1000
WeightedRR,44,91,20.86022579316674,4.522794566202908,82.89999999999999,1000
WeightedRR,44,92,20.628907980332553,4.548240448397221,80.60000000000001,1000
WeightedRR,44,93,22.704531529777633,5.877866223064472,79.7,1000
WeightedRR,44,94,19.84069685960782,4.103609792021814,81.69999999999999,1000
WeightedRR,44,95,22.96217511618616,4.628859059677758,82.39999999999999,1000
WeightedRR,44,96,20.572109748345788,4.955896620542991,79.2,1000
WeightedRR,44,97,21.329431279179037,4.5138925803039625,80.60000000000001,1000
WeightedRR,44,98,25.666556300899973,5.313224092215026,81.8,1000
WeightedRR,44,99,19.06183255499873,4.0800158254762104,81.8,1000
WeightedRR,44,100,22.83691590330752,5.2617883997233585,82.69999999999999,1000
WeightedRR,44,101,19.461211924247813,4.39274590120214,79.10000000000001,1000
WeightedRR,44,102,22.8625926576053,4.830122638088421,83.39999999999999,1000
WeightedRR,44,103,20.881848634758693,4.75194659945985,80.80000000000001,1000
WeightedRR,44,104,20.35682381741683,4.357112986497148,82.19999999999999,1000
WeightedRR,44,105,21.61722307261418,4.329364823597846,81.10000000000001,1000
WeightedRR,44,106,20.564278997971634,4.318151675815851,80.80000000000001,1000
WeightedRR,44,107,21.408299858737593,4.4823115918541765,80.5,1000
WeightedRR,44,108,23.64705030330181,6.205220837153578,82.69999999999999,1000
WeightedRR,44,109,21.18387880833798,4.430262583341296,81.3,1000
WeightedRR,44,110,22.96294283307091,4.769797269854301,80.4,1000
WeightedRR,44,111,23.769965834645024,8.82862897942725,79.80000000000001,1000
WeightedRR,44,112,19.84630988018699,4.513402779257214,79.4,1000
WeightedRR,44,113,22.840626908310533,6.9060184140793055,81.89999999999999,1000
WeightedRR,44,114,22.095042134205105,4.572259939771537,81.10000000000001,1000
WeightedRR,44,115,21.85694559510623,4.266298507553262,83.1,1000
WeightedRR,44,116,21.5497956889426,4.570151512724636,81.5,1000
WeightedRR,44,117,24.958043250032002,8.79996154545243,80.2,1000
WeightedRR,44,118,20.41973313634826,11.512573611132163,80.88088088088088,999
WeightedRR,44,119,22.521204416999762,4.434679856272707,80.80000000000001,1000
WeightedRR,44,120,20.23838139526167,4.626509772975235,81.10000000000001,1000
WeightedRR,44,121,25.937831308815973,5.57819102245419,81.10000000000001,1000
WeightedRR,44,122,22.366691520096087,5.019020792758588,80.4,1000
WeightedRR,44,123,23.23894217816543,4.771732585947208,79.80000000000001,1000
WeightedRR,44,124,20.93076277252966,4.739993982996562,81.3,1000
WeightedRR,44,125,22.234308231253614,6.792122743800333,82.0,1000
WeightedRR,44,126,19.968541851659754,11.638819774716401,82.98298298298297,999
WeightedRR,44,127,22.361778543150393,6.671375894104752,79.80000000000001,1000
WeightedRR,44,128,23.565392834718658,7.882999489749563,83.6,1000
WeightedRR,44,129,19.77161216125621,4.194844159593621,80.7,1000
WeightedRR,44,130,21.962299128372898,4.564131335870733,80.60000000000001,1000
WeightedRR,44,131,21.661827871248875,11.539454252967305,79.97997997997997,999
WeightedRR,44,132,23.916670563924207,5.597981031538261,81.69999999999999,1000
WeightedRR,44,133,21.96771543052352,4.611334168152712,81.39999999999999,1000
WeightedRR,44,134,22.364415944453544,5.269019883079894,81.89999999999999,1000
WeightedRR,44,135,24.76049743170112,8.573131754168466,81.2,1000
WeightedRR,44,136,20.96924632882753,3.944790309193531,80.80000000000001,1000
WeightedRR,44,137,21.147484024200697,4.352124749309802,81.2,1000
WeightedRR,44,138,21.607925483010163,4.8457807348324,81.3,1000
WeightedRR,44,139,22.013728081431314,5.1624580531839745,81.2,1000
WeightedRR,44,140,21.33328037716417,4.297146318315699,80.2,1000
WeightedRR,44,141,23.216542485082343,8.06428480638564,80.10000000000001,1000
WeightedRR,44,142,23.7013651288469,7.320425151398414,81.39999999999999,1000
WeightedRR,44,143,25.25785623290416,5.615579697971758,81.8,1000
WeightedRR,44,144,20.539764107332232,4.258458843687803,81.6,1000
WeightedRR,44,145,26.45004062990214,8.103352538911924,80.10000000000001,1000
WeightedRR,44,146,22.45533430036061,4.104576480600406,81.2,1000
WeightedRR,44,147,21.65802955328758,5.023689890326569,82.19999999999999,1000
WeightedRR,44,148,21.94372372671835,5.738639632687112,82.39999999999999,1000
WeightedRR,44,149,22.97667708678908,4.113164172253924,82.6,1000
WeightedRR,44,150,21.945225476712263,5.516350292102491,80.60000000000001,1000
WeightedRR,44,151,21.78128955296682,4.46171434823894,80.5,1000
WeightedRR,44,152,22.900729700192546,5.1426563574961,81.3,1000
WeightedRR,44,153,23.1788895382809,4.5788941850613964,81.3,1000
WeightedRR,44,154,20.16226229721036,11.440710142892733,81.28128128128128,999
WeightedRR,44,155,22.712123259381244,5.127355246456889,78.9,1000
WeightedRR,44,156,26.935639152709058,6.314275305248531,81.0,1000
WeightedRR,44,157,22.82829020783571,4.551717171236532,81.69999999999999,1000
WeightedRR,44,158,23.945642816881097,6.714023797502908,81.5,1000
WeightedRR,44,159,22.49778815637884,4.8326570281515515,82.69999999999999,1000
WeightedRR,44,160,21.589189943341786,4.376418981703901,83.1,1000
WeightedRR,44,161,22.83935272075077,4.663605500224518,79.80000000000001,1000
WeightedRR,44,162,22.183803798415028,5.0418250763398165,81.8,1000
WeightedRR,44,163,21.795099504580868,4.193135377389128,81.5,1000
WeightedRR,44,164,21.536580707186666,4.313992461447891,81.6,1000
WeightedRR,44,165,22.154179788872675,5.008454906811207,80.0,1000
WeightedRR,44,166,22.57006051535754,4.698136906160574,80.2,1000
WeightedRR,44,167,27.563800692621662,9.605035323116539,80.80000000000001,1000
WeightedRR,44,168,23.631424132689606,4.180730908319007,81.10000000000001,1000
WeightedRR,44,169,19.98876603597414,4.418238855213431,81.6,1000
WeightedRR,44,170,23.912721252671396,7.063434286957577,81.6,1000
WeightedRR,44,171,22.753640041488055,5.65675696922906,80.60000000000001,1000
WeightedRR,44,172,23.953980857111954,11.590249669549342,81.96392785571143,998
WeightedRR,44,173,20.16579526070045,4.4159033673610955,80.2,1000
WeightedRR,44,174,21.983654786653695,4.702814642987897,81.10000000000001,1000
WeightedRR,44,175,21.626828614781747,4.411404323609391,81.3,1000
WeightedRR,44,176,22.153123003470014,4.34061681928071,82.3,1000
WeightedRR,44,177,22.374937662908103,4.536283437534397,81.5,1000
WeightedRR,44,178,21.780249529908556,4.053378666714026,81.5,1000
WeightedRR,44,179,21.586101501244027,5.253322262482168,80.0,1000
WeightedRR,44,180,26.258217097408515,9.609120795132185,80.80000000000001,1000
WeightedRR,44,181,22.761758136861054,4.815164155573667,81.8,1000
WeightedRR,44,182,21.574377602073046,4.47133696672345,79.80000000000001,1000
WeightedRR,44,183,23.083332467597117,7.651915925606412,80.60000000000001,1000
WeightedRR,44,184,25.9075847993668,8.257016617924053,81.3,1000
WeightedRR,44,185,19.271272797818543,4.199749931137281,81.5,1000
WeightedRR,44,186,23.10467403772115,11.464465852553685,81.78178178178179,999
WeightedRR,44,187,22.34943199088412,6.483340085924888,80.4,1000
WeightedRR,44,188,21.60357541164791,11.630804159312198,80.58058058058059,999
WeightedRR,44,189,25.309928907309743,11.71661477854912,83.48348348348348,999
WeightedRR,44,190,22.773139423977405,4.222032300847781,80.30000000000001,1000
WeightedRR,44,191,19.963818996800043,4.452721366194397,79.0,1000
WeightedRR,44,192,21.28079212795556,4.374602216064934,81.10000000000001,1000
WeightedRR,44,193,22.45166144445294,4.416421147781935,79.3,1000
WeightedRR,44,194,22.117977332324163,4.7774137218648,82.89999999999999,1000
WeightedRR,44,195,21.725926953450404,4.568219348410796,82.0,1000
WeightedRR,44,196,22.972215226157253,6.381215902164971,80.30000000000001,1000
WeightedRR,44,197,23.0631224373028,6.333019497477614,82.1,1000
WeightedRR,44,198,23.954606109733998,7.4109566992530675,81.39999999999999,1000
WeightedRR,44,199,23.048848114514392,6.210236630448642,81.69999999999999,1000
WeightedRR,45,0,21.910805617984725,5.3185276060415925,80.80000000000001,1000
WeightedRR,45,1,27.73750752988254,10.453117318416066,80.4,1000
WeightedRR,45,2,23.983798851144368,5.533630904448502,83.1,1000
WeightedRR,45,3,20.73153909167917,4.223631929584458,81.39999999999999,1000
WeightedRR,45,4,21.89302886101639,4.6395955462323695,81.89999999999999,1000
WeightedRR,45,5,20.734020720494346,4.465745056315558,82.1,1000
WeightedRR,45,6,22.123948869764565,5.481304220120285,81.5,1000
WeightedRR,45,7,23.77203492864585,10.066133939747248,82.69999999999999,1000
WeightedRR,45,8,23.10136416214855,4.658414945185176,81.6,1000
WeightedRR,45,9,19.637082061215796,4.5568292668338595,80.2,1000
WeightedRR,45,10,23.00846074565673,5.571763885160201,82.0,1000
WeightedRR,45,11,21.26142542907092,4.460116191623286,83.2,1000
WeightedRR,45,12,20.450238677399394,4.501692187752875,80.4,1000
WeightedRR,45,13,24.605504745582817,7.197255853225979,82.39999999999999,1000
WeightedRR,45,14,20.168169379853943,4.204712718089272,81.6,1000
WeightedRR,45,15,20.064021378071818,4.448367022726634,81.2,1000
WeightedRR,45,16,21.010588008826947,5.028181594994445,82.6,1000
WeightedRR,45,17,21.88397793718712,4.61817582001209,81.89999999999999,1000
WeightedRR,45,18,22.755965179055448,4.877068315584627,82.3,1000
WeightedRR,45,19,21.6979086476136,6.468066097466221,82.5,1000
WeightedRR,45,20,21.974856571106145,4.038774049502385,81.5,1000
WeightedRR,45,21,18.94831004946353,4.61864095951446,80.2,1000
WeightedRR,45,22,20.600714961597557,4.683346120739448,77.8,1000
WeightedRR,45,23,22.529498121582055,4.391209953879816,82.1,1000
WeightedRR,45,24,23.598602909500478,8.932540415003764,79.5,1000
WeightedRR,45,25,22.27813067582705,7.318475398051838,83.2,1000
WeightedRR,45,26,22.870350242535046,5.091630085090841,82.39999999999999,1000
WeightedRR,45,27,23.536074786029676,5.535662069422487,81.39999999999999,1000
WeightedRR,45,28,23.942138562098116,5.418103711345582,80.2,1000
WeightedRR,45,29,22.214414945400314,5.402020641874679,83.8,1000
WeightedRR,45,30,20.696371678510783,4.456292613687069,83.1,1000
WeightedRR,45,31,21.86306506897797,4.506547936421014,81.5,1000
WeightedRR,45,32,21.285311946082736,4.510450972399519,80.5,1000
WeightedRR,45,33,21.207952074313393,6.503960195697958,81.5,1000
WeightedRR,45,34,28.219682910603407,5.166335910908329,82.0,1000
WeightedRR,45,35,21.969320046918778,4.611064123546217,83.1,1000
WeightedRR,45,36,21.29858428215705,5.961001463074898,80.4,1000
WeightedRR,45,37,21.940785080265734,5.577759636405191,80.7,1000
WeightedRR,45,38,21.27227671477657,8.227238937336423,80.60000000000001,1000
WeightedRR,45,39,24.011891138271604,6.054492649864068,81.39999999999999,1000
WeightedRR,45,40,21.27771485287974,4.3811338770052854,81.69999999999999,1000
WeightedRR,45,41,22.66649548492612,4.7276734439862755,82.89999999999999,1000
WeightedRR,45,42,23.617196670826683,6.941583263763945,80.4,1000
WeightedRR,45,43,21.09759232212657,11.400447825779834,80.78078078078079,999
WeightedRR,45,44,20.271807746063743,4.712919793533337,79.10000000000001,1000
WeightedRR,45,45,22.962597096433658,7.832376326026891,82.1,1000
WeightedRR,45,46,23.18411662388612,4.959168314581883,82.3,1000
WeightedRR,45,47,21.593170605151073,11.730915687562874,82.28228228228228,999
WeightedRR,45,48,22.451684106499673,4.473195015710303,81.8,1000
WeightedRR,45,49,23.32653974794311,4.967998241202683,80.2,1000
WeightedRR,45,50,19.926146629517405,4.3225216409578096,82.1,1000
WeightedRR,45,51,24.21558942331527,7.058700286457343,82.5,1000
WeightedRR,45,52,22.070932904218672,4.205564753719667,80.9,1000
WeightedRR,45,53,20.782194654499122,5.356651564073158,81.6,1000
WeightedRR,45,54,25.910584398306394,8.756031112928532,80.30000000000001,1000
WeightedRR,45,55,20.014683405592894,5.619524441160051,80.9,1000
WeightedRR,45,56,20.52785507232101,11.656664381636654,83.28328328328328,999
WeightedRR,45,57,22.104133505107363,5.005929083271735,80.9,1000
WeightedRR,45,58,22.63359560749982,4.962216189624659,80.5,1000
WeightedRR,45,59,20.309298887955237,11.577178747732127,80.68068068068068,999
WeightedRR,45,60,19.679188486015963,4.404309653021923,82.19999999999999,1000
WeightedRR,45,61,22.68000715016563,4.617040921859451,81.6,1000
WeightedRR,45,62,23.209884053205226,5.822187482852898,81.39999999999999,1000
WeightedRR,45,63,23.218884988048398,7.777926768626484,81.8,1000
WeightedRR,45,64,19.88829256371491,4.209422904893853,81.0,1000
WeightedRR,45,65,20.223005077563972,4.269080482268139,79.9,1000
WeightedRR,45,66,21.061822637778445,11.573101293817306,80.88088088088088,999
WeightedRR,45,67,23.091904460644734,5.126775172743894,81.69999999999999,1000
WeightedRR,45,68,18.96712118400183,4.2109504419079355,82.39999999999999,1000
WeightedRR,45,69,22.924618015637392,4.614223632129309,80.2,1000
WeightedRR,45,70,29.540153101019424,10.50178771836548,81.0,1000
WeightedRR,45,71,22.297697907207453,4.324470170105335,80.30000000000001,1000
WeightedRR,45,72,23.29892832731869,8.103809577887336,79.2,1000
WeightedRR,45,73,22.53673958326596,6.43366283486726,80.5,1000
WeightedRR,45,74,23.09396171620339,4.688590687875744,81.3,1000
WeightedRR,45,75,22.06588081848448,4.712260261060669,82.5,1000
WeightedRR,45,76,20.52062058430221,4.065700680086105,80.5,1000
WeightedRR,45,77,21.483062918394637,4.570631165931988,79.4,1000
WeightedRR,45,78,21.904102636876253,4.31744527159047,82.39999999999999,1000
WeightedRR,45,79,19.754474581438526,4.659654529111277,80.30000000000001,1000
WeightedRR,45,80,21.792035631394633,4.401902736665457,82.5,1000
WeightedRR,45,81,23.7643619767236,4.350820466984343,80.4,1000
WeightedRR,45,82,22.048739634458542,4.584262859013837,80.9,1000
WeightedRR,45,83,23.9247266862703,8.61142452107883,83.7,1000
WeightedRR,45,84,21.234799568543647,5.836129221584079,82.3,1000
WeightedRR,45,85,20.059700955738496,4.572476231076461,81.89999999999999,1000
WeightedRR,45,86,21.782771673296892,4.265897436871151,80.2,1000
WeightedRR,45,87,20.83284030431144,4.851326659384143,82.5,1000
WeightedRR,45,88,21.412008400116548,4.7805966050801425,83.3,1000
WeightedRR,45,89,22.316447219784962,4.4166840173693975,82.39999999999999,1000
WeightedRR,45,90,21.60301756005619,5.34173285696203,80.30000000000001,1000
WeightedRR,45,91,23.583641668243725,7.325583309183615,81.6,1000
WeightedRR,45,92,23.833165256849053,9.966300137997138,79.80000000000001,1000
WeightedRR,45,93,21.763570114087525,6.765319763101572,81.5,1000
WeightedRR,45,94,23.144166029446584,5.4254866607659435,80.10000000000001,1000
WeightedRR,45,95,20.577628430923347,11.58848255419717,82.28228228228228,999
WeightedRR,45,96,22.908518500058527,4.9196617339131725,81.89999999999999,1000
WeightedRR,45,97,21.330019508063927,4.195987124534511,78.9,1000
WeightedRR,45,98,22.669826478327014,4.507480336280079,82.69999999999999,1000
WeightedRR,45,99,20.305936639295094,4.423516564875973,80.9,1000
WeightedRR,45,100,20.546740734406903,4.299167226661429,83.39999999999999,1000
WeightedRR,45,101,20.95487027138204,4.753529262633621,80.9,1000
WeightedRR,45,102,20.850981228799043,4.62201595648577,81.10000000000001,1000
WeightedRR,45,103,21.825736829853174,4.715934722586506,81.10000000000001,1000
WeightedRR,45,104,20.098556515159533,4.4173044278105245,81.39999999999999,1000
WeightedRR,45,105,20.44541764196143,4.410875303015621,79.80000000000001,1000
WeightedRR,45,106,20.734792425204528,4.8493207751865635,82.39999999999999,1000
WeightedRR,45,107,21.582982236083,4.619192142998406,82.69999999999999,1000
WeightedRR,45,108,22.042969263392457,5.5093993222164235,82.89999999999999,1000
WeightedRR,45,109,22.15904469329834,4.458210509152627,82.1,1000
WeightedRR,45,110,20.36573519124359,4.1220108263061785,81.6,1000
WeightedRR,45,111,23.574438986047138,7.209612005277121,80.2,1000
WeightedRR,45,112,26.46654426246752,6.754962303186176,79.60000000000001,1000
WeightedRR,45,113,25.168493844150326,8.19596247824438,80.5,1000
WeightedRR,45,114,20.81979652995336,4.693939594064019,80.0,1000
WeightedRR,45,115,25.0982756970715,11.68544508866244,80.58058058058059,999
WeightedRR,45,116,20.3273248790733,11.609625308834971,79.77977977977979,999
WeightedRR,45,117,22.491038324939087,5.128543278683703,80.10000000000001,1000
WeightedRR,45,118,20.795942499430755,4.1933451761569795,80.80000000000001,1000
WeightedRR,45,119,20.758105751574885,4.343128580141256,81.69999999999999,1000
WeightedRR,45,120,20.9176355802496,5.406248011948903,82.3,1000
WeightedRR,45,121,22.12744476804284,11.749035065993153,82.18218218218219,999
WeightedRR,45,122,22.628281922494175,4.908531820814374,81.39999999999999,1000
WeightedRR,45,123,23.4134670790752,5.045098178776412,82.39999999999999,1000
WeightedRR,45,124,21.81949806595828,4.957895490584854,81.2,1000
WeightedRR,45,125,20.541992014389386,5.269841161110802,81.8,1000
WeightedRR,45,126,21.421456271590824,6.302029841531779,81.39999999999999,1000
WeightedRR,45,127,22.09953385808577,4.168617856320633,82.8,1000
WeightedRR,45,128,21.38530530067456,4.206126493501808,81.0,1000
WeightedRR,45,129,20.16232724531354,4.5517033581862645,81.39999999999999,1000
WeightedRR,45,130,21.596200128633402,4.9258506490965726,81.5,1000
WeightedRR,45,131,22.690152686269656,4.391364571892287,81.5,1000
WeightedRR,45,132,26.566479102573666,9.424924938145338,80.4,1000
WeightedRR,45,133,20.135190023748937,11.787873632355415,81.38138138138137,999
WeightedRR,45,134,20.963149000775033,4.388707066315217,79.60000000000001,1000
WeightedRR,45,135,20.89290145728636,4.912183136228195,81.3,1000
WeightedRR,45,136,20.396526018911178,4.617889346469925,78.9,1000
WeightedRR,45,137,22.07724595547028,4.2829567050433415,82.89999999999999,1000
WeightedRR,45,138,22.90702022407428,5.470698873901608,81.8,1000
WeightedRR,45,139,20.594487593316664,4.472951360214836,82.89999999999999,1000
WeightedRR,45,140,22.100248953943233,4.56366171257568,81.5,1000
WeightedRR,45,141,18.736588550252353,4.375791999657166,83.5,1000
WeightedRR,45,142,20.258544842746236,11.8640856858784,80.7615230460922,998
WeightedRR,45,143,20.183383427802713,4.900867576793097,82.8,1000
WeightedRR,45,144,21.449138066968132,4.297368720101895,82.19999999999999,1000
WeightedRR,45,145,22.880649691410124,5.740872596846729,82.19999999999999,1000
WeightedRR,45,146,25.023760423664193,7.139360433862013,85.3,1000
WeightedRR,45,147,21.327546062062392,4.816581794880887,80.7,1000
WeightedRR,45,148,22.036475145259672,11.6508009448327,82.28228228228228,999
WeightedRR,45,149,22.17522748164052,7.186724574369509,82.0,1000
WeightedRR,45,150,21.614078742595254,5.152294929744304,79.9,1000
WeightedRR,45,151,23.737053628044393,7.576072722269623,82.5,1000
WeightedRR,45,152,25.05421410154204,6.13188524306901,80.80000000000001,1000
WeightedRR,45,153,21.98996158212221,5.957491514085434,81.5,1000
WeightedRR,45,154,19.87629293760166,4.207890769567664,81.6,1000
WeightedRR,45,155,22.17820169027816,4.199714875875618,79.5,1000
WeightedRR,45,156,20.969804259912838,4.266315575255642,82.5,1000
WeightedRR,45,157,18.926504747358443,4.2044662130372075,81.5,1000
WeightedRR,45,158,22.50399590265553,5.756261171516729,82.5,1000
WeightedRR,45,159,21.190859862314223,4.446924784596468,81.10000000000001,1000
WeightedRR,45,160,23.504774523615296,4.939379198029134,80.80000000000001,1000
WeightedRR,45,161,21.119594756629386,11.557491436684575,81.08108108108108,999
WeightedRR,45,162,24.105641219985397,5.4677414509592595,80.30000000000001,1000
WeightedRR,45,163,22.810113477452038,5.5905628554222435,82.1,1000
WeightedRR,45,164,21.514289921756355,4.298376815329279,79.7,1000
WeightedRR,45,165,25.127410464678945,6.6019853891183,81.3,1000
WeightedRR,45,166,24.655125781917093,7.188272357354293,80.60000000000001,1000
WeightedRR,45,167,20.777722351945776,4.333515714444985,81.89999999999999,1000
WeightedRR,45,168,23.11292262749307,5.1395243579667715,81.39999999999999,1000
WeightedRR,45,169,22.56173304843646,4.8463759912520805,82.19999999999999,1000
WeightedRR,45,170,20.804558851517125,6.15309821936453,81.2,1000
WeightedRR,45,171,21.56003867170188,4.8357060867496005,81.2,1000
WeightedRR,45,172,23.7935099646057,5.28230995052098,80.7,1000
WeightedRR,45,173,19.968550785692596,4.397222840062576,81.10000000000001,1000
WeightedRR,45,174,21.35923159564075,6.395185736930667,81.8,1000
WeightedRR,45,175,21.203292389187737,4.194638275760724,83.2,1000
WeightedRR,45,176,23.44867723165857,4.513035073951891,81.39999999999999,1000
WeightedRR,45,177,20.385089725929024,4.359021107641216,82.0,1000
WeightedRR,45,178,25.00196647684662,6.802170027108784,81.10000000000001,1000
WeightedRR,45,179,20.71660708429577,11.670443661435607,82.08208208208208,999
WeightedRR,45,180,19.71675369404507,4.374216367716507,80.5,1000
WeightedRR,45,181,21.889820390997524,5.286351127048085,80.9,1000
WeightedRR,45,182,20.426765255497433,4.508148493109305,81.5,1000
WeightedRR,45,183,23.32230084919533,4.446377691985168,81.0,1000
WeightedRR,45,184,19.78749196318296,4.291286371231775,81.89999999999999,1000
WeightedRR,45,185,27.218449548235938,6.218500375750953,81.0,1000
WeightedRR,45,186,23.28678834687874,7.590455141864814,80.80000000000001,1000
WeightedRR,45,187,22.011252563804092,4.716474605380549,81.0,1000
WeightedRR,45,188,21.37706129510546,4.438428006716912,81.89999999999999,1000
WeightedRR,45,189,23.46169785238259,5.912072226916765,80.10000000000001,1000
WeightedRR,45,190,20.76395663738111,4.488869446744147,82.8,1000
WeightedRR,45,191,27.384347414005674,8.320149590105581,80.0,1000
WeightedRR,45,192,22.882819757814374,7.210177939203275,81.8,1000
WeightedRR,45,193,24.258989481298343,6.578639847521677,82.39999999999999,1000
WeightedRR,45,194,20.623091451126903,6.932021767585698,82.6,1000
WeightedRR,45,195,22.394649317245545,5.239391421766297,80.7,1000
WeightedRR,45,196,22.681388932563355,5.75292430462888,84.2,1000
WeightedRR,45,197,21.3398229172465,4.378266444377169,80.10000000000001,1000
WeightedRR,45,198,21.509029804419914,5.390361225846212,82.69999999999999,1000
WeightedRR,45,199,24.333408718228494,6.025490925265821,79.9,1000
WeightedRR,46,0,21.647895756854982,5.345734545206602,79.80000000000001,1000
WeightedRR,46,1,22.40940498004227,5.4939172304762165,80.9,1000
WeightedRR,46,2,22.263634087911363,4.154096790074553,80.60000000000001,1000
WeightedRR,46,3,22.811804433765335,4.246000336864427,82.5,1000
WeightedRR,46,4,22.934999162432643,4.529498081967064,82.1,1000
WeightedRR,46,5,22.00199473376649,5.571545816457825,83.39999999999999,1000
WeightedRR,46,6,21.92252310193768,6.6215054140486505,82.5,1000
WeightedRR,46,7,19.935943532642636,11.468374913739316,83.68368368368368,999
WeightedRR,46,8,25.286208939164485,4.680812889549179,81.6,1000
WeightedRR,46,9,20.894926408394742,4.24038607434894,82.89999999999999,1000
WeightedRR,46,10,22.572615333127587,4.175063290832257,81.69999999999999,1000
WeightedRR,46,11,21.451183371136132,4.479737307933007,82.1,1000
WeightedRR,46,12,22.060211744581306,4.349413390900823,79.4,1000
WeightedRR,46,13,23.154095099973397,4.548259703730083,81.8,1000
WeightedRR,46,14,19.148999152445256,4.471762524881007,80.0,1000
WeightedRR,46,15,19.535422756304687,4.3051234285963025,81.2,1000
WeightedRR,46,16,24.337150291694204,5.523718754063083,80.60000000000001,1000
WeightedRR,46,17,21.969491009786374,4.408706985324926,83.5,1000
WeightedRR,46,18,25.73113891523352,8.147953246602967,83.3,1000
WeightedRR,46,19,21.26876728398205,4.324117154419844,82.3,1000
WeightedRR,46,20,22.986707889194722,4.766506400803969,81.8,1000
WeightedRR,46,21,23.54054377356763,6.5741662671003755,82.89999999999999,1000
WeightedRR,46,22,24.13082646087344,6.13550859093321,80.0,1000
WeightedRR,46,23,22.557248392947713,5.940312322314663,82.19999999999999,1000
WeightedRR,46,24,21.12083118253616,4.471575857733792,84.0,1000
WeightedRR,46,25,24.48623237949122,7.633488641660748,81.89999999999999,1000
WeightedRR,46,26,21.996600087730943,11.391122053562038,82.08208208208208,999
WeightedRR,46,27,23.25962876307495,6.651905255312115,79.7,1000
WeightedRR,46,28,24.06403710395094,6.559496429319856,82.19999999999999,1000
WeightedRR,46,29,20.287800635788763,4.464372414566833,81.8,1000
WeightedRR,46,30,22.46892435346348,4.081816728191811,81.3,1000
WeightedRR,46,31,20.150308898210728,4.423980008326807,82.3,1000
WeightedRR,46,32,22.71743096230328,7.634839573079908,81.8,1000
WeightedRR,46,33,24.628954214126512,5.917109791923326,82.19999999999999,1000
WeightedRR,46,34,20.166523088806198,4.308362863833308,83.1,1000
WeightedRR,46,35,22.252002704712535,4.4542308403521185,79.60000000000001,1000
WeightedRR,46,36,20.978398086632716,5.679368814336695,81.6,1000
WeightedRR,46,37,21.61564026247492,5.834502915066431,80.0,1000
WeightedRR,46,38,22.73273491320997,4.189682217936804,82.89999999999999,1000
WeightedRR,46,39,23.072673311018963,5.053385492604595,82.1,1000
WeightedRR,46,40,19.68770280994563,4.015060268000362,81.6,1000
WeightedRR,46,41,23.518598039484214,5.2208669938659815,83.7,1000
WeightedRR,46,42,21.40325963026949,4.210069906673527,81.3,1000
WeightedRR,46,43,21.614826023641882,4.310057646014403,81.39999999999999,1000
WeightedRR,46,44,21.966909182006766,4.118116402761337,80.2,1000
WeightedRR,46,45,21.180341238381864,4.267653722239707,82.0,1000
WeightedRR,46,46,20.847250220738307,11.327426173175828,83.78378378378379,999
WeightedRR,46,47,22.028769607063722,4.993189285418862,81.2,1000
WeightedRR,46,48,21.693941768264594,4.329825914082682,83.6,1000
WeightedRR,46,49,25.014909375726464,4.725587484670969,79.10000000000001,1000
WeightedRR,46,50,20.902072851527397,4.227546590807218,82.3,1000
WeightedRR,46,51,21.022721899121684,5.160286831488585,81.69999999999999,1000
WeightedRR,46,52,24.395506930586382,10.617087181043365,82.89999999999999,1000
WeightedRR,46,53,22.85220798933601,4.239981860784932,81.69999999999999,1000
WeightedRR,46,54,24.659197526875403,5.549770955069286,81.69999999999999,1000
WeightedRR,46,55,24.15042484968334,6.730006507167162,80.9,1000
WeightedRR,46,56,21.817242551619987,4.937508585321714,81.10000000000001,1000
WeightedRR,46,57,21.2211809895161,4.0698408153199646,82.89999999999999,1000
WeightedRR,46,58,22.503483444985562,5.25953610687106,81.5,1000
WeightedRR,46,59,20.230916934352123,4.193003783623466,80.9,1000
WeightedRR,46,60,24.033199176670504,5.61566780870723,82.19999999999999,1000
WeightedRR,46,61,25.059653814787143,11.324713067160328,83.28328328328328,999
WeightedRR,46,62,22.698650842759285,4.806389310065492,80.80000000000001,1000
WeightedRR,46,63,20.132851825821746,4.270119882688416,82.3,1000
WeightedRR,46,64,20.37721332247334,4.7834994573201755,81.39999999999999,1000
WeightedRR,46,65,21.793716501181546,4.398516923864922,81.39999999999999,1000
WeightedRR,46,66,23.044292663959617,5.696088590694361,82.39999999999999,1000
WeightedRR,46,67,20.889763744221113,4.685544863101668,80.80000000000001,1000
WeightedRR,46,68,21.273167097944487,4.40971380669919,82.0,1000
WeightedRR,46,69,21.490170227321475,4.24296872738439,81.39999999999999,1000
WeightedRR,46,70,23.23267140842271,6.084443337394698,82.1,1000
WeightedRR,46,71,20.78575172915108,5.662779183138547,80.30000000000001,1000
WeightedRR,46,72,24.450149085724302,5.766380827600208,83.3,1000
WeightedRR,46,73,22.87236624000157,7.244583091735633,81.10000000000001,1000
WeightedRR,46,74,26.937917727465265,11.380878224882043,81.48148148148148,999
WeightedRR,46,75,20.159260021981076,4.071940758315999,82.39999999999999,1000
WeightedRR,46,76,22.66722473056023,5.723764837202328,81.2,1000
WeightedRR,46,77,23.39651469855995,7.3776933414984125,80.30000000000001,1000
WeightedRR,46,78,23.530333837788284,5.843494945393144,81.89999999999999,1000
WeightedRR,46,79,21.710673739962456,4.405553767192362,82.6,1000
WeightedRR,46,80,20.831647098594033,4.135939435765991,82.8,1000
WeightedRR,46,81,19.606917871325507,11.255784414515261,79.47947947947948,999
WeightedRR,46,82,21.816832067004185,5.5668422897007686,81.39999999999999,1000
WeightedRR,46,83,21.44038212185197,7.025544763886403,83.1,1000
WeightedRR,46,84,23.480206117212607,6.232472049724847,82.5,1000
WeightedRR,46,85,19.81237372214575,4.301170053774424,80.7,1000
WeightedRR,46,86,21.514021968503563,4.324730513086193,82.5,1000
WeightedRR,46,87,26.122625580197106,9.16461926992281,81.39999999999999,1000
WeightedRR,46,88,21.22557234089336,5.703664994596126,82.3,1000
WeightedRR,46,89,23.22610902256892,5.757974153307126,80.10000000000001,1000
WeightedRR,46,90,21.740870046919923,4.541896265661117,80.4,1000
WeightedRR,46,91,23.89024827880411,4.324846287832594,81.10000000000001,1000
WeightedRR,46,92,20.143355187486318,4.396100455313393,81.69999999999999,1000
WeightedRR,46,93,19.274860318591905,4.252017510975342,81.39999999999999,1000
WeightedRR,46,94,21.44623479871923,4.227520338580304,84.0,1000
WeightedRR,46,95,20.615355229793515,4.942585402304758,82.19999999999999,1000
WeightedRR,46,96,21.87051500619934,4.53323146148951,83.0,1000
WeightedRR,46,97,24.6813426292765,11.44394505959941,80.88088088088088,999
WeightedRR,46,98,23.405328938675673,4.564840949046716,83.0,1000
WeightedRR,46,99,20.80545530656581,4.292891733553306,80.9,1000
WeightedRR,46,100,21.275339686421365,4.848718264274399,81.2,1000
WeightedRR,46,101,22.01412395616263,7.588526805178201,82.6,1000
WeightedRR,46,102,20.902029959888857,4.566114286456653,83.0,1000
WeightedRR,46,103,20.629691487902225,4.079083996840019,80.5,1000
WeightedRR,46,104,22.02960569597601,4.475763918737754,81.6,1000
WeightedRR,46,105,21.713322975826056,4.357557279129742,80.4,1000
WeightedRR,46,106,24.41800020594849,6.1322084513921205,81.6,1000
WeightedRR,46,107,21.281662515185584,4.6885864945444675,81.89999999999999,1000
WeightedRR,46,108,21.168348886173334,11.211215028672427,81.68168168168168,999
WeightedRR,46,109,19.877235570323492,3.9865235086698263,81.39999999999999,1000
WeightedRR,46,110,21.570317838977804,5.18123559868644,82.69999999999999,1000
WeightedRR,46,111,22.166617233023636,5.417729040876894,82.39999999999999,1000
WeightedRR,46,112,20.996789338371578,4.483600351527159,83.1,1000
WeightedRR,46,113,21.99752782253673,11.386383499041035,80.28028028028028,999
WeightedRR,46,114,22.682376636144742,11.259258026664636,81.18118118118119,999
WeightedRR,46,115,24.082723393347855,6.4983130077661055,81.10000000000001,1000
WeightedRR,46,116,23.700014875017636,4.360039520091679,80.30000000000001,1000
WeightedRR,46,117,26.92105056967174,9.221637314090877,82.5,1000
WeightedRR,46,118,20.529940308173185,11.400497002209535,80.98098098098097,999
WeightedRR,46,119,21.92519940342765,4.643834142752702,80.80000000000001,1000
WeightedRR,46,120,21.88892812306898,5.231872240162844,80.80000000000001,1000
WeightedRR,46,121,21.964647037007715,5.31585767399744,83.2,1000
WeightedRR,46,122,25.431177237999215,4.8964989810922965,82.69999999999999,1000
WeightedRR,46,123,21.12517550936415,4.292650572206841,81.8,1000
WeightedRR,46,124,23.8354722799161,9.873148540739596,82.39999999999999,1000
WeightedRR,46,125,21.51382935553217,4.398155422624174,81.69999999999999,1000
WeightedRR,46,126,21.145556478979163,4.171958787772011,82.69999999999999,1000
WeightedRR,46,127,20.842698209974063,4.080791834637797,80.5,1000
WeightedRR,46,128,21.1055136761212,4.482600319620543,82.8,1000
WeightedRR,46,129,19.805468991195113,4.228461918513575,79.9,1000
WeightedRR,46,130,20.12976314888628,4.649170796030443,82.8,1000
WeightedRR,46,131,20.069927298340687,4.44482396625277,81.39999999999999,1000
WeightedRR,46,132,24.540830233793173,4.609395964053788,81.69999999999999,1000
WeightedRR,46,133,23.03621745398995,4.446988284982606,82.1,1000
WeightedRR,46,134,21.00518216130598,4.103418097797073,81.89999999999999,1000
WeightedRR,46,135,21.005260915207305,4.819863940090922,82.39999999999999,1000
WeightedRR,46,136,21.472402906773436,4.641907024820454,79.60000000000001,1000
WeightedRR,46,137,20.203682025538225,4.256716033228125,81.0,1000
WeightedRR,46,138,22.918579490122927,5.6530157696108,81.6,1000
WeightedRR,46,139,20.20192099381328,4.443486090809489,81.3,1000
WeightedRR,46,140,22.545361157166372,4.336709828693859,81.10000000000001,1000
WeightedRR,46,141,21.236887905471807,4.68273190402412,81.8,1000
WeightedRR,46,142,23.11568759399572,5.887195850537683,81.39999999999999,1000
WeightedRR,46,143,20.768475055915303,4.537199498357061,80.5,1000
WeightedRR,46,144,23.533789134648732,5.297246515907187,82.19999999999999,1000
WeightedRR,46,145,25.000253247082693,6.269007087121427,81.39999999999999,1000
WeightedRR,46,146,22.360008831734973,4.378092085129918,82.5,1000
WeightedRR,46,147,23.468611648411574,4.72891139247345,78.8,1000
WeightedRR,46,148,23.92395080838772,4.408513751317409,84.39999999999999,1000
WeightedRR,46,149,23.5507225438562,5.336975277657251,80.7,1000
WeightedRR,46,150,19.12060139480158,4.589158357779218,80.60000000000001,1000
WeightedRR,46,151,21.103723015390614,4.362523734278873,80.80000000000001,1000
WeightedRR,46,152,24.299390126922923,8.925998516570544,81.6,1000
WeightedRR,46,153,25.553107142671628,6.08687429138456,80.7,1000
WeightedRR,46,154,22.520118322450408,4.283164022690955,81.0,1000
WeightedRR,46,155,20.005171537860306,4.161173813958064,80.60000000000001,1000
WeightedRR,46,156,25.18898170840197,5.015703037648604,81.39999999999999,1000
WeightedRR,46,157,22.42923464535168,4.602552764358038,81.10000000000001,1000
WeightedRR,46,158,21.389498161856114,4.233047420595459,80.80000000000001,1000
WeightedRR,46,159,22.871516147063183,4.296314500145131,83.7,1000
WeightedRR,46,160,21.133917793605985,5.004512244644908,83.39999999999999,1000
WeightedRR,46,161,24.812995572035252,6.7020916662330245,81.3,1000
WeightedRR,46,162,22.030150921052815,4.876423822987626,81.69999999999999,1000
WeightedRR,46,163,26.20995380295455,5.9523277460948885,82.69999999999999,1000
WeightedRR,46,164,25.23788838231212,11.402293313735989,83.88388388388388,999
WeightedRR,46,165,21.954879475766884,5.0729784100401885,81.10000000000001,1000
WeightedRR,46,166,21.629287249922697,11.360444115633536,83.78378378378379,999
WeightedRR,46,167,21.836458986060123,3.950897073817558,81.2,1000
WeightedRR,46,168,22.39537359917729,5.333981496645065,82.1,1000
WeightedRR,46,169,23.125949070843852,4.527817612015827,81.89999999999999,1000
WeightedRR,46,170,22.894792657910294,4.6112937624678985,82.6,1000
WeightedRR,46,171,22.42772563354554,6.166923384977406,81.0,1000
WeightedRR,46,172,23.052784942802777,4.319687656238173,81.5,1000
WeightedRR,46,173,20.87585626895317,4.277650233440989,81.89999999999999,1000
WeightedRR,46,174,21.503369067407107,4.329852011936854,81.5,1000
WeightedRR,46,175,21.946397328780446,6.100437339124984,82.39999999999999,1000
WeightedRR,46,176,20.960505462220077,4.5222744784206785,79.3,1000
WeightedRR,46,177,21.590266381224602,4.571134236838475,81.10000000000001,1000
WeightedRR,46,178,22.662471803297926,6.404351103259584,83.2,1000
WeightedRR,46,179,21.674427010364397,5.320162038536411,80.80000000000001,1000
WeightedRR,46,180,20.413537840125205,4.642312423481444,80.60000000000001,1000
WeightedRR,46,181,23.263767242501874,4.858352753211385,83.7,1000
WeightedRR,46,182,20.95788769716494,4.775042503184714,80.80000000000001,1000
WeightedRR,46,183,24.40372767702901,6.67642957874846,81.69999999999999,1000
WeightedRR,46,184,21.010044873615065,4.6523947267110675,81.5,1000
WeightedRR,46,185,19.645674054245948,3.996685808858212,82.1,1000
WeightedRR,46,186,21.081063426117858,4.337743567375282,82.0,1000
WeightedRR,46,187,20.36056450896408,4.630003188836852,81.0,1000
WeightedRR,46,188,21.537167965026622,3.9727459207339493,80.80000000000001,1000
WeightedRR,46,189,20.42966004514935,5.889841931611522,81.5,1000
WeightedRR,46,190,23.484784976693447,4.931400002278789,80.4,1000
WeightedRR,46,191,22.860776433962744,8.699106316537124,82.39999999999999,1000
WeightedRR,46,192,22.42168605835936,4.39496595807588,82.6,1000
WeightedRR,46,193,20.962308136328737,4.24935298682281,80.9,1000
WeightedRR,46,194,21.50625559851729,4.276707382216284,81.39999999999999,1000
WeightedRR,46,195,22.60709308023552,4.416125587342662,83.5,1000
WeightedRR,46,196,22.85924271125846,5.8891461637994835,82.8,1000
WeightedRR,46,197,24.26779804298736,6.271442900699874,80.60000000000001,1000
WeightedRR,46,198,20.363143017292728,4.150225498442238,80.10000000000001,1000
WeightedRR,46,199,22.981029413479927,5.7819610389647975,83.0,1000
PriorityMinMin,42,0,12.482297056478556,4.023608137416912,97.2,1000
PriorityMinMin,42,1,12.484261022596078,4.448937737308527,96.0,1000
PriorityMinMin,42,2,11.897969762355148,4.254642243431658,96.0,1000
PriorityMinMin,42,3,12.467627269583463,4.217718082605159,95.89999999999999,1000
PriorityMinMin,42,4,12.530070832023739,4.307986452406873,95.6,1000
PriorityMinMin,42,5,12.704747013876988,4.233631588618384,96.3,1000
PriorityMinMin,42,6,12.351735981601307,4.534138734078926,96.1,1000
PriorityMinMin,42,7,13.165374757787896,4.17697636268606,95.1,1000
PriorityMinMin,42,8,14.16616291139459,5.71802675137905,96.3,1000
PriorityMinMin,42,9,13.705370766983648,7.372083635652916,95.5,1000
PriorityMinMin,42,10,12.390687719100686,4.522510021489852,95.89999999999999,1000
PriorityMinMin,42,11,12.41572645930627,4.10723983197088,95.7,1000
PriorityMinMin,42,12,12.43303388239853,4.308831105873233,95.8,1000
PriorityMinMin,42,13,12.328137284385983,4.237477591487028,96.1,1000
PriorityMinMin,42,14,12.5521535636867,4.573104990860724,96.3,1000
PriorityMinMin,42,15,12.764031766298952,4.2871912737340105,96.7,1000
PriorityMinMin,42,16,12.682650869849445,4.013732862836486,96.2,1000
PriorityMinMin,42,17,12.711731689320493,4.2711282488688,96.0,1000
PriorityMinMin,42,18,13.836864938276543,4.479715809753695,96.1,1000
PriorityMinMin,42,19,11.611140977758318,4.416504210587158,95.39999999999999,1000
PriorityMinMin,42,20,12.760473084548545,4.012167086659427,96.39999999999999,1000
PriorityMinMin,42,21,12.781926268601232,4.283393268601146,95.89999999999999,1000
PriorityMinMin,42,22,12.860999657401255,4.3144698555050836,96.0,1000
PriorityMinMin,42,23,12.103917494873066,4.185071237573757,95.89999999999999,1000
PriorityMinMin,42,24,12.543733161298105,4.020228297138125,96.2,1000
PriorityMinMin,42,25,13.655053475253931,4.5437035608685825,96.89999999999999,1000
PriorityMinMin,42,26,13.06075417348589,4.394185277408212,97.2,1000
PriorityMinMin,42,27,12.11057674771162,4.379968728415588,95.7,1000
PriorityMinMin,42,28,11.841943081493218,4.082543291405964,95.89999999999999,1000
PriorityMinMin,42,29,13.450581491659468,5.33356455713441,95.3,1000
PriorityMinMin,42,30,12.530611074673054,4.071410477797435,96.3,1000
PriorityMinMin,42,31,12.486130362230556,4.259890374053902,96.89999999999999,1000
PriorityMinMin,42,32,12.170365955876848,4.404386805835592,96.2,1000
PriorityMinMin,42,33,12.730918995344018,4.139812028183287,96.5,1000
PriorityMinMin,42,34,12.207200161877763,4.596424755537608,96.5,1000
PriorityMinMin,42,35,12.043528356060532,4.316956268851381,95.7,1000
PriorityMinMin,42,36,12.117909813876928,4.388056553849265,97.2,1000
PriorityMinMin,42,37,13.14009030133294,4.129674255221891,96.0,1000
PriorityMinMin,42,38,12.221528081153847,4.081680149201531,97.2,1000
PriorityMinMin,42,39,12.720857057923302,4.25103367559997,97.6,1000
PriorityMinMin,42,40,14.193437265804278,4.334422397052643,96.6,1000
PriorityMinMin,42,41,16.391419046373624,8.528616287224372,96.89999999999999,1000
PriorityMinMin,42,42,12.526286783757202,4.201423201344554,97.39999999999999,1000
PriorityMinMin,42,43,12.688150989941121,4.2059312894754814,96.8,1000
PriorityMinMin,42,44,12.464468318791,4.121335419219778,96.6,1000
PriorityMinMin,42,45,12.364808975949149,4.405966425417757,95.8,1000
PriorityMinMin,42,46,12.395676451333749,4.123893487900534,95.39999999999999,1000
PriorityMinMin,42,47,14.162527450797242,5.818988902833566,96.5,1000
PriorityMinMin,42,48,14.275326009744356,7.547361710308602,95.6,1000
PriorityMinMin,42,49,13.937887780207662,4.231627094308639,96.3,1000
PriorityMinMin,42,50,12.571664861675858,4.3031512230760525,96.8,1000
PriorityMinMin,42,51,13.330425411112468,3.9839563241694216,96.6,1000
PriorityMinMin,42,52,11.841642550301227,4.121135744330154,96.5,1000
PriorityMinMin,42,53,13.280114503661386,4.223749125872715,96.3,1000
PriorityMinMin,42,54,12.459677360704609,4.290655400380402,95.6,1000
PriorityMinMin,42,55,12.97714873857945,4.2024591158382485,96.7,1000
PriorityMinMin,42,56,12.315523261531137,4.728960801309744,96.6,1000
PriorityMinMin,42,57,12.543333728563853,4.14688982175883,97.39999999999999,1000
PriorityMinMin,42,58,12.625292513116321,4.158069485192373,95.39999999999999,1000
PriorityMinMin,42,59,13.207344181832388,4.542778951911246,97.1,1000
PriorityMinMin,42,60,12.843545631495326,4.236722135411436,96.2,1000
PriorityMinMin,42,61,12.859015800035882,4.640007119408823,95.8,1000
PriorityMinMin,42,62,12.373452264783227,4.0803247492316,95.1,1000
PriorityMinMin,42,63,12.671151309251188,4.258887335290466,97.1,1000
PriorityMinMin,42,64,12.484323589801425,4.220453897918581,97.0,1000
PriorityMinMin,42,65,12.843657487483092,4.319455147610884,97.3,1000
PriorityMinMin,42,66,12.455679153988077,4.340733808515642,96.5,1000
PriorityMinMin,42,67,12.648621667229124,4.503192458839073,96.6,1000
PriorityMinMin,42,68,12.834972485828281,4.1956840720520425,96.8,1000
PriorityMinMin,42,69,13.144641711750976,4.545812276633711,97.0,1000
PriorityMinMin,42,70,13.590732773920626,4.220760334809953,97.2,1000
PriorityMinMin,42,71,12.765591503760422,4.41951934518109,97.0,1000
PriorityMinMin,42,72,11.987754111458754,4.019344312411274,96.39999999999999,1000
PriorityMinMin,42,73,12.116177873465352,4.254777521317535,94.89999999999999,1000
PriorityMinMin,42,74,12.315008802830462,4.5273359463046425,96.6,1000
PriorityMinMin,42,75,13.67609580461073,4.375660346304854,96.39999999999999,1000
PriorityMinMin,42,76,12.866643128456793,4.01736251791928,96.0,1000
PriorityMinMin,42,77,12.789498447059444,4.230507635076527,96.89999999999999,1000
PriorityMinMin,42,78,13.257868412893371,5.160554454846189,95.5,1000
PriorityMinMin,42,79,12.390355775034761,4.401599464889819,96.89999999999999,1000
PriorityMinMin,42,80,13.766517205439378,4.121340296328541,96.2,1000
PriorityMinMin,42,81,12.213617417000373,4.530976447984353,95.89999999999999,1000
PriorityMinMin,42,82,12.398326172805103,4.248216417864572,96.7,1000
PriorityMinMin,42,83,14.309161059471425,4.681344462651249,96.2,1000
PriorityMinMin,42,84,11.73466634118994,4.316668321095234,95.0,1000
PriorityMinMin,42,85,12.827409471854578,3.9441122516585856,96.39999999999999,1000
PriorityMinMin,42,86,14.704095255887362,5.911981513888866,96.1,1000
PriorityMinMin,42,87,12.975279669277366,4.10029271457079,97.7,1000
PriorityMinMin,42,88,14.758604263149593,5.008640952678484,96.3,1000
PriorityMinMin,42,89,12.605517559641827,4.2454843186309175,96.3,1000
PriorityMinMin,42,90,12.657845537816804,4.093513096013839,97.1,1000
PriorityMinMin,42,91,13.805790020104764,4.415397271281137,97.0,1000
PriorityMinMin,42,92,12.358042195348903,11.451678290807784,96.3963963963964,999
PriorityMinMin,42,93,12.856331136680009,4.208537958345607,95.19999999999999,1000
PriorityMinMin,42,94,12.433268528888846,4.073812024950651,96.7,1000
PriorityMinMin,42,95,12.819743099903862,4.119739490651196,95.39999999999999,1000
PriorityMinMin,42,96,12.214318667811742,4.310269513113495,96.7,1000
PriorityMinMin,42,97,12.320909528560358,4.086276814630876,96.8,1000
PriorityMinMin,42,98,12.948734951979928,4.253154628679881,96.3,1000
PriorityMinMin,42,99,12.550055705791362,4.638966577238202,96.5,1000
PriorityMinMin,42,100,13.387750341676725,4.449826274276947,96.1,1000
PriorityMinMin,42,101,15.4471837362163,7.655324513117565,96.8,1000
PriorityMinMin,42,102,12.182025674337943,4.255604428124543,95.1,1000
PriorityMinMin,42,103,12.235240154745698,4.305742315625074,97.0,1000
PriorityMinMin,42,104,12.962796568848441,4.370907543280387,96.3,1000
PriorityMinMin,42,105,14.67774423621609,6.191379415822398,95.6,1000
PriorityMinMin,42,106,13.077903522295095,5.687921302778512,97.1,1000
PriorityMinMin,42,107,13.325836496164255,4.12141792842125,95.19999999999999,1000
PriorityMinMin,42,108,12.552948614088743,4.442027535815114,94.89999999999999,1000
PriorityMinMin,42,109,14.373161366755939,6.559609097994375,96.2,1000
PriorityMinMin,42,110,13.5985881597027,4.582331235480079,96.5,1000
PriorityMinMin,42,111,12.773617132564949,4.2878054508905,96.0,1000
PriorityMinMin,42,112,12.76494541558498,4.555117665982545,95.0,1000
PriorityMinMin,42,113,12.925898590880614,3.95449019321465,95.39999999999999,1000
PriorityMinMin,42,114,12.279254141154016,4.2255595142783635,96.3,1000
PriorityMinMin,42,115,12.60160765743894,4.535801432759501,96.39999999999999,1000
PriorityMinMin,42,116,12.811385545568616,4.494780132719602,96.7,1000
PriorityMinMin,42,117,13.63983032511511,4.377894057164789,96.8,1000
PriorityMinMin,42,118,13.088193207537914,11.423276071994769,95.995995995996,999
PriorityMinMin,42,119,12.435068549839448,4.200936959159396,97.0,1000
PriorityMinMin,42,120,12.57242943337733,4.322849997081431,96.39999999999999,1000
PriorityMinMin,42,121,12.645861602327505,4.332371876788676,95.8,1000
PriorityMinMin,42,122,12.08983378669004,4.038066403746576,96.7,1000
PriorityMinMin,42,123,12.962258502714764,4.036493367779851,96.2,1000
PriorityMinMin,42,124,12.9038714099723,4.0433818821677034,95.1,1000
PriorityMinMin,42,125,12.077758460580146,4.044723287369645,95.39999999999999,1000
PriorityMinMin,42,126,13.539131678082699,5.0802881590898465,96.1,1000
PriorityMinMin,42,127,13.365300580645012,4.222813516182296,96.3,1000
PriorityMinMin,42,128,13.785949469294511,5.498200508844633,96.2,1000
PriorityMinMin,42,129,12.697610901834782,4.275090883213031,96.2,1000
PriorityMinMin,42,130,13.835606909683284,4.723731524555778,95.7,1000
PriorityMinMin,42,131,12.931053679911056,4.096085779678607,95.8,1000
PriorityMinMin,42,132,14.911487564709287,7.9389806167471555,96.6,1000
PriorityMinMin,42,133,11.714071834061011,4.303893446310043,96.89999999999999,1000
PriorityMinMin,42,134,12.83260719858616,4.384765487378875,96.2,1000
PriorityMinMin,42,135,14.668106286204452,6.53811216101835,96.3,1000
PriorityMinMin,42,136,13.898662157441304,4.875149494639293,96.1,1000
PriorityMinMin,42,137,13.592903873678477,4.225299716544994,97.0,1000
PriorityMinMin,42,138,13.027528162147124,4.360670775644728,96.3,1000
PriorityMinMin,42,139,12.973609946199145,4.306785576725071,96.7,1000
PriorityMinMin,42,140,12.366763112721689,4.147702726669811,96.3,1000
PriorityMinMin,42,141,12.023442937218627,4.0333131456840885,95.5,1000
PriorityMinMin,42,142,14.619721251289038,5.249985381511064,95.39999999999999,1000
PriorityMinMin,42,143,13.055632915307068,4.197957605851437,96.8,1000
PriorityMinMin,42,144,12.489729659572891,4.086756598946402,96.7,1000
PriorityMinMin,42,145,12.803151409952852,4.396487307407705,97.7,1000
PriorityMinMin,42,146,13.172883115983293,3.9750551370593943,97.2,1000
PriorityMinMin,42,147,11.786962516149892,4.007663644429354,96.5,1000
PriorityMinMin,42,148,12.117171191283811,4.212078371026563,96.1,1000
PriorityMinMin,42,149,13.155569887973154,4.588348686858647,95.8,1000
PriorityMinMin,42,150,12.850223135313708,4.306825133554053,96.2,1000
PriorityMinMin,42,151,11.854120637484653,4.362111545738169,95.8,1000
PriorityMinMin,42,152,13.83538820238768,4.907689915184568,96.1,1000
PriorityMinMin,42,153,13.150369663756596,4.157423953727641,96.8,1000
PriorityMinMin,42,154,12.328228577501372,4.232894797004048,96.1,1000
PriorityMinMin,42,155,15.51547193706247,8.809588939941282,95.1,1000
PriorityMinMin,42,156,12.248633805800084,4.3866467352665115,96.0,1000
PriorityMinMin,42,157,12.644188422917786,4.5585598636532625,96.39999999999999,1000
PriorityMinMin,42,158,13.40862230914242,4.191739754407668,96.89999999999999,1000
PriorityMinMin,42,159,14.361077025562981,4.436189744552043,96.8,1000
PriorityMinMin,42,160,14.199284796314519,4.615908386240573,96.7,1000
PriorityMinMin,42,161,13.278476984883572,4.1048753732112555,96.3,1000
PriorityMinMin,42,162,12.233154861074595,4.413235165714054,97.1,1000
PriorityMinMin,42,163,12.73768935067415,4.267012270518285,96.2,1000
PriorityMinMin,42,164,13.348432539329144,4.04830572960299,96.1,1000
PriorityMinMin,42,165,16.499788106770055,4.935818346390864,96.2,1000
PriorityMinMin,42,166,12.007254794692388,4.096478131036563,95.6,1000
PriorityMinMin,42,167,14.046369541773322,4.356492671993879,96.6,1000
PriorityMinMin,42,168,16.734391769934803,10.43908088243747,96.7,1000
PriorityMinMin,42,169,12.463723837532594,4.639622800535958,96.6,1000
PriorityMinMin,42,170,12.069094719925477,4.146367149767464,95.3,1000
PriorityMinMin,42,171,11.80986273533197,4.048796573684642,96.39999999999999,1000
PriorityMinMin,42,172,14.616202909924047,5.461644081466728,95.39999999999999,1000
PriorityMinMin,42,173,13.224212249482706,4.567712124252574,95.89999999999999,1000
PriorityMinMin,42,174,13.255633177063661,4.273170053447447,96.2,1000
PriorityMinMin,42,175,12.659983249368407,4.109153182868192,94.6,1000
PriorityMinMin,42,176,12.797983799494796,4.096993598196806,97.5,1000
PriorityMinMin,42,177,12.381221719984579,4.042314208821585,95.3,1000
PriorityMinMin,42,178,12.554782269631247,4.308166315837251,96.8,1000
PriorityMinMin,42,179,12.722945258160042,4.424424823212861,97.7,1000
PriorityMinMin,42,180,13.118363310648254,4.414373943614713,96.39999999999999,1000
PriorityMinMin,42,181,12.37632690720724,4.277771070224298,96.8,1000
PriorityMinMin,42,182,13.18123556172483,4.382492596158786,96.89999999999999,1000
PriorityMinMin,42,183,13.587215131739413,5.58613146973424,95.6,1000
PriorityMinMin,42,184,13.240334956545015,4.42095553145405,96.0,1000
PriorityMinMin,42,185,12.292365962250573,4.120646291451827,96.3,1000
PriorityMinMin,42,186,12.788452734294381,4.39185361938088,95.1,1000
PriorityMinMin,42,187,13.00424002084211,5.374567445343599,96.89999999999999,1000
PriorityMinMin,42,188,12.873195782835548,4.259109843016128,96.8,1000
PriorityMinMin,42,189,14.685427555586138,8.647253312877135,95.1,1000
PriorityMinMin,42,190,13.544875177682341,4.14474514464235,96.6,1000
PriorityMinMin,42,191,12.431390335174251,4.227489266266689,95.89999999999999,1000
PriorityMinMin,42,192,13.133390551589118,4.22105069300398,95.8,1000
PriorityMinMin,42,193,11.887312341429563,4.20473949411752,94.8,1000
PriorityMinMin,42,194,12.656905603611115,4.208122922246344,96.1,1000
PriorityMinMin,42,195,12.552379914294686,4.165232164477919,96.89999999999999,1000
PriorityMinMin,42,196,12.759678037391488,4.1401195212497965,96.6,1000
PriorityMinMin,42,197,13.609197798132856,4.4155364201835186,95.8,1000
PriorityMinMin,42,198,12.098303500939974,4.248130528597549,96.0,1000
PriorityMinMin,42,199,11.989072458222381,4.216134730890936,95.8,1000
PriorityMinMin,43,0,12.441889329422342,4.136648499093568,96.8,1000
PriorityMinMin,43,1,12.240011417468304,4.132505725802507,96.5,1000
PriorityMinMin,43,2,13.358447551285746,4.369974615953615,97.2,1000
PriorityMinMin,43,3,12.363058000528554,4.369245915310321,96.0,1000
PriorityMinMin,43,4,12.422210942798953,3.989008890496909,97.6,1000
PriorityMinMin,43,5,11.709944854614232,3.971005343763347,96.8,1000
PriorityMinMin,43,6,12.957006245462813,4.667688285775377,96.8,1000
PriorityMinMin,43,7,12.992772987655703,4.022260329177253,96.1,1000
PriorityMinMin,43,8,12.992111823853392,4.23113776841438,97.7,1000
PriorityMinMin,43,9,12.805824657106065,4.136645058530789,96.5,1000
PriorityMinMin,43,10,13.898409400935023,6.126908460473672,96.8,1000
PriorityMinMin,43,11,12.417567178775135,4.110430418722128,97.0,1000
PriorityMinMin,43,12,12.816611328923553,4.138597452879357,95.89999999999999,1000
PriorityMinMin,43,13,13.685806029114103,4.1147115474765465,97.5,1000
PriorityMinMin,43,14,12.240660201661708,4.153130721421285,97.0,1000
PriorityMinMin,43,15,13.953755217727743,4.833558103487161,97.2,1000
PriorityMinMin,43,16,12.819035721947925,4.047571513883465,97.0,1000
PriorityMinMin,43,17,12.652953935708348,4.825994996823349,95.89999999999999,1000
PriorityMinMin,43,18,12.791618756394035,4.491651160880263,96.1,1000
PriorityMinMin,43,19,11.6953470128854,4.0342787727765375,97.2,1000
PriorityMinMin,43,20,12.497655213431498,4.415428907191024,96.6,1000
PriorityMinMin,43,21,13.64113687931295,3.9811603005925176,97.2,1000
PriorityMinMin,43,22,12.37690131241567,4.319531854694244,96.3,1000
PriorityMinMin,43,23,12.162927206814308,4.370147800821786,96.5,1000
PriorityMinMin,43,24,14.429909246858198,4.566194625186217,97.2,1000
PriorityMinMin,43,25,11.865225481337866,4.000775785285766,97.39999999999999,1000
PriorityMinMin,43,26,13.395824568098519,4.108272889696594,97.1,1000
PriorityMinMin,43,27,12.108234959746543,4.308599277317066,97.3,1000
PriorityMinMin,43,28,13.05865695180772,4.2163305387444465,96.89999999999999,1000
PriorityMinMin,43,29,12.590280642820712,4.184512172488589,97.1,1000
PriorityMinMin,43,30,13.86513640698061,3.890652356382812,97.6,1000
PriorityMinMin,43,31,12.241950597628307,4.151743702489406,96.3,1000
PriorityMinMin,43,32,12.472341122335457,4.684848115541332,97.2,1000
PriorityMinMin,43,33,12.24297913523186,4.258393260891236,96.89999999999999,1000
PriorityMinMin,43,34,12.176242770307377,4.064357383470326,97.1,1000
PriorityMinMin,43,35,12.05254833078467,4.3682535545569525,96.89999999999999,1000
PriorityMinMin,43,36,12.355801410152285,4.176931204651194,97.5,1000
PriorityMinMin,43,37,14.286000028435344,4.294059120328089,96.7,1000
PriorityMinMin,43,38,12.56879167071047,4.320306678258347,96.8,1000
PriorityMinMin,43,39,14.257174032216614,4.505898625200002,97.2,1000
PriorityMinMin,43,40,12.315243109121553,4.2571497928058575,96.8,1000
PriorityMinMin,43,41,12.945740472399985,4.344921139529274,96.89999999999999,1000
PriorityMinMin,43,42,13.127491175565387,4.445710782084031,97.1,1000
PriorityMinMin,43,43,13.32830546418445,4.3028278384966026,98.1,1000
PriorityMinMin,43,44,11.872916683494768,4.317255323790437,97.0,1000
PriorityMinMin,43,45,13.232971237226014,4.4240108066221016,96.5,1000
PriorityMinMin,43,46,11.436564011475204,4.1708255740369795,98.0,1000
PriorityMinMin,43,47,12.374209364450662,4.359800050323867,96.8,1000
PriorityMinMin,43,48,12.02165795227846,4.183489180650503,97.0,1000
PriorityMinMin,43,49,12.462544290308019,4.158586265321565,97.8,1000
PriorityMinMin,43,50,12.403427079727944,4.150734151219272,96.39999999999999,1000
PriorityMinMin,43,51,13.347463080396283,4.126655668010314,96.89999999999999,1000
PriorityMinMin,43,52,12.768687639466927,4.166571420077619,96.89999999999999,1000
PriorityMinMin,43,53,12.686850938596008,4.049826548186281,97.5,1000
PriorityMinMin,43,54,14.465016073931883,7.452582039416691,97.3,1000
PriorityMinMin,43,55,12.818113412968948,3.997164685269463,96.3,1000
PriorityMinMin,43,56,12.386026442099709,4.19961244961054,96.89999999999999,1000
PriorityMinMin,43,57,12.157969128888807,4.004234540852696,97.3,1000
PriorityMinMin,43,58,12.489392561797278,4.346196608503901,97.8,1000
PriorityMinMin,43,59,12.066240372570974,4.025375936091994,97.3,1000
PriorityMinMin,43,60,14.251259108431848,4.31805976552574,97.6,1000
PriorityMinMin,43,61,11.477573524758165,4.092408553636821,95.5,1000
PriorityMinMin,43,62,13.268932926182941,4.272928481071238,97.39999999999999,1000
PriorityMinMin,43,63,12.15659634579376,4.254530904858943,96.8,1000
PriorityMinMin,43,64,12.316534184883924,4.23672236690701,97.3,1000
PriorityMinMin,43,65,14.466356005453642,4.731924039808627,96.7,1000
PriorityMinMin,43,66,12.07746610699247,4.287812769714967,96.39999999999999,1000
PriorityMinMin,43,67,12.379809191053003,4.108615229760219,96.8,1000
PriorityMinMin,43,68,13.301156047367218,4.010144519689077,96.89999999999999,1000
PriorityMinMin,43,69,12.663544685510674,4.411387263796632,97.39999999999999,1000
PriorityMinMin,43,70,12.241097572569688,4.29731672879559,95.6,1000
PriorityMinMin,43,71,12.500447922187583,4.291062154607652,97.3,1000
PriorityMinMin,43,72,12.982848647669496,4.001490295718272,96.5,1000
PriorityMinMin,43,73,12.025339201139362,3.943178110370521,96.89999999999999,1000
PriorityMinMin,43,74,12.667174540573782,5.47868408344177,97.2,1000
PriorityMinMin,43,75,13.361864277490662,4.48257372259753,97.0,1000
PriorityMinMin,43,76,12.371757040185654,4.020653709564226,97.1,1000
PriorityMinMin,43,77,14.555324309176903,4.209117290642464,96.8,1000
PriorityMinMin,43,78,13.188498924443323,4.230892482277376,97.2,1000
PriorityMinMin,43,79,15.243825037883921,8.300185518100413,96.1,1000
PriorityMinMin,43,80,12.504683262839846,4.38110472765623,98.1,1000
PriorityMinMin,43,81,12.502759614804392,4.20714419918039,96.3,1000
PriorityMinMin,43,82,12.959118873052464,4.237905899602244,96.39999999999999,1000
PriorityMinMin,43,83,13.222395916176012,5.734695447059602,96.39999999999999,1000
PriorityMinMin,43,84,13.875831829955066,5.5278103216746075,96.5,1000
PriorityMinMin,43,85,14.120256608058416,5.351659722724705,95.7,1000
PriorityMinMin,43,86,12.84515136683964,4.197941463140089,97.6,1000
PriorityMinMin,43,87,12.766537299239051,4.766884507065805,97.3,1000
PriorityMinMin,43,88,12.005032979482264,4.197419815514346,97.2,1000
PriorityMinMin,43,89,12.469125892657713,4.099153518902172,96.89999999999999,1000
PriorityMinMin,43,90,14.513323305807019,4.1778261347290355,96.8,1000
PriorityMinMin,43,91,14.034499568398914,4.3022638184565745,95.6,1000
PriorityMinMin,43,92,12.147272389793615,4.297408652606276,97.0,1000
PriorityMinMin,43,93,13.709737687817173,3.9646720213508706,97.1,1000
PriorityMinMin,43,94,11.415760961072069,4.232115930146029,97.39999999999999,1000
PriorityMinMin,43,95,13.457643485525274,4.059374183860316,96.8,1000
PriorityMinMin,43,96,15.344229101845848,6.068867815043747,97.39999999999999,1000
PriorityMinMin,43,97,14.049991962543249,4.77933987880075,97.3,1000
PriorityMinMin,43,98,12.658889829186627,3.99578221941299,98.2,1000
PriorityMinMin,43,99,14.957532315301629,5.809091778733317,96.8,1000
PriorityMinMin,43,100,12.359371987795852,4.12958026007339,97.39999999999999,1000
PriorityMinMin,43,101,13.083219309027331,4.098073241820294,97.3,1000
PriorityMinMin,43,102,12.551943252042024,4.063582369802547,96.89999999999999,1000
PriorityMinMin,43,103,16.141510753783777,10.4082142144875,97.5,1000
PriorityMinMin,43,104,12.558925883084711,4.348096910494501,97.3,1000
PriorityMinMin,43,105,11.878890095773663,4.030794717280369,97.39999999999999,1000
PriorityMinMin,43,106,13.097729277639944,4.66924422449093,96.1,1000
PriorityMinMin,43,107,12.370664754202684,4.380296829057699,96.89999999999999,1000
PriorityMinMin,43,108,12.390552007425613,4.129963317425739,96.8,1000
PriorityMinMin,43,109,12.87211939280939,4.15849695575593,97.8,1000
PriorityMinMin,43,110,12.799147656872549,4.190515453295819,97.2,1000
PriorityMinMin,43,111,12.907610476644432,4.467167597718626,97.2,1000
PriorityMinMin,43,112,12.65238770608774,4.356310162371382,96.3,1000
PriorityMinMin,43,113,12.11760854839997,4.703280896089904,97.1,1000
PriorityMinMin,43,114,14.075806296252127,4.654467598927155,96.7,1000
PriorityMinMin,43,115,13.688683841783728,4.209252042945518,96.7,1000
PriorityMinMin,43,116,13.521414215163698,4.59202406581505,96.8,1000
PriorityMinMin,43,117,13.324425252403216,4.0004396916444565,97.3,1000
PriorityMinMin,43,118,13.032403136782072,4.07670158822545,97.0,1000
PriorityMinMin,43,119,12.725197640083472,4.0771840913418576,96.89999999999999,1000
PriorityMinMin,43,120,12.210845920425813,4.283450730458533,97.6,1000
PriorityMinMin,43,121,12.597580246071706,4.261564741748516,97.39999999999999,1000
PriorityMinMin,43,122,14.892162621065957,5.19299950764959,96.7,1000
PriorityMinMin,43,123,12.07589379954136,4.297768276505846,97.8,1000
PriorityMinMin,43,124,12.313123785170166,4.075312132882012,97.2,1000
PriorityMinMin,43,125,12.401380613504745,4.116899033409437,96.89999999999999,1000
PriorityMinMin,43,126,14.350603719128284,4.541118601394864,97.1,1000
PriorityMinMin,43,127,12.56656758316146,4.086575897717167,96.89999999999999,1000
PriorityMinMin,43,128,12.948676140570704,4.108027644804298,97.2,1000
PriorityMinMin,43,129,14.060956225057083,5.195200508001161,97.6,1000
PriorityMinMin,43,130,12.240844626178447,4.03308980588449,96.2,1000
PriorityMinMin,43,131,13.203351672450943,4.273287051924628,97.1,1000
PriorityMinMin,43,132,13.594517153073713,4.377235741672914,96.6,1000
PriorityMinMin,43,133,12.756688489390573,4.67869093673567,97.1,1000
PriorityMinMin,43,134,12.89724453173929,4.221046546738646,98.0,1000
PriorityMinMin,43,135,13.892074633519147,3.9391508845999956,97.0,1000
PriorityMinMin,43,136,13.240118755225447,5.275833917123919,97.3,1000
PriorityMinMin,43,137,13.661573718461343,6.0501021375947825,97.2,1000
PriorityMinMin,43,138,14.06190096961178,4.166646056405087,96.8,1000
PriorityMinMin,43,139,12.533743572321661,4.209736025957659,97.0,1000
PriorityMinMin,43,140,12.852075505635494,4.32341486400081,96.8,1000
PriorityMinMin,43,141,12.795128192625182,5.119066428322984,97.1,1000
PriorityMinMin,43,142,12.433732689803577,4.046832483703029,97.0,1000
PriorityMinMin,43,143,13.317471205275517,4.1430409266506505,97.0,1000
PriorityMinMin,43,144,13.914481137312984,3.9450320726705037,97.5,1000
PriorityMinMin,43,145,12.839305176599929,4.221026137024621,97.6,1000
PriorityMinMin,43,146,12.393295525639747,4.124109745655422,97.89999999999999,1000
PriorityMinMin,43,147,12.382813386127237,4.140471800912254,97.1,1000
PriorityMinMin,43,148,12.640141520580546,4.077838896562047,97.39999999999999,1000
PriorityMinMin,43,149,14.329437196147008,11.430030207397293,96.29629629629629,999
PriorityMinMin,43,150,12.44884382071513,4.220227998169864,96.39999999999999,1000
PriorityMinMin,43,151,11.848249073764514,4.128791405967728,97.5,1000
PriorityMinMin,43,152,18.64703887431726,10.803665106780718,96.8,1000
PriorityMinMin,43,153,12.506138966796893,4.290978918382185,97.0,1000
PriorityMinMin,43,154,13.299831854437048,4.150892088833856,97.1,1000
PriorityMinMin,43,155,13.52382722374626,4.1328288296806255,97.0,1000
PriorityMinMin,43,156,12.824525324982236,4.267141907210536,96.89999999999999,1000
PriorityMinMin,43,157,13.451615079766261,4.039243285637884,96.7,1000
PriorityMinMin,43,158,12.446730429130453,4.203877020565469,97.3,1000
PriorityMinMin,43,159,12.514241991803658,4.2308144950200415,97.6,1000
PriorityMinMin,43,160,11.77388851004808,3.8580711378990444,98.0,1000
PriorityMinMin,43,161,13.95814008640138,4.093200700929325,97.1,1000
PriorityMinMin,43,162,12.537923209718825,4.207675493779757,96.89999999999999,1000
PriorityMinMin,43,163,12.282252767256846,4.123934049234793,97.1,1000
PriorityMinMin,43,164,12.334707450519826,4.003537284456273,96.0,1000
PriorityMinMin,43,165,12.00464069219251,4.062053196168459,96.6,1000
PriorityMinMin,43,166,12.64300992763174,4.028506313280557,97.39999999999999,1000
PriorityMinMin,43,167,11.988872928704756,4.105079173703978,96.1,1000
PriorityMinMin,43,168,15.824580168201209,6.509565824057197,97.6,1000
PriorityMinMin,43,169,12.48350777301675,4.400508066017109,97.7,1000
PriorityMinMin,43,170,12.207079619668082,4.157473154888205,96.39999999999999,1000
PriorityMinMin,43,171,12.59459868271123,3.9347183115912303,96.2,1000
PriorityMinMin,43,172,12.830188637085472,4.30156291564585,96.8,1000
PriorityMinMin,43,173,13.468429166431655,3.9518819484759002,98.2,1000
PriorityMinMin,43,174,14.14707075127495,4.111614810457034,96.5,1000
PriorityMinMin,43,175,13.027258929240668,4.2473879187669,97.0,1000
PriorityMinMin,43,176,13.00463185005702,4.452359192033189,96.5,1000
PriorityMinMin,43,177,12.308385203853907,4.421171562927137,97.39999999999999,1000
PriorityMinMin,43,178,14.604587382944901,7.651595084583396,97.8,1000
PriorityMinMin,43,179,12.737925868760733,4.126638190737569,96.89999999999999,1000
PriorityMinMin,43,180,11.8605646522182,3.982695188003442,97.0,1000
PriorityMinMin,43,181,12.337193063141822,4.130237194346228,97.39999999999999,1000
PriorityMinMin,43,182,16.05663643059952,9.074614176141317,96.6,1000
PriorityMinMin,43,183,12.673995885525517,4.486289441462452,96.6,1000
PriorityMinMin,43,184,13.670817860503822,4.198063410652105,97.2,1000
PriorityMinMin,43,185,12.42935480949296,4.198868601251144,96.2,1000
PriorityMinMin,43,186,12.567393305309094,4.177587231704652,97.6,1000
PriorityMinMin,43,187,13.357009720569621,4.848238579886991,97.0,1000
PriorityMinMin,43,188,13.182204499819706,5.176362355576209,97.2,1000
PriorityMinMin,43,189,12.67982056499369,4.122938460744887,97.0,1000
PriorityMinMin,43,190,12.656257151898306,4.080099922273301,96.3,1000
PriorityMinMin,43,191,14.868467185136316,7.327257090588495,97.5,1000
PriorityMinMin,43,192,14.568390920802695,5.738976873669835,96.39999999999999,1000
PriorityMinMin,43,193,12.946235490631311,5.155043174385798,96.7,1000
PriorityMinMin,43,194,12.109892241310797,5.099340247298542,97.2,1000
PriorityMinMin,43,195,14.743545282763817,5.475218627887209,97.2,1000
PriorityMinMin,43,196,12.59199391301313,4.276081862028791,97.0,1000
PriorityMinMin,43,197,13.638482199863054,4.196911641872309,97.5,1000
PriorityMinMin,43,198,12.54448253815922,4.690046783861065,97.3,1000
PriorityMinMin,43,199,13.789385813491881,5.083314078842267,97.5,1000
PriorityMinMin,44,0,16.411096135326833,5.448687166430132,96.39999999999999,1000
PriorityMinMin,44,1,12.841901398252562,4.03350034267378,98.0,1000
PriorityMinMin,44,2,13.768394678030024,4.789243552084511,96.5,1000
PriorityMinMin,44,3,15.593447000501243,7.44994993266839,97.7,1000
PriorityMinMin,44,4,14.138296838867399,4.349029218183332,96.2,1000
PriorityMinMin,44,5,13.468472502365339,5.307990789978948,96.8,1000
PriorityMinMin,44,6,11.954602920348384,11.575326204838024,97.3973973973974,999
PriorityMinMin,44,7,12.40680401626054,4.109982630115814,97.2,1000
PriorityMinMin,44,8,13.6108886503094,4.505811590723679,96.1,1000
PriorityMinMin,44,9,12.786841774491416,4.067033488541774,95.8,1000
PriorityMinMin,44,10,13.038220890147445,4.195463663652508,97.0,1000
PriorityMinMin,44,11,12.610474553121657,4.251572116316546,95.7,1000
PriorityMinMin,44,12,12.569534223594445,4.180812468001973,96.3,1000
PriorityMinMin,44,13,14.328762808867097,4.368348667018323,96.6,1000
PriorityMinMin,44,14,13.807921617279465,4.280306873847043,97.1,1000
PriorityMinMin,44,15,14.960736234283015,6.596165729286153,96.6,1000
PriorityMinMin,44,16,14.990694655233282,4.8200188450588906,97.2,1000
PriorityMinMin,44,17,12.501158661294584,4.1579538068107444,96.0,1000
PriorityMinMin,44,18,14.25481670668639,4.161189960811434,96.89999999999999,1000
PriorityMinMin,44,19,12.325188569494346,4.35594381249884,96.89999999999999,1000
PriorityMinMin,44,20,12.096922143110477,4.185806445361641,96.39999999999999,1000
PriorityMinMin,44,21,15.510439993766413,8.722604996065776,96.89999999999999,1000
PriorityMinMin,44,22,12.155291631955986,4.060547820809723,96.7,1000
PriorityMinMin,44,23,13.685245113084461,5.074250847463955,96.1,1000
PriorityMinMin,44,24,11.99723555087397,4.2434883601643705,96.5,1000
PriorityMinMin,44,25,12.13509897486512,4.2149620345781,97.6,1000
PriorityMinMin,44,26,13.49177163469598,5.056132580800445,96.89999999999999,1000
PriorityMinMin,44,27,12.950051214303784,4.025511740829904,96.2,1000
PriorityMinMin,44,28,12.579244034130834,4.526777717131107,97.39999999999999,1000
PriorityMinMin,44,29,12.098948905120176,4.4736932554798425,95.7,1000
PriorityMinMin,44,30,11.70523844588023,4.077981062850269,97.1,1000
PriorityMinMin,44,31,11.964959859064635,3.9653992539922416,97.2,1000
PriorityMinMin,44,32,12.488937499520077,4.269384824767238,97.0,1000
PriorityMinMin,44,33,12.820698522459752,4.419834162021603,97.2,1000
PriorityMinMin,44,34,12.67279922391447,4.259130592180914,97.1,1000
PriorityMinMin,44,35,12.582638604591688,4.368569989052781,97.7,1000
PriorityMinMin,44,36,12.84612469400706,4.585198544198923,97.1,1000
PriorityMinMin,44,37,12.844055120680252,4.358778587488359,95.7,1000
PriorityMinMin,44,38,13.438755778329469,4.220553021282637,98.0,1000
PriorityMinMin,44,39,12.917215793173021,4.257687179334175,96.2,1000
PriorityMinMin,44,40,12.294764700607171,11.679261776850966,97.2972972972973,999
PriorityMinMin,44,41,13.132457124379481,4.104051249369054,96.8,1000
PriorityMinMin,44,42,13.170997671935526,4.400340256486289,97.6,1000
PriorityMinMin,44,43,13.54759726325412,5.563730291894968,97.6,1000
PriorityMinMin,44,44,12.908704569962206,4.281538702265368,96.89999999999999,1000
PriorityMinMin,44,45,12.716041642018823,4.338110175648771,97.7,1000
PriorityMinMin,44,46,12.533324290207386,4.176047763372587,97.39999999999999,1000
PriorityMinMin,44,47,12.465529267452123,4.085018225963883,97.3,1000
PriorityMinMin,44,48,13.19909251471467,4.6482651796530625,96.6,1000
PriorityMinMin,44,49,13.319031567279376,3.9781377393396053,96.5,1000
PriorityMinMin,44,50,12.099717351038544,4.364872180528886,96.3,1000
PriorityMinMin,44,51,14.217510927764266,4.710013216433467,96.6,1000
PriorityMinMin,44,52,11.987799214023765,4.199453096253101,95.5,1000
PriorityMinMin,44,53,11.773216529356331,4.248837312354625,96.0,1000
PriorityMinMin,44,54,12.431255053033711,4.141229659178725,95.3,1000
PriorityMinMin,44,55,12.852809145882624,3.9487512822435358,95.8,1000
PriorityMinMin,44,56,12.951500557040713,4.340179604964438,97.8,1000
PriorityMinMin,44,57,13.846796195594171,5.30699170506421,97.1,1000
PriorityMinMin,44,58,12.697241148689951,4.28048025581184,97.3,1000
PriorityMinMin,44,59,12.763812786884893,4.253168136011511,96.0,1000
PriorityMinMin,44,60,12.564179480075735,4.563512327118452,96.39999999999999,1000
PriorityMinMin,44,61,13.10262747841854,4.042547183801703,96.3,1000
PriorityMinMin,44,62,12.208263376548498,4.367149307622696,96.7,1000
PriorityMinMin,44,63,12.503373814113493,4.204001748191264,96.7,1000
PriorityMinMin,44,64,12.315384982945764,4.107819785864239,96.5,1000
PriorityMinMin,44,65,13.2694786021936,4.352857661615075,97.3,1000
PriorityMinMin,44,66,12.418488477323143,4.216826947075,97.3,1000
PriorityMinMin,44,67,12.876428121864409,4.209225604088016,96.6,1000
PriorityMinMin,44,68,12.383844587446927,4.043335306586635,97.0,1000
PriorityMinMin,44,69,12.814763742677426,4.071252909646625,96.8,1000
PriorityMinMin,44,70,12.621609578525266,4.14102748481552,97.2,1000
PriorityMinMin,44,71,12.991882983649912,4.2516919887967015,96.5,1000
PriorityMinMin,44,72,13.670961070484438,4.318886327480273,96.2,1000
PriorityMinMin,44,73,12.971404085875578,4.211463699056188,96.7,1000
PriorityMinMin,44,74,12.762473155913987,3.837224892809818,97.1,1000
PriorityMinMin,44,75,12.23564365641443,4.122182291357118,97.0,1000
PriorityMinMin,44,76,11.956043794652771,4.221114509048269,97.3,1000
PriorityMinMin,44,77,15.870918074635064,6.538729963067739,96.6,1000
PriorityMinMin,44,78,13.66212649207735,4.07339249751681,97.0,1000
PriorityMinMin,44,79,14.572814395989393,6.745884439651031,97.6,1000
PriorityMinMin,44,80,12.823367304594907,4.423243803334643,96.2,1000
PriorityMinMin,44,81,13.428876585592608,4.140670857128137,97.1,1000
PriorityMinMin,44,82,14.313092122566243,4.932963129824615,96.89999999999999,1000
PriorityMinMin,44,83,13.177102357149312,4.113904494674196,96.5,1000
PriorityMinMin,44,84,12.549507102956031,4.4398433385334695,96.89999999999999,1000
PriorityMinMin,44,85,12.812242563765478,4.209444350456847,96.1,1000
PriorityMinMin,44,86,12.417931356749659,4.14562523331882,96.6,1000
PriorityMinMin,44,87,12.618878257447232,4.275834420425393,96.0,1000
PriorityMinMin,44,88,12.116599278010588,4.264971843361939,96.3,1000
PriorityMinMin,44,89,13.704723671947152,5.112987001694065,97.1,1000
PriorityMinMin,44,90,14.010874342492047,4.172606938251528,96.5,1000
PriorityMinMin,44,91,12.23022579316674,4.2495360851864,96.2,1000
PriorityMinMin,44,92,12.278907980332553,4.388033428033986,96.0,1000
PriorityMinMin,44,93,13.689531529777632,4.999468937553906,97.2,1000
PriorityMinMin,44,94,11.990696859607825,4.061085917823147,96.6,1000
PriorityMinMin,44,95,13.20217511618616,4.170891137228519,96.89999999999999,1000
PriorityMinMin,44,96,11.712109748345789,4.2618489847765515,95.6,1000
PriorityMinMin,44,97,12.544431279179038,4.296059325884391,96.7,1000
PriorityMinMin,44,98,13.031556300899975,4.180640836533364,96.39999999999999,1000
PriorityMinMin,44,99,11.791832554998733,4.007748693646908,96.89999999999999,1000
PriorityMinMin,44,100,13.366915903307516,4.074930550163422,96.8,1000
PriorityMinMin,44,101,11.831211924247814,4.003555887760729,96.5,1000
PriorityMinMin,44,102,13.197592657605304,4.6411309624516885,96.7,1000
PriorityMinMin,44,103,12.931848634758696,4.729923577484799,97.7,1000
PriorityMinMin,44,104,12.206823817416835,4.191169032220726,96.89999999999999,1000
PriorityMinMin,44,105,12.522223072614178,4.028738317961922,97.2,1000
PriorityMinMin,44,106,12.26927899797163,4.2446415882285535,97.0,1000
PriorityMinMin,44,107,12.798299858737591,4.23839215058198,97.3,1000
PriorityMinMin,44,108,14.197050303301811,5.441400782010189,96.3,1000
PriorityMinMin,44,109,12.59387880833798,4.414819421478812,96.89999999999999,1000
PriorityMinMin,44,110,14.267942833070917,4.909071697710006,96.8,1000
PriorityMinMin,44,111,13.269965834645028,5.146586694748139,96.3,1000
PriorityMinMin,44,112,12.511309880186992,4.246388043046534,95.89999999999999,1000
PriorityMinMin,44,113,12.94562690831053,4.345872340937016,97.2,1000
PriorityMinMin,44,114,12.785042134205101,4.080378542453487,96.89999999999999,1000
PriorityMinMin,44,115,13.18194559510623,4.29088702205652,97.8,1000
PriorityMinMin,44,116,13.174795688942602,4.303545646300796,96.5,1000
PriorityMinMin,44,117,13.503043250032002,5.813764862093238,96.8,1000
PriorityMinMin,44,118,16.19360160383471,11.321171183067325,96.7,1000
PriorityMinMin,44,119,13.27620441699976,4.516681548557758,96.1,1000
PriorityMinMin,44,120,11.748381395261669,4.099877364423164,97.2,1000
PriorityMinMin,44,121,14.942831308815974,4.396306368616667,97.0,1000
PriorityMinMin,44,122,13.056691520096088,4.531150188394097,96.5,1000
PriorityMinMin,44,123,13.29894217816543,4.260696964920632,96.6,1000
PriorityMinMin,44,124,12.815762772529663,4.683354710921082,97.39999999999999,1000
PriorityMinMin,44,125,12.214308231253609,4.3010633788396655,97.3,1000
PriorityMinMin,44,126,12.28585916897707,11.633266347257969,96.49649649649649,999
PriorityMinMin,44,127,13.046778543150392,4.7208935101514875,96.39999999999999,1000
PriorityMinMin,44,128,12.95039283471866,4.917270659780342,97.89999999999999,1000
PriorityMinMin,44,129,12.421612161256213,4.164111284134292,97.1,1000
PriorityMinMin,44,130,12.357299128372896,4.317382831238955,96.5,1000
PriorityMinMin,44,131,13.926527377439447,5.159019007508493,96.6,1000
PriorityMinMin,44,132,13.601670563924205,4.207045419349144,96.3,1000
PriorityMinMin,44,133,13.48271543052352,4.352428527173546,96.3,1000
PriorityMinMin,44,134,12.914415944453543,3.9691242368326756,97.5,1000
PriorityMinMin,44,135,14.420497431701119,6.00825872906875,95.39999999999999,1000
PriorityMinMin,44,136,12.854246328827534,3.909379804815782,96.89999999999999,1000
PriorityMinMin,44,137,13.197484024200698,4.175895862055537,96.39999999999999,1000
PriorityMinMin,44,138,13.287925483010165,4.879120409742301,97.3,1000
PriorityMinMin,44,139,12.573728081431316,4.499260295221695,97.5,1000
PriorityMinMin,44,140,12.86328037716417,4.229376947810366,96.7,1000
PriorityMinMin,44,141,13.086542485082344,4.592649940685526,97.8,1000
PriorityMinMin,44,142,13.176365128846898,3.99871776240321,97.39999999999999,1000
PriorityMinMin,44,143,14.452856232904164,4.344421735676071,96.8,1000
PriorityMinMin,44,144,12.40476410733223,4.187043451903927,95.89999999999999,1000
PriorityMinMin,44,145,16.080040629902136,7.648018393268349,96.89999999999999,1000
PriorityMinMin,44,146,12.975334300360613,3.994284602822074,96.2,1000
PriorityMinMin,44,147,12.318029553287579,4.489490871140184,96.8,1000
PriorityMinMin,44,148,13.213723726718348,4.410329538610262,97.39999999999999,1000
PriorityMinMin,44,149,14.321677086789078,4.133571611951805,97.2,1000
PriorityMinMin,44,150,13.045225476712266,4.224111274167593,96.6,1000
PriorityMinMin,44,151,13.171289552966815,4.479975868726968,96.1,1000
PriorityMinMin,44,152,13.555729700192547,4.384246713667777,96.1,1000
PriorityMinMin,44,153,13.138889538280894,4.216279715522505,96.5,1000
PriorityMinMin,44,154,11.904004038952104,11.418270915817144,95.995995995996,999
PriorityMinMin,44,155,14.007123259381242,5.361564752837302,95.6,1000
PriorityMinMin,44,156,14.070639152709054,4.170939269690458,95.8,1000
PriorityMinMin,44,157,13.573290207835711,4.128923527437818,96.5,1000
PriorityMinMin,44,158,13.555642816881097,4.127157411209124,96.5,1000
PriorityMinMin,44,159,12.682788156378837,4.474912035565886,96.89999999999999,1000
PriorityMinMin,44,160,12.489189943341783,4.19226975695927,97.5,1000
PriorityMinMin,44,161,13.104352720750773,4.331288541380513,96.5,1000
PriorityMinMin,44,162,13.823803798415032,4.3632642146857235,97.8,1000
PriorityMinMin,44,163,12.910099504580867,4.032709496905629,97.2,1000
PriorityMinMin,44,164,12.226580707186665,4.151938345787183,96.3,1000
PriorityMinMin,44,165,13.294179788872675,4.183958910335068,95.89999999999999,1000
PriorityMinMin,44,166,12.850060515357537,4.1896141570574335,95.1,1000
PriorityMinMin,44,167,15.003800692621658,4.633405731591253,96.6,1000
PriorityMinMin,44,168,13.281424132689606,4.046935775129928,97.5,1000
PriorityMinMin,44,169,12.353766035974138,4.252045814515391,97.1,1000
PriorityMinMin,44,170,14.352721252671397,5.309225771961714,97.6,1000
PriorityMinMin,44,171,12.993640041488051,4.208533982896288,96.7,1000
PriorityMinMin,44,172,14.255433886768564,11.52194115556316,97.3973973973974,999
PriorityMinMin,44,173,12.06579526070045,4.147690555036275,95.3,1000
PriorityMinMin,44,174,13.08865478665369,4.699474495154904,97.2,1000
PriorityMinMin,44,175,12.731828614781746,4.285965947615064,97.5,1000
PriorityMinMin,44,176,12.313123003470016,4.192360230517063,96.89999999999999,1000
PriorityMinMin,44,177,12.609937662908102,4.419264816746737,95.6,1000
PriorityMinMin,44,178,12.600249529908556,3.9905080825511847,96.6,1000
PriorityMinMin,44,179,12.296101501244026,4.090738867455657,96.39999999999999,1000
PriorityMinMin,44,180,13.513217097408516,5.258189103553115,97.3,1000
PriorityMinMin,44,181,13.651758136861055,4.199865306471392,97.6,1000
PriorityMinMin,44,182,13.444377602073047,4.406503206795812,96.2,1000
PriorityMinMin,44,183,13.143332467597116,4.34282042403031,97.0,1000
PriorityMinMin,44,184,14.6975847993668,6.633201393867886,96.7,1000
PriorityMinMin,44,185,11.991272797818544,4.12771222646876,96.39999999999999,1000
PriorityMinMin,44,186,13.124694057741172,11.433052712005296,95.7957957957958,999
PriorityMinMin,44,187,12.884431990884119,4.247786273962057,96.6,1000
PriorityMinMin,44,188,13.163984252098308,4.279040632712692,96.8,1000
PriorityMinMin,44,189,15.769501545983308,7.76965394759088,97.8,1000
PriorityMinMin,44,190,12.308139423977405,3.927853513617563,97.1,1000
PriorityMinMin,44,191,11.883818996800048,4.285023289717823,97.1,1000
PriorityMinMin,44,192,12.440792127955563,4.192417000993042,96.7,1000
PriorityMinMin,44,193,12.55666144445294,4.315223199407192,96.1,1000
PriorityMinMin,44,194,12.507977332324165,4.132441998232773,96.89999999999999,1000
PriorityMinMin,44,195,12.915926953450404,4.245568102576648,96.89999999999999,1000
PriorityMinMin,44,196,13.037215226157253,4.248725989048818,97.0,1000
PriorityMinMin,44,197,12.998122437302799,4.501913095347935,97.39999999999999,1000
PriorityMinMin,44,198,14.274606109733995,4.479819798522293,96.3,1000
PriorityMinMin,44,199,13.043848114514393,4.021760297482453,96.89999999999999,1000
PriorityMinMin,45,0,12.345805617984723,4.166010382253101,96.89999999999999,1000
PriorityMinMin,45,1,14.552507529882536,4.337492242868626,97.89999999999999,1000
PriorityMinMin,45,2,13.773798851144369,4.317402740300781,97.3,1000
PriorityMinMin,45,3,12.21153909167917,4.117500740232485,97.5,1000
PriorityMinMin,45,4,12.328028861016392,4.244179054431021,98.3,1000
PriorityMinMin,45,5,11.894020720494346,4.369539096314803,97.0,1000
PriorityMinMin,45,6,12.788948869764566,4.831639422550571,97.89999999999999,1000
PriorityMinMin,45,7,13.48203492864585,7.040880379882473,98.1,1000
PriorityMinMin,45,8,14.031364162148547,4.610419645281751,97.6,1000
PriorityMinMin,45,9,11.402082061215795,4.35598495440676,96.7,1000
PriorityMinMin,45,10,12.753460745656731,4.501801059205268,97.89999999999999,1000
PriorityMinMin,45,11,12.386425429070918,4.175397742630811,98.7,1000
PriorityMinMin,45,12,12.005238677399392,4.151074646825719,96.8,1000
PriorityMinMin,45,13,14.320504745582815,4.7279621144170845,97.7,1000
PriorityMinMin,45,14,11.708169379853938,4.128160721641899,97.8,1000
PriorityMinMin,45,15,11.939021378071823,4.063304732020936,97.39999999999999,1000
PriorityMinMin,45,16,11.825588008826946,4.0580772535125,98.1,1000
PriorityMinMin,45,17,12.263977937187121,4.206915953879185,97.6,1000
PriorityMinMin,45,18,12.70096517905545,4.13229360743306,97.5,1000
PriorityMinMin,45,19,12.0379086476136,4.356608395592633,96.8,1000
PriorityMinMin,45,20,12.574856571106144,3.9838802015619876,97.0,1000
PriorityMinMin,45,21,11.378310049463533,4.571836509693986,96.7,1000
PriorityMinMin,45,22,11.660714961597558,4.361966792175662,96.7,1000
PriorityMinMin,45,23,12.614498121582052,4.332286814370817,97.7,1000
PriorityMinMin,45,24,13.463602909500478,6.978074660520717,97.1,1000
PriorityMinMin,45,25,12.073130675827047,4.701678463980585,97.2,1000
PriorityMinMin,45,26,12.400350242535042,4.171478702776851,98.0,1000
PriorityMinMin,45,27,14.566074786029676,5.30836514732233,97.2,1000
PriorityMinMin,45,28,13.732138562098115,4.155313022016879,97.2,1000
PriorityMinMin,45,29,12.509414945400314,4.147257113538726,97.6,1000
PriorityMinMin,45,30,11.896371678510782,4.424111928441138,97.1,1000
PriorityMinMin,45,31,12.128065068977971,4.399165351395841,97.8,1000
PriorityMinMin,45,32,12.205311946082741,4.349963199641608,98.4,1000
PriorityMinMin,45,33,12.007952074313398,4.294917113226791,97.39999999999999,1000
PriorityMinMin,45,34,15.109682910603407,4.282045021932158,97.2,1000
PriorityMinMin,45,35,12.66432004691878,4.208358904737349,97.8,1000
PriorityMinMin,45,36,12.333584282157052,4.431433892709039,97.3,1000
PriorityMinMin,45,37,12.975785080265734,5.05139932744463,97.3,1000
PriorityMinMin,45,38,11.45227671477657,4.629015819118181,97.3,1000
PriorityMinMin,45,39,12.851891138271599,4.85039257979567,96.89999999999999,1000
PriorityMinMin,45,40,12.067714852879739,4.154903156560199,97.6,1000
PriorityMinMin,45,41,13.38149548492612,4.243460716539859,98.0,1000
PriorityMinMin,45,42,13.367196670826685,4.192804946364239,97.1,1000
PriorityMinMin,45,43,14.640316580618801,5.267624785407258,97.0,1000
PriorityMinMin,45,44,11.566807746063743,4.276578481201622,97.2,1000
PriorityMinMin,45,45,13.042597096433662,5.355691057131284,97.5,1000
PriorityMinMin,45,46,12.93411662388612,4.506242210013685,97.7,1000
PriorityMinMin,45,47,14.565209565998881,9.656465591306178,97.8,1000
PriorityMinMin,45,48,12.681684106499674,4.2832044410771415,97.7,1000
PriorityMinMin,45,49,12.611539747943109,4.372993441977411,96.8,1000
PriorityMinMin,45,50,11.876146629517404,4.214608977631189,97.6,1000
PriorityMinMin,45,51,14.250589423315265,4.250983758141197,98.4,1000
PriorityMinMin,45,52,12.29593290421867,4.143594547195518,98.1,1000
PriorityMinMin,45,53,12.097194654499122,4.668517546266365,97.8,1000
PriorityMinMin,45,54,15.110584398306393,8.406346332920423,97.0,1000
PriorityMinMin,45,55,11.274683405592896,4.126412592072227,98.7,1000
PriorityMinMin,45,56,15.656133892403712,8.454175162163004,97.39999999999999,1000
PriorityMinMin,45,57,13.184133505107361,4.339030340168187,97.1,1000
PriorityMinMin,45,58,12.518595607499822,4.263912501899191,97.3,1000
PriorityMinMin,45,59,12.397298642625215,4.564546563205698,97.2,1000
PriorityMinMin,45,60,11.649188486015964,4.409461980708542,97.89999999999999,1000
PriorityMinMin,45,61,12.760007150165627,4.168266372654531,96.89999999999999,1000
PriorityMinMin,45,62,12.379884053205227,4.196840880442238,98.4,1000
PriorityMinMin,45,63,12.2988849880484,4.302998917743832,97.2,1000
PriorityMinMin,45,64,11.76329256371491,4.172655371548131,98.3,1000
PriorityMinMin,45,65,11.643005077563972,4.055975674346211,97.6,1000
PriorityMinMin,45,66,15.142239173338602,5.42424718071329,97.3,1000
PriorityMinMin,45,67,12.856904460644731,4.078823385268252,96.7,1000
PriorityMinMin,45,68,11.567121184001829,4.15441279619866,96.89999999999999,1000
PriorityMinMin,45,69,12.894618015637391,4.234333714517676,98.3,1000
PriorityMinMin,45,70,14.735153101019423,5.427785898819971,97.3,1000
PriorityMinMin,45,71,12.627697907207455,4.075046558682864,97.6,1000
PriorityMinMin,45,72,13.458928327318691,4.587087799571794,96.7,1000
PriorityMinMin,45,73,12.35173958326596,4.424557893294966,97.3,1000
PriorityMinMin,45,74,13.033961716203388,4.487807043545581,97.5,1000
PriorityMinMin,45,75,12.605880818484483,4.144146934905136,97.2,1000
PriorityMinMin,45,76,12.005620584302209,4.032656021133209,97.3,1000
PriorityMinMin,45,77,11.863062918394638,4.329836601108903,96.7,1000
PriorityMinMin,45,78,12.399102636876254,4.196513409771715,97.7,1000
PriorityMinMin,45,79,11.689474581438525,4.510623448223861,97.2,1000
PriorityMinMin,45,80,13.262035631394633,4.273235985035815,97.1,1000
PriorityMinMin,45,81,12.874361976723598,4.342498669107644,97.6,1000
PriorityMinMin,45,82,13.298739634458542,4.136727380054964,97.5,1000
PriorityMinMin,45,83,12.6947266862703,4.3149348421021285,97.5,1000
PriorityMinMin,45,84,12.62479956854365,5.115931517564713,97.0,1000
PriorityMinMin,45,85,11.5497009557385,4.428168403504342,98.2,1000
PriorityMinMin,45,86,12.642771673296888,4.236036807927536,97.8,1000
PriorityMinMin,45,87,12.127840304311436,4.360853173301839,98.0,1000
PriorityMinMin,45,88,12.082008400116548,4.51294327045512,97.5,1000
PriorityMinMin,45,89,12.78644721978496,4.010701866989718,97.6,1000
PriorityMinMin,45,90,12.358017560056195,4.56126468010761,97.8,1000
PriorityMinMin,45,91,14.063641668243724,7.295226749260274,97.6,1000
PriorityMinMin,45,92,13.633165256849054,5.1252019950127785,96.7,1000
PriorityMinMin,45,93,12.903570114087524,5.399733955714602,96.7,1000
PriorityMinMin,45,94,12.63916602944658,4.579922354258463,97.1,1000
PriorityMinMin,45,95,12.331108467351918,4.142432914112415,97.3,1000
PriorityMinMin,45,96,13.148518500058525,4.5761279669082455,97.5,1000
PriorityMinMin,45,97,12.24501950806393,4.152564017479173,95.89999999999999,1000
PriorityMinMin,45,98,13.119826478327015,4.23240717933694,97.2,1000
PriorityMinMin,45,99,11.845936639295093,4.271849762950312,97.2,1000
PriorityMinMin,45,100,12.1917407344069,4.289979319977291,98.1,1000
PriorityMinMin,45,101,11.754870271382039,4.451605901083609,96.39999999999999,1000
PriorityMinMin,45,102,12.480981228799042,4.111606650852881,97.89999999999999,1000
PriorityMinMin,45,103,12.510736829853176,4.041932498301199,98.0,1000
PriorityMinMin,45,104,11.873556515159533,4.2888024988362075,96.89999999999999,1000
PriorityMinMin,45,105,11.705417641961434,4.234892358917881,97.8,1000
PriorityMinMin,45,106,12.28479242520453,4.405349745344226,97.7,1000
PriorityMinMin,45,107,12.052982236083002,4.347323127986987,97.7,1000
PriorityMinMin,45,108,12.567969263392458,4.171478909173918,97.39999999999999,1000
PriorityMinMin,45,109,12.32404469329834,4.12828521483131,97.5,1000
PriorityMinMin,45,110,12.490735191243589,4.094716706778178,97.5,1000
PriorityMinMin,45,111,14.569438986047142,6.450697983702938,96.8,1000
PriorityMinMin,45,112,13.64654426246752,4.351598012231113,96.89999999999999,1000
PriorityMinMin,45,113,12.523493844150323,4.506040457383309,97.1,1000
PriorityMinMin,45,114,12.62979652995336,4.340215222603512,96.5,1000
PriorityMinMin,45,115,13.531709130504936,11.657689755445524,96.69669669669669,999
PriorityMinMin,45,116,11.848846400594821,11.590023834540814,96.8968968968969,999
PriorityMinMin,45,117,12.706038324939087,4.151167933905293,97.6,1000
PriorityMinMin,45,118,12.085942499430756,3.9486736843883206,97.0,1000
PriorityMinMin,45,119,12.688105751574883,4.27683914724031,97.8,1000
PriorityMinMin,45,120,11.857635580249596,4.409712101608263,98.0,1000
PriorityMinMin,45,121,13.878025535227676,6.07368323438752,97.3,1000
PriorityMinMin,45,122,12.69328192249417,4.411454676373922,97.5,1000
PriorityMinMin,45,123,13.488467079075201,4.417502536203917,97.6,1000
PriorityMinMin,45,124,12.75949806595828,4.386421191445566,97.7,1000
PriorityMinMin,45,125,12.546992014389387,4.933762790230327,97.2,1000
PriorityMinMin,45,126,11.971456271590823,4.881016241236296,97.6,1000
PriorityMinMin,45,127,12.66953385808577,4.136377419229551,97.89999999999999,1000
PriorityMinMin,45,128,12.885305300674561,4.1039932981461895,97.89999999999999,1000
PriorityMinMin,45,129,12.10732724531354,4.431741577402301,98.8,1000
PriorityMinMin,45,130,12.256200128633402,4.257541290497878,97.7,1000
PriorityMinMin,45,131,12.785152686269658,4.013068287090028,97.1,1000
PriorityMinMin,45,132,14.841479102573667,4.644203654639101,97.7,1000
PriorityMinMin,45,133,12.769426761641206,4.328389344955998,96.89999999999999,1000
PriorityMinMin,45,134,12.218149000775032,4.248314501536001,97.0,1000
PriorityMinMin,45,135,11.972901457286362,4.367416990439201,98.0,1000
PriorityMinMin,45,136,12.25152601891118,4.272516720149051,97.39999999999999,1000
PriorityMinMin,45,137,13.03724595547028,4.184517833729632,97.6,1000
PriorityMinMin,45,138,13.102020224074277,4.240327749754298,98.5,1000
PriorityMinMin,45,139,12.694487593316666,4.448876209286371,97.1,1000
PriorityMinMin,45,140,12.490248953943231,4.561645966652846,97.0,1000
PriorityMinMin,45,141,11.211588550252353,4.290866085914732,97.5,1000
PriorityMinMin,45,142,13.275241275889432,11.843333729668698,97.1971971971972,999
PriorityMinMin,45,143,11.493383427802714,4.615147064253874,98.0,1000
PriorityMinMin,45,144,12.03413806696813,4.26321538627157,97.6,1000
PriorityMinMin,45,145,13.04064969141012,4.717289609660594,97.7,1000
PriorityMinMin,45,146,13.363760423664196,4.470415724914685,98.2,1000
PriorityMinMin,45,147,11.82754606206239,4.047874103310829,97.1,1000
PriorityMinMin,45,148,14.244974850709943,8.26216270565583,97.39999999999999,1000
PriorityMinMin,45,149,12.365227481640522,4.917042501064362,98.0,1000
PriorityMinMin,45,150,12.239078742595256,4.575709504053128,97.5,1000
PriorityMinMin,45,151,13.54205362804439,4.444465659110795,98.5,1000
PriorityMinMin,45,152,12.894214101542042,4.350160384338499,98.0,1000
PriorityMinMin,45,153,12.23496158212221,4.34024246767047,97.6,1000
PriorityMinMin,45,154,11.741292937601662,4.089732883844437,97.6,1000
PriorityMinMin,45,155,12.598201690278158,4.142810090534641,96.2,1000
PriorityMinMin,45,156,12.209804259912838,4.100794257876554,97.6,1000
PriorityMinMin,45,157,11.336504747358441,4.097673662727176,97.39999999999999,1000
PriorityMinMin,45,158,11.553995902655533,4.124574136447091,98.0,1000
PriorityMinMin,45,159,12.18585986231422,4.272044060537313,97.2,1000
PriorityMinMin,45,160,13.879774523615298,4.43950714867773,97.5,1000
PriorityMinMin,45,161,15.55001358735119,8.344691328032802,96.7,1000
PriorityMinMin,45,162,14.010641219985398,4.919240692776983,97.0,1000
PriorityMinMin,45,163,12.56011347745204,4.3299420578773535,97.89999999999999,1000
PriorityMinMin,45,164,12.104289921756354,4.16168386061346,98.0,1000
PriorityMinMin,45,165,13.042410464678946,4.21804314306737,97.2,1000
PriorityMinMin,45,166,12.090125781917093,4.492272251173765,97.39999999999999,1000
PriorityMinMin,45,167,12.082722351945774,4.114755344816226,97.3,1000
PriorityMinMin,45,168,13.002922627493074,4.155875098002914,97.7,1000
PriorityMinMin,45,169,13.506733048436457,4.472912663152421,97.7,1000
PriorityMinMin,45,170,11.844558851517123,4.337599566011959,96.5,1000
PriorityMinMin,45,171,12.330038671701875,4.238279197176276,97.5,1000
PriorityMinMin,45,172,14.473509964605698,5.363190488253719,97.1,1000
PriorityMinMin,45,173,11.593550785692594,4.33647938817033,97.2,1000
PriorityMinMin,45,174,11.684231595640753,4.5473471327447035,97.0,1000
PriorityMinMin,45,175,12.018292389187737,4.111058241069697,97.2,1000
PriorityMinMin,45,176,13.25867723165857,4.160458522239037,97.3,1000
PriorityMinMin,45,177,11.795089725929026,4.318359294472726,97.8,1000
PriorityMinMin,45,178,14.46196647684662,7.2340465552167394,98.0,1000
PriorityMinMin,45,179,12.143033510722194,11.646035476229157,97.7977977977978,999
PriorityMinMin,45,180,11.656753694045072,4.245198900328045,96.5,1000
PriorityMinMin,45,181,12.509820390997524,4.365567214147308,97.89999999999999,1000
PriorityMinMin,45,182,11.986765255497433,4.283978436321862,97.0,1000
PriorityMinMin,45,183,13.11230084919533,4.2236588974768186,97.6,1000
PriorityMinMin,45,184,11.977491963182958,4.183000975921043,97.6,1000
PriorityMinMin,45,185,15.073449548235937,5.646468925460285,97.6,1000
PriorityMinMin,45,186,12.70678834687874,4.71655451399122,97.6,1000
PriorityMinMin,45,187,12.591252563804094,4.153392710313333,97.2,1000
PriorityMinMin,45,188,12.802061295105458,4.536633155194936,97.7,1000
PriorityMinMin,45,189,12.236697852382589,4.3195768011004,97.7,1000
PriorityMinMin,45,190,12.343956637381108,4.319733197107482,97.3,1000
PriorityMinMin,45,191,13.874347414005674,4.528755523761295,96.5,1000
PriorityMinMin,45,192,13.472819757814374,5.787613118028873,97.6,1000
PriorityMinMin,45,193,13.713989481298343,4.202076874573468,96.8,1000
PriorityMinMin,45,194,11.973091451126903,5.148671788092421,97.1,1000
PriorityMinMin,45,195,13.604649317245546,4.573083360121858,97.1,1000
PriorityMinMin,45,196,13.611388932563354,4.592097003860494,98.8,1000
PriorityMinMin,45,197,11.8148229172465,4.334112630625629,95.8,1000
PriorityMinMin,45,198,13.049029804419913,5.146915300465577,97.1,1000
PriorityMinMin,45,199,14.433408718228494,4.410310018429273,96.7,1000
PriorityMinMin,46,0,11.982895756854981,4.21146153730607,96.89999999999999,1000
PriorityMinMin,46,1,13.489404980042268,5.233893223737215,97.6,1000
PriorityMinMin,46,2,13.633634087911362,4.021652216556939,97.5,1000
PriorityMinMin,46,3,13.646804433765332,3.9732580898775622,97.1,1000
PriorityMinMin,46,4,12.89499916243264,4.331159685608387,97.5,1000
PriorityMinMin,46,5,13.156994733766496,4.757566815906089,97.39999999999999,1000
PriorityMinMin,46,6,11.65752310193768,4.133492219065123,97.3,1000
PriorityMinMin,46,7,12.328335925035024,11.444657606946919,98.3983983983984,999
PriorityMinMin,46,8,14.04120893916448,4.287018889293474,97.39999999999999,1000
PriorityMinMin,46,9,12.709926408394741,4.21397229710117,97.1,1000
PriorityMinMin,46,10,13.002615333127585,4.121292953343741,97.3,1000
PriorityMinMin,46,11,13.12118337113613,4.106414514323251,96.89999999999999,1000
PriorityMinMin,46,12,12.975211744581305,4.307208130529198,96.0,1000
PriorityMinMin,46,13,13.399095099973396,4.319562472759548,97.0,1000
PriorityMinMin,46,14,11.368999152445257,4.423151852530551,96.3,1000
PriorityMinMin,46,15,11.710422756304688,4.034066473160034,97.3,1000
PriorityMinMin,46,16,15.002150291694205,4.543940075489854,96.3,1000
PriorityMinMin,46,17,12.669491009786377,4.030594672983545,97.3,1000
PriorityMinMin,46,18,13.466138915233516,4.354187502655804,97.6,1000
PriorityMinMin,46,19,12.403767283982056,4.2729304292040995,97.5,1000
PriorityMinMin,46,20,12.966707889194725,4.196128400453155,97.0,1000
PriorityMinMin,46,21,13.865543773567628,4.79287887872179,96.8,1000
PriorityMinMin,46,22,13.67082646087344,6.078611612578924,96.89999999999999,1000
PriorityMinMin,46,23,13.267248392947714,4.667669276128551,97.8,1000
PriorityMinMin,46,24,12.54083118253616,4.351131651392828,97.3,1000
PriorityMinMin,46,25,12.92623237949122,3.9716702497726524,97.39999999999999,1000
PriorityMinMin,46,26,16.134501552073797,7.300182971281313,97.3,1000
PriorityMinMin,46,27,13.004628763074951,3.9780650050368314,97.5,1000
PriorityMinMin,46,28,14.109037103950941,4.496776160301811,97.0,1000
PriorityMinMin,46,29,12.297800635788768,4.261884439577483,96.8,1000
PriorityMinMin,46,30,13.418924353463478,3.98975881979423,96.1,1000
PriorityMinMin,46,31,11.975308898210733,4.011996535580674,96.89999999999999,1000
PriorityMinMin,46,32,14.187430962303278,7.2153773758613795,96.2,1000
PriorityMinMin,46,33,13.618954214126509,4.828333918957344,96.1,1000
PriorityMinMin,46,34,12.256523088806196,4.241144090293256,97.1,1000
PriorityMinMin,46,35,12.747002704712532,4.276616202192916,96.89999999999999,1000
PriorityMinMin,46,36,12.478398086632716,4.759647003654259,96.5,1000
PriorityMinMin,46,37,12.415640262474922,4.211571972043012,97.0,1000
PriorityMinMin,46,38,13.182734913209966,4.067314080829592,97.2,1000
PriorityMinMin,46,39,13.342673311018963,3.9864409812584203,97.39999999999999,1000
PriorityMinMin,46,40,11.76770280994563,3.88676139758628,97.7,1000
PriorityMinMin,46,41,13.278598039484216,4.2082108247922765,97.8,1000
PriorityMinMin,46,42,12.533259630269487,4.083281140868726,97.2,1000
PriorityMinMin,46,43,12.95482602364188,4.107125592870599,97.0,1000
PriorityMinMin,46,44,12.996909182006766,4.043177872612199,96.6,1000
PriorityMinMin,46,45,12.770341238381867,4.0945983199132385,98.0,1000
PriorityMinMin,46,46,13.640512409248204,4.186314701898293,98.2,1000
PriorityMinMin,46,47,12.863769607063725,4.042592894619133,96.89999999999999,1000
PriorityMinMin,46,48,12.928941768264597,4.065299659734494,97.39999999999999,1000
PriorityMinMin,46,49,14.139909375726464,4.3002066232875595,96.89999999999999,1000
PriorityMinMin,46,50,12.642072851527397,4.120164230773759,97.0,1000
PriorityMinMin,46,51,12.127721899121683,4.361621934718978,96.2,1000
PriorityMinMin,46,52,14.845506930586383,7.253989359865506,97.8,1000
PriorityMinMin,46,53,13.14720798933601,4.02165479448472,95.89999999999999,1000
PriorityMinMin,46,54,13.839197526875404,4.275731778361996,97.1,1000
PriorityMinMin,46,55,13.385424849683337,4.436214147532959,96.6,1000
PriorityMinMin,46,56,12.75224255161999,4.30668702773869,97.0,1000
PriorityMinMin,46,57,12.446180989516096,4.0386535448936645,96.89999999999999,1000
PriorityMinMin,46,58,12.683483444985562,4.142783116470463,96.5,1000
PriorityMinMin,46,59,11.915916934352124,3.8843855272512013,95.89999999999999,1000
PriorityMinMin,46,60,12.948199176670503,4.1268581139048734,97.3,1000
PriorityMinMin,46,61,15.72180022068898,5.604732865906703,97.3,1000
PriorityMinMin,46,62,12.403650842759289,4.044394129855231,95.7,1000
PriorityMinMin,46,63,12.017851825821747,4.131082654365995,97.1,1000
PriorityMinMin,46,64,11.72221332247334,4.125225389541087,96.1,1000
PriorityMinMin,46,65,12.783716501181546,4.051175778574956,97.3,1000
PriorityMinMin,46,66,14.264292663959615,5.584465323267993,97.2,1000
PriorityMinMin,46,67,13.294763744221113,4.819585072623046,97.1,1000
PriorityMinMin,46,68,12.648167097944485,4.254566892826954,97.7,1000
PriorityMinMin,46,69,13.055170227321472,4.124706028919628,97.0,1000
PriorityMinMin,46,70,13.642671408422709,6.044635334143651,96.8,1000
PriorityMinMin,46,71,12.395751729151085,4.202447788590439,96.1,1000
PriorityMinMin,46,72,13.210149085724298,4.193067272946337,97.89999999999999,1000
PriorityMinMin,46,73,12.947366240001568,4.6743870218239625,96.8,1000
PriorityMinMin,46,74,16.60040343450721,6.5488252980715815,96.8,1000
PriorityMinMin,46,75,12.179260021981078,3.875986772638682,97.6,1000
PriorityMinMin,46,76,13.87722473056023,5.522698418953625,97.7,1000
PriorityMinMin,46,77,13.591514698559948,4.5031406930717495,96.5,1000
PriorityMinMin,46,78,13.845333837788287,4.10254682325682,97.39999999999999,1000
PriorityMinMin,46,79,13.690673739962454,4.314092662349306,97.2,1000
PriorityMinMin,46,80,12.456647098594033,4.002200726801979,96.89999999999999,1000
PriorityMinMin,46,81,12.242910214949562,4.88476713255681,96.3,1000
PriorityMinMin,46,82,11.591832067004187,4.074997197138742,96.7,1000
PriorityMinMin,46,83,12.165382121851973,4.522446359221877,97.5,1000
PriorityMinMin,46,84,12.955206117212605,4.648757474579376,97.39999999999999,1000
PriorityMinMin,46,85,12.087373722145749,4.034503266977726,95.89999999999999,1000
PriorityMinMin,46,86,12.984021968503562,3.9967594021002917,97.39999999999999,1000
PriorityMinMin,46,87,15.772625580197106,6.795491332305527,96.89999999999999,1000
PriorityMinMin,46,88,12.935572340893362,4.860202152175502,96.5,1000
PriorityMinMin,46,89,12.976109022568915,4.455014953213852,95.3,1000
PriorityMinMin,46,90,13.320870046919927,4.303059916516051,97.0,1000
PriorityMinMin,46,91,14.360248278804107,4.411630787729545,97.5,1000
PriorityMinMin,46,92,12.283355187486316,4.247244258275129,97.2,1000
PriorityMinMin,46,93,11.494860318591902,4.175987936708405,97.3,1000
PriorityMinMin,46,94,13.101234798719236,4.075753387724694,97.2,1000
PriorityMinMin,46,95,12.260355229793518,4.028257627358244,97.6,1000
PriorityMinMin,46,96,13.065515006199343,4.243368329619353,97.3,1000
PriorityMinMin,46,97,12.404065351999222,11.393858650342205,97.1971971971972,999
PriorityMinMin,46,98,13.420328938675677,3.996111926266926,97.1,1000
PriorityMinMin,46,99,12.22045530656581,4.098755554659065,96.89999999999999,1000
PriorityMinMin,46,100,12.515339686421365,4.424987303042523,97.0,1000
PriorityMinMin,46,101,12.46412395616263,4.7288433756358526,97.89999999999999,1000
PriorityMinMin,46,102,12.772029959888856,4.041912945274613,97.2,1000
PriorityMinMin,46,103,11.859691487902227,3.9142123983573325,97.1,1000
PriorityMinMin,46,104,12.939605695976013,4.18990533424938,96.39999999999999,1000
PriorityMinMin,46,105,13.163322975826057,4.164953859294611,97.2,1000
PriorityMinMin,46,106,12.698000205948494,4.200286207416902,97.2,1000
PriorityMinMin,46,107,12.561662515185583,3.978033232918916,97.39999999999999,1000
PriorityMinMin,46,108,14.313785441401567,6.87576981908308,97.2,1000
PriorityMinMin,46,109,11.897235570323494,3.9368851790326445,96.7,1000
PriorityMinMin,46,110,12.415317838977806,4.3550795522405545,96.8,1000
PriorityMinMin,46,111,12.75161723302364,4.122628060243747,97.2,1000
PriorityMinMin,46,112,13.231789338371579,4.296881006338212,97.5,1000
PriorityMinMin,46,113,17.0580528327281,8.89635406807338,96.39999999999999,1000
PriorityMinMin,46,114,15.92802648046723,5.911738991076929,97.1,1000
PriorityMinMin,46,115,13.327723393347856,4.170203037751755,96.7,1000
PriorityMinMin,46,116,13.070014875017637,4.138737588005752,96.6,1000
PriorityMinMin,46,117,15.621050569671736,6.2943189552957195,96.1,1000
PriorityMinMin,46,118,15.296190384726458,6.659923486238542,98.4,1000
PriorityMinMin,46,119,13.735199403427647,4.4443746518626845,97.0,1000
PriorityMinMin,46,120,12.413928123068978,4.134613471201091,97.1,1000
PriorityMinMin,46,121,12.964647037007715,4.630540099888938,96.6,1000
PriorityMinMin,46,122,13.736177237999215,4.222291821769298,96.7,1000
PriorityMinMin,46,123,12.94017550936415,4.131721963075418,97.5,1000
PriorityMinMin,46,124,13.665472279916099,6.423063557156817,97.2,1000
PriorityMinMin,46,125,12.173829355532169,4.299903157851734,96.6,1000
PriorityMinMin,46,126,13.125556478979162,4.028712790448147,98.1,1000
PriorityMinMin,46,127,12.537698209974064,3.9309861809582545,97.0,1000
PriorityMinMin,46,128,12.5155136761212,4.211900041384572,97.6,1000
PriorityMinMin,46,129,12.060468991195117,4.141865844678892,97.1,1000
PriorityMinMin,46,130,12.24976314888628,4.1976614654489754,97.2,1000
PriorityMinMin,46,131,12.364927298340689,4.174586583680527,96.7,1000
PriorityMinMin,46,132,14.115830233793174,4.429085895225318,97.7,1000
PriorityMinMin,46,133,12.976217453989952,4.1420765208055785,97.3,1000
PriorityMinMin,46,134,12.570182161305983,3.9418167660582193,97.1,1000
PriorityMinMin,46,135,12.480260915207305,4.338274898733133,97.6,1000
PriorityMinMin,46,136,13.012402906773437,4.461757354548858,97.0,1000
PriorityMinMin,46,137,12.008682025538223,4.078597804451904,96.8,1000
PriorityMinMin,46,138,13.498579490122927,4.112555950892495,97.3,1000
PriorityMinMin,46,139,12.011920993813277,4.379860751219607,96.89999999999999,1000
PriorityMinMin,46,140,13.080361157166372,4.2333373908690834,96.6,1000
PriorityMinMin,46,141,12.851887905471806,4.28891867280291,96.7,1000
PriorityMinMin,46,142,13.920687593995721,3.983607724557223,97.1,1000
PriorityMinMin,46,143,12.283475055915302,4.511916591865083,96.39999999999999,1000
PriorityMinMin,46,144,13.96378913464873,4.3977598541583,97.8,1000
PriorityMinMin,46,145,14.275253247082691,4.28010365743759,96.7,1000
PriorityMinMin,46,146,13.080008831734975,4.176736868039859,97.0,1000
PriorityMinMin,46,147,13.883611648411573,4.137573919204311,96.1,1000
PriorityMinMin,46,148,12.863950808387722,4.290210491863717,97.39999999999999,1000
PriorityMinMin,46,149,13.625722543856199,4.652098815358435,97.0,1000
PriorityMinMin,46,150,11.645601394801579,4.218260334926543,96.39999999999999,1000
PriorityMinMin,46,151,12.323723015390616,3.98573514031979,96.6,1000
PriorityMinMin,46,152,13.614390126922919,5.258936743795386,96.89999999999999,1000
PriorityMinMin,46,153,14.753107142671631,3.9838741980177703,96.39999999999999,1000
PriorityMinMin,46,154,13.38511832245041,4.243144963652296,96.7,1000
PriorityMinMin,46,155,11.99017153786031,4.048701359756969,97.39999999999999,1000
PriorityMinMin,46,156,13.778981708401966,4.03866430109963,97.7,1000
PriorityMinMin,46,157,13.134234645351683,4.135552380665478,96.1,1000
PriorityMinMin,46,158,13.184498161856112,4.1529365037861,97.0,1000
PriorityMinMin,46,159,12.591516147063187,4.08256277447129,97.5,1000
PriorityMinMin,46,160,12.903917793605984,4.312403594942789,97.8,1000
PriorityMinMin,46,161,13.50299557203525,4.098806286614858,97.39999999999999,1000
PriorityMinMin,46,162,13.415150921052815,4.220419826481507,96.8,1000
PriorityMinMin,46,163,15.384953802954552,4.198675897116238,97.39999999999999,1000
PriorityMinMin,46,164,15.607821271268923,6.780607834582948,97.5,1000
PriorityMinMin,46,165,12.669879475766887,4.257680515662341,96.89999999999999,1000
PriorityMinMin,46,166,13.32097894161439,11.32669524614067,97.8978978978979,999
PriorityMinMin,46,167,12.911458986060122,3.889473903438734,97.3,1000
PriorityMinMin,46,168,13.21037359917729,4.370302282457073,97.39999999999999,1000
PriorityMinMin,46,169,13.130949070843853,4.244749970754831,98.0,1000
PriorityMinMin,46,170,13.134792657910292,4.254002756340218,98.1,1000
PriorityMinMin,46,171,13.30272563354554,4.816472502406598,97.5,1000
PriorityMinMin,46,172,12.702784942802777,4.154629140715216,96.7,1000
PriorityMinMin,46,173,12.470856268953172,4.240691595306043,97.3,1000
PriorityMinMin,46,174,12.863369067407108,4.0499142876592344,96.0,1000
PriorityMinMin,46,175,12.236397328780447,4.126421618354724,97.6,1000
PriorityMinMin,46,176,12.235505462220077,3.9970227243679557,96.7,1000
PriorityMinMin,46,177,12.830266381224602,4.03509457888958,97.3,1000
PriorityMinMin,46,178,12.777471803297928,4.283102160842131,97.7,1000
PriorityMinMin,46,179,12.824427010364397,4.080843278090409,96.8,1000
PriorityMinMin,46,180,12.348537840125205,4.304673402065548,97.39999999999999,1000
PriorityMinMin,46,181,13.30876724250188,4.212810197685208,97.2,1000
PriorityMinMin,46,182,12.432887697164936,4.1316662342297334,96.89999999999999,1000
PriorityMinMin,46,183,13.228727677029008,4.521027798019446,97.5,1000
PriorityMinMin,46,184,12.320044873615064,4.118748943389162,97.3,1000
PriorityMinMin,46,185,11.765674054245949,3.893848490017561,97.5,1000
PriorityMinMin,46,186,12.471063426117857,4.153443570636335,97.0,1000
PriorityMinMin,46,187,12.795564508964084,4.0594609791833784,97.5,1000
PriorityMinMin,46,188,12.672167965026622,3.8828708899874957,96.89999999999999,1000
PriorityMinMin,46,189,12.174660045149349,4.491947565388942,97.5,1000
PriorityMinMin,46,190,14.504784976693447,4.116993144211287,96.39999999999999,1000
PriorityMinMin,46,191,13.685776433962744,6.726211723604072,96.8,1000
PriorityMinMin,46,192,13.061686058359356,4.045320631345988,96.6,1000
PriorityMinMin,46,193,12.497308136328739,4.023557408714147,97.2,1000
PriorityMinMin,46,194,12.441255598517285,4.075535675412776,96.8,1000
PriorityMinMin,46,195,13.47709308023552,4.323825122812409,96.8,1000
PriorityMinMin,46,196,14.01424271125846,5.852275273124623,96.6,1000
PriorityMinMin,46,197,13.44279804298736,3.8754046880467015,97.2,1000
PriorityMinMin,46,198,12.143143017292727,4.071345631928136,97.7,1000
PriorityMinMin,46,199,13.58102941347993,4.97289027010051,97.2,1000
PPO,42,0,15.857297056478554,4.040064982629217,95.1,1000
PPO,42,1,13.084261022596078,4.472850375727043,96.8,1000
PPO,42,2,12.342969762355148,4.25786586161573,96.7,1000
PPO,42,3,13.027627269583464,4.630275714978308,96.6,1000
PPO,42,4,13.28507083202374,4.226853123204328,95.39999999999999,1000
PPO,42,5,13.394747013876987,4.265370472237227,96.6,1000
PPO,42,6,12.921735981601307,4.556346725468172,97.0,1000
PPO,42,7,14.175374757787896,4.182940302520455,96.2,1000
PPO,42,8,15.03616291139459,5.31910432472044,96.8,1000
PPO,42,9,14.040370766983647,7.600178568018632,96.1,1000
PPO,42,10,13.005687719100687,4.485109053127087,96.2,1000
PPO,42,11,13.07072645930627,4.110465123950605,96.1,1000
PPO,42,12,13.10303388239853,4.291323166125223,96.5,1000
PPO,42,13,12.923137284385982,4.2518139970339455,96.89999999999999,1000
PPO,42,14,12.8221535636867,4.552151691685031,96.6,1000
PPO,42,15,13.394031766298955,4.290234945333745,97.3,1000
PPO,42,16,13.442650869849446,4.209183339420777,97.39999999999999,1000
PPO,42,17,13.606731689320494,4.287764892442435,96.1,1000
PPO,42,18,14.721864938276543,4.526925633453678,96.7,1000
PPO,42,19,11.756140977758317,4.426545273528402,96.6,1000
PPO,42,20,13.240473084548544,4.024780342106267,96.89999999999999,1000
PPO,42,21,13.501926268601231,4.45741113474027,96.5,1000
PPO,42,22,13.475999657401255,4.401056920724495,97.0,1000
PPO,42,23,12.653917494873067,4.3607650050983615,96.3,1000
PPO,42,24,13.318733161298105,4.0240997988252385,96.89999999999999,1000
PPO,42,25,14.315053475253931,4.5705662012539205,96.89999999999999,1000
PPO,42,26,13.570754173485891,4.427723907353624,97.3,1000
PPO,42,27,12.62057674771162,4.5149296920654685,96.1,1000
PPO,42,28,12.321943081493218,4.07701333640028,96.0,1000
PPO,42,29,13.920581491659469,5.335143727654383,95.6,1000
PPO,42,30,13.550611074673055,4.9698087988565645,96.5,1000
PPO,42,31,13.011130362230556,4.251993754590515,97.5,1000
PPO,42,32,12.505365955876849,4.406562447361638,96.7,1000
PPO,42,33,14.010918995344019,4.143652713006018,96.6,1000
PPO,42,34,12.322200161877761,4.533028731268244,97.1,1000
PPO,42,35,12.213528356060532,4.315423405733729,97.3,1000
PPO,42,36,12.632909813876928,4.379478372898719,97.8,1000
PPO,42,37,14.040090301332937,4.145742923695593,96.3,1000
PPO,42,38,13.136528081153848,4.067929191735829,98.0,1000
PPO,42,39,13.200857057923303,4.2616895645193384,97.89999999999999,1000
PPO,42,40,15.018437265804277,4.186967613299779,96.39999999999999,1000
PPO,42,41,17.051419046373624,9.013995523426235,96.7,1000
PPO,42,42,13.526286783757202,4.528564298542339,97.5,1000
PPO,42,43,13.06315098994112,4.198264140008499,97.3,1000
PPO,42,44,13.049468318791002,4.134650476339939,96.7,1000
PPO,42,45,12.964808975949149,4.399027457689247,96.39999999999999,1000
PPO,42,46,13.12067645133375,4.1361531402361935,96.1,1000
PPO,42,47,15.157527450797245,5.47784262018277,96.89999999999999,1000
PPO,42,48,14.665326009744357,8.073421484067135,96.8,1000
PPO,42,49,14.732887780207664,4.265345672617298,96.7,1000
PPO,42,50,13.021664861675857,4.284180014154155,97.5,1000
PPO,42,51,14.520425411112468,4.020252309152202,97.0,1000
PPO,42,52,12.376642550301227,4.123823519966447,97.3,1000
PPO,42,53,13.920114503661384,4.237890250864984,96.6,1000
PPO,42,54,13.229677360704608,4.56968365304167,96.8,1000
PPO,42,55,13.712148738579447,4.207497423436109,97.1,1000
PPO,42,56,12.665523261531137,4.732575556331478,97.39999999999999,1000
PPO,42,57,13.078333728563852,4.141424816057756,97.2,1000
PPO,42,58,13.18029251311632,4.161240687098286,96.1,1000
PPO,42,59,14.167344181832387,4.58947058748827,97.1,1000
PPO,42,60,13.268545631495327,4.245565847401441,97.2,1000
PPO,42,61,13.434015800035882,4.716300532899042,96.1,1000
PPO,42,62,12.978452264783227,4.082904762376336,95.7,1000
PPO,42,63,13.04115130925119,4.261649032579559,96.89999999999999,1000
PPO,42,64,12.944323589801424,4.236323950708202,97.5,1000
PPO,42,65,13.203657487483094,4.35112686994109,97.7,1000
PPO,42,66,13.015679153988078,4.3549040584258965,96.8,1000
PPO,42,67,13.258621667229125,4.537585561361531,96.89999999999999,1000
PPO,42,68,13.629972485828281,4.200380256511848,97.89999999999999,1000
PPO,42,69,14.134641711750977,4.824459090608587,97.2,1000
PPO,42,70,14.265732773920627,4.234134296905242,97.0,1000
PPO,42,71,12.960591503760423,4.450844300196744,97.5,1000
PPO,42,72,12.652754111458751,4.014032049396323,96.7,1000
PPO,42,73,12.506177873465353,4.255668599700157,95.7,1000
PPO,42,74,12.720008802830462,4.579785760871118,97.0,1000
PPO,42,75,14.39109580461073,4.3586250659841355,96.8,1000
PPO,42,76,13.906643128456793,4.042046243683135,96.8,1000
PPO,42,77,13.384498447059443,4.235440786591626,97.8,1000
PPO,42,78,13.927868412893371,5.44073161952872,97.1,1000
PPO,42,79,12.990355775034761,4.381542980202389,97.0,1000
PPO,42,80,14.506517205439376,4.143031106826829,96.6,1000
PPO,42,81,12.518617417000373,4.490834562962875,96.7,1000
PPO,42,82,12.693326172805104,4.250398969973937,97.6,1000
PPO,42,83,15.264161059471423,4.933241734093609,96.89999999999999,1000
PPO,42,84,12.30466634118994,4.297711030737283,95.5,1000
PPO,42,85,13.817409471854578,3.9421237793876442,97.1,1000
PPO,42,86,16.10909525588736,5.564413572898903,95.8,1000
PPO,42,87,13.880279669277366,4.10373049480363,97.6,1000
PPO,42,88,15.358604263149592,5.085924042781517,97.2,1000
PPO,42,89,13.530517559641826,4.251255657130913,96.1,1000
PPO,42,90,13.447845537816804,4.262791442700992,97.39999999999999,1000
PPO,42,91,14.740790020104763,4.382377403816031,96.5,1000
PPO,42,92,12.813497650804358,11.45152737333752,97.2972972972973,999
PPO,42,93,13.30633113668001,4.243842157711088,95.89999999999999,1000
PPO,42,94,13.003268528888848,4.09679441236688,96.89999999999999,1000
PPO,42,95,13.369743099903863,4.083303243796573,95.7,1000
PPO,42,96,12.429318667811742,4.341299018478373,97.1,1000
PPO,42,97,13.065909528560358,4.089287791445309,97.5,1000
PPO,42,98,13.528734951979926,4.254854892237343,96.3,1000
PPO,42,99,12.830055705791361,4.658849991045979,97.5,1000
PPO,42,100,14.027750341676725,4.57687999649251,97.0,1000
PPO,42,101,16.3071837362163,8.331880240154574,96.5,1000
PPO,42,102,12.822025674337944,4.2669517037604665,96.2,1000
PPO,42,103,12.785240154745697,4.328877112983251,97.2,1000
PPO,42,104,13.532796568848442,4.465283097105962,96.8,1000
PPO,42,105,15.797744236216092,6.676206159573771,95.89999999999999,1000
PPO,42,106,13.512903522295096,5.401895920295617,97.3,1000
PPO,42,107,14.240836496164256,4.153804051649957,95.3,1000
PPO,42,108,13.097948614088743,4.35185517681974,96.0,1000
PPO,42,109,15.203161366755936,6.189200398081007,96.5,1000
PPO,42,110,16.2885881597027,8.633902153913033,97.0,1000
PPO,42,111,13.503617132564948,4.309785283185312,96.39999999999999,1000
PPO,42,112,13.429945415584978,4.599228997130194,96.0,1000
PPO,42,113,13.325898590880612,3.965693810900002,96.39999999999999,1000
PPO,42,114,12.874254141154017,4.238883285875048,96.89999999999999,1000
PPO,42,115,13.086607657438941,4.506658744494518,97.3,1000
PPO,42,116,13.506385545568616,4.619950041746913,97.0,1000
PPO,42,117,14.234830325115109,4.414210507766455,97.1,1000
PPO,42,118,13.558663678008385,11.423864897036273,97.09709709709709,999
PPO,42,119,12.96506854983945,4.224644328653531,96.8,1000
PPO,42,120,12.992429433377328,4.273308636389525,96.3,1000
PPO,42,121,13.160861602327504,4.3239556233104475,97.1,1000
PPO,42,122,12.709833786690043,4.041026083565906,96.8,1000
PPO,42,123,13.582258502714765,4.039373078796615,96.39999999999999,1000
PPO,42,124,13.4588714099723,4.067238167542088,96.3,1000
PPO,42,125,12.612758460580146,4.0463060432314935,95.89999999999999,1000
PPO,42,126,14.939131678082697,6.510804106442889,96.89999999999999,1000
PPO,42,127,14.055300580645012,4.34024880185479,96.8,1000
PPO,42,128,14.560949469294512,5.615109047411821,96.8,1000
PPO,42,129,13.317610901834781,4.276595766358046,96.6,1000
PPO,42,130,15.035606909683283,4.624843045725279,96.0,1000
PPO,42,131,13.591053679911056,4.089138625955182,96.2,1000
PPO,42,132,16.001487564709286,7.084871152469219,95.8,1000
PPO,42,133,12.264071834061012,4.3060012958358955,97.0,1000
PPO,42,134,13.187607198586159,4.387731526400652,97.2,1000
PPO,42,135,15.328106286204452,6.827664558192278,96.8,1000
PPO,42,136,14.988662157441306,4.634539953276759,96.5,1000
PPO,42,137,14.917903873678474,4.337425811210093,96.5,1000
PPO,42,138,13.537528162147126,4.350657989836851,96.5,1000
PPO,42,139,13.563609946199145,4.247624894803715,97.1,1000
PPO,42,140,12.826763112721688,4.150132456231086,96.7,1000
PPO,42,141,12.578442937218627,4.0772970540330675,96.2,1000
PPO,42,142,15.56972125128904,5.443640356104431,96.5,1000
PPO,42,143,13.62063291530707,4.231761321601419,98.0,1000
PPO,42,144,13.104729659572888,4.089248961563499,96.5,1000
PPO,42,145,13.858151409952853,4.262819957468365,97.6,1000
PPO,42,146,14.127883115983291,3.9819437079191564,97.8,1000
PPO,42,147,12.216962516149891,3.99743719392761,97.1,1000
PPO,42,148,12.482171191283813,4.2006394659919275,96.3,1000
PPO,42,149,14.220569887973152,4.530545307331408,96.3,1000
PPO,42,150,13.405223135313706,4.329670602051122,97.0,1000
PPO,42,151,12.174120637484654,4.352388777310231,96.1,1000
PPO,42,152,14.78538820238768,4.797866641010624,96.5,1000
PPO,42,153,13.660369663756596,4.263014344572672,97.6,1000
PPO,42,154,12.52322857750137,4.223810113963991,96.6,1000
PPO,42,155,15.75047193706247,7.805059502310614,96.0,1000
PPO,42,156,12.503633805800083,4.397544021942014,96.6,1000
PPO,42,157,13.139188422917787,4.581064914079948,96.2,1000
PPO,42,158,14.278622309142422,4.2164110197330595,96.39999999999999,1000
PPO,42,159,15.15107702556298,4.471008251326995,97.2,1000
PPO,42,160,15.20928479631452,4.622429126423102,96.6,1000
PPO,42,161,13.73847698488357,4.127889051583164,97.1,1000
PPO,42,162,12.568154861074598,4.43473391065925,97.8,1000
PPO,42,163,13.08768935067415,4.269178630739541,96.89999999999999,1000
PPO,42,164,14.433432539329143,4.052221273024348,95.89999999999999,1000
PPO,42,165,17.49478810677006,4.670941408916628,96.6,1000
PPO,42,166,12.737254794692388,4.100407746621954,95.8,1000
PPO,42,167,15.801369541773322,5.2273884101019785,97.0,1000
PPO,42,168,17.159391769934803,9.077482837322862,96.6,1000
PPO,42,169,13.058723837532595,4.692769915049835,96.8,1000
PPO,42,170,12.784094719925477,4.150075996009101,96.39999999999999,1000
PPO,42,171,12.18986273533197,4.041411309910364,96.7,1000
PPO,42,172,15.516202909924047,5.920789260981442,96.0,1000
PPO,42,173,13.854212249482705,4.437640740408456,96.6,1000
PPO,42,174,13.93063317706366,4.372951388991087,96.5,1000
PPO,42,175,13.40498324936841,4.124184452368383,95.0,1000
PPO,42,176,13.432983799494798,4.110787392683888,97.89999999999999,1000
PPO,42,177,12.941221719984576,4.054859406370305,96.5,1000
PPO,42,178,12.979782269631247,4.310011244083167,97.8,1000
PPO,42,179,13.057945258160041,4.425360786151589,97.7,1000
PPO,42,180,13.763363310648254,4.355595438944473,97.2,1000
PPO,42,181,12.62632690720724,4.298874876109868,97.39999999999999,1000
PPO,42,182,13.996235561724829,4.3866528240343925,97.0,1000
PPO,42,183,14.077215131739413,5.726732358928779,95.89999999999999,1000
PPO,42,184,14.260334956545016,4.41546418173543,96.0,1000
PPO,42,185,12.687365962250572,4.122338192574378,96.6,1000
PPO,42,186,13.248452734294382,4.383230577139686,96.2,1000
PPO,42,187,13.60424002084211,5.520468343801268,97.3,1000
PPO,42,188,13.448195782835548,4.251533546988471,97.1,1000
PPO,42,189,14.815427555586139,7.83947460496721,96.1,1000
PPO,42,190,14.524875177682343,4.148975342865415,96.89999999999999,1000
PPO,42,191,13.356390335174252,4.233121302441875,96.3,1000
PPO,42,192,13.753390551589119,4.183332287821459,96.3,1000
PPO,42,193,12.592312341429563,4.207711168393244,95.6,1000
PPO,42,194,13.616905603611114,4.1918494923861225,96.7,1000
PPO,42,195,13.402379914294688,4.1775677432354135,97.3,1000
PPO,42,196,13.429678037391488,4.166307235976419,97.3,1000
PPO,42,197,14.799197798132855,5.71971598643951,96.2,1000
PPO,42,198,12.533303500939972,4.2476767616205855,96.3,1000
PPO,42,199,12.33907245822238,4.2166540631822365,96.7,1000
PPO,43,0,12.52188932942234,4.127616664624895,96.89999999999999,1000
PPO,43,1,12.170011417468304,4.111478173614773,96.7,1000
PPO,43,2,13.358447551285746,4.338925407729141,97.6,1000
PPO,43,3,12.298058000528552,4.359585696319471,96.0,1000
PPO,43,4,12.587210942798954,3.97984946804605,97.6,1000
PPO,43,5,11.794944854614233,3.943021427922843,97.1,1000
PPO,43,6,13.142006245462811,4.659479600609424,97.0,1000
PPO,43,7,13.032772987655706,4.012596452429588,96.39999999999999,1000
PPO,43,8,13.087111823853391,4.383174998765881,98.0,1000
PPO,43,9,12.990824657106064,4.097019567246813,96.6,1000
PPO,43,10,13.83840940093502,6.341016945626474,97.2,1000
PPO,43,11,12.357567178775135,4.0905052893209675,96.89999999999999,1000
PPO,43,12,13.126611328923554,4.161039181357193,95.8,1000
PPO,43,13,14.705806029114102,5.537547436989337,97.6,1000
PPO,43,14,12.245660201661707,4.144448921191801,97.1,1000
PPO,43,15,13.743755217727744,4.247779287703399,97.6,1000
PPO,43,16,12.984035721947924,4.039247085762497,96.8,1000
PPO,43,17,12.857953935708348,4.696037723674454,96.0,1000
PPO,43,18,12.821618756394036,4.494030771686022,96.3,1000
PPO,43,19,11.855347012885401,4.025830023273962,97.0,1000
PPO,43,20,12.637655213431499,4.395522484263669,96.7,1000
PPO,43,21,14.011136879312952,3.973392977070862,97.7,1000
PPO,43,22,12.72190131241567,4.389332384736634,96.5,1000
PPO,43,23,12.272927206814307,4.5151479264141425,97.1,1000
PPO,43,24,14.399909246858199,4.553123909462054,96.89999999999999,1000
PPO,43,25,11.850225481337866,3.993032370303464,97.39999999999999,1000
PPO,43,26,13.410824568098521,4.0981104617567015,97.1,1000
PPO,43,27,12.233234959746543,4.2995511734743275,97.2,1000
PPO,43,28,13.19365695180772,4.147051347584937,97.3,1000
PPO,43,29,12.87528064282071,4.176035060050341,97.0,1000
PPO,43,30,15.095136406980611,5.807137508993978,98.0,1000
PPO,43,31,12.176950597628307,4.151807051659039,96.5,1000
PPO,43,32,12.447341122335459,4.654853891031224,97.39999999999999,1000
PPO,43,33,12.28797913523186,4.280736041820795,97.6,1000
PPO,43,34,12.286242770307377,4.076817685227738,97.0,1000
PPO,43,35,12.26754833078467,4.522349611714388,96.6,1000
PPO,43,36,12.175801410152285,4.167812938119934,97.2,1000
PPO,43,37,14.421000028435346,4.28231112141514,96.7,1000
PPO,43,38,12.623791670710471,4.33138835778725,96.5,1000
PPO,43,39,14.312174032216616,4.46301437751522,97.39999999999999,1000
PPO,43,40,12.590243109121554,4.249606758801119,96.7,1000
PPO,43,41,13.030740472399982,4.304962132103588,97.1,1000
PPO,43,42,13.257491175565386,4.466981293361382,97.2,1000
PPO,43,43,13.65830546418445,4.84156348677573,97.89999999999999,1000
PPO,43,44,12.11291668349477,4.302414480106343,97.3,1000
PPO,43,45,13.932971237226015,4.407033139353962,96.6,1000
PPO,43,46,11.656564011475202,4.1543922181961905,97.89999999999999,1000
PPO,43,47,12.419209364450662,4.489374954328521,97.1,1000
PPO,43,48,12.07665795227846,4.175405184913229,96.8,1000
PPO,43,49,12.682544290308018,4.150246296810537,98.0,1000
PPO,43,50,12.583427079727944,4.152203826644908,96.1,1000
PPO,43,51,13.487463080396283,4.113482227123649,96.8,1000
PPO,43,52,13.093687639466927,4.159181351708566,96.89999999999999,1000
PPO,43,53,12.891850938596008,4.009568209730811,97.7,1000
PPO,43,54,14.680016073931883,7.313735260926484,97.6,1000
PPO,43,55,13.17811341296895,4.049321820988482,96.1,1000
PPO,43,56,12.511026442099709,4.191092739729777,97.1,1000
PPO,43,57,12.207969128888807,3.9964324030280673,97.3,1000
PPO,43,58,12.574392561797278,4.336388083077124,97.6,1000
PPO,43,59,12.216240372570974,4.017001691744956,97.6,1000
PPO,43,60,14.40125910843185,4.308265924562855,97.3,1000
PPO,43,61,11.492573524758166,4.074367199721092,95.7,1000
PPO,43,62,13.53393292618294,4.264515321929577,97.39999999999999,1000
PPO,43,63,12.086596345793762,4.246776291493586,97.0,1000
PPO,43,64,12.426534184883923,4.228847407993237,97.3,1000
PPO,43,65,14.901356005453643,4.786062780858025,96.6,1000
PPO,43,66,12.087466106992467,4.268163319828112,96.5,1000
PPO,43,67,12.404809191053001,4.109408393599297,96.7,1000
PPO,43,68,13.441156047367217,4.060041981143258,96.8,1000
PPO,43,69,12.908544685510675,4.3953773816513735,97.39999999999999,1000
PPO,43,70,12.206097572569687,4.277035022158319,95.8,1000
PPO,43,71,12.465447922187582,4.291282268602957,97.3,1000
PPO,43,72,12.927848647669496,3.991311851985011,96.6,1000
PPO,43,73,12.175339201139362,3.934630795995585,96.6,1000
PPO,43,74,14.632174540573782,8.965096759559383,96.89999999999999,1000
PPO,43,75,13.381864277490664,4.534537348009003,97.0,1000
PPO,43,76,12.656757040185656,4.065247883874219,97.6,1000
PPO,43,77,14.770324309176901,4.196333577462283,96.89999999999999,1000
PPO,43,78,13.453498924443323,4.223379432009979,97.2,1000
PPO,43,79,15.453825037883918,8.695283477665317,96.3,1000
PPO,43,80,12.394683262839846,4.371443689239235,98.1,1000
PPO,43,81,12.467759614804391,4.188351956093428,96.6,1000
PPO,43,82,12.894118873052467,4.228763148790781,96.2,1000
PPO,43,83,13.277395916176012,5.857764561791469,96.7,1000
PPO,43,84,14.020831829955066,5.668620630246134,96.5,1000
PPO,43,85,13.925256608058415,5.308328117171877,96.39999999999999,1000
PPO,43,86,12.86015136683964,4.188120050349178,98.0,1000
PPO,43,87,12.79153729923905,4.696565994515463,97.5,1000
PPO,43,88,12.180032979482265,4.180440570710818,96.8,1000
PPO,43,89,12.404125892657714,4.089527138875909,97.3,1000
PPO,43,90,15.058323305807018,4.177737261317838,97.3,1000
PPO,43,91,14.489499568398914,4.305377411753787,95.5,1000
PPO,43,92,12.157272389793615,4.288523203152171,97.0,1000
PPO,43,93,13.979737687817174,3.9507304221119806,96.89999999999999,1000
PPO,43,94,11.300760961072069,4.2246727070460235,97.7,1000
PPO,43,95,13.417643485525273,4.040543935203768,97.0,1000
PPO,43,96,15.40422910184585,5.495550386714009,97.3,1000
PPO,43,97,14.164991962543251,4.424854900667852,97.39999999999999,1000
PPO,43,98,12.598889829186628,3.9854683822655272,98.2,1000
PPO,43,99,15.127532315301629,5.940307140381237,96.8,1000
PPO,43,100,12.424371987795851,4.120427462399166,97.1,1000
PPO,43,101,13.193219309027333,4.088752213799932,97.0,1000
PPO,43,102,12.576943252042025,4.044704242422316,96.89999999999999,1000
PPO,43,103,16.121510753783777,10.165288203519516,97.39999999999999,1000
PPO,43,104,12.68392588308471,4.328824427821059,97.0,1000
PPO,43,105,11.818890095773662,4.023536938646297,97.8,1000
PPO,43,106,13.742729277639944,4.61157173420093,96.0,1000
PPO,43,107,12.515664754202684,4.36269078459556,97.1,1000
PPO,43,108,12.530552007425614,4.120670260629229,96.39999999999999,1000
PPO,43,109,12.967119392809392,4.1502794794504485,97.89999999999999,1000
PPO,43,110,12.754147656872549,4.180899475162531,97.8,1000
PPO,43,111,13.722610476644434,4.449030630173511,97.3,1000
PPO,43,112,12.812387706087739,4.3490250458796025,96.7,1000
PPO,43,113,12.05260854839997,4.674251074408364,96.89999999999999,1000
PPO,43,114,14.535806296252128,4.6777141516415,96.7,1000
PPO,43,115,13.683683841783727,4.2197715758078775,96.7,1000
PPO,43,116,13.556414215163699,4.7251302440979766,96.89999999999999,1000
PPO,43,117,13.689425252403213,3.9680693604205146,97.3,1000
PPO,43,118,13.042403136782072,4.057045644989145,97.5,1000
PPO,43,119,12.990197640083473,4.070324880039562,96.8,1000
PPO,43,120,12.545845920425812,4.278474340994186,97.7,1000
PPO,43,121,12.642580246071706,4.303143120518776,97.39999999999999,1000
PPO,43,122,17.622162621065957,10.22269814975464,96.5,1000
PPO,43,123,11.91589379954136,4.288714823346529,98.1,1000
PPO,43,124,12.263123785170166,4.066021166767689,97.3,1000
PPO,43,125,12.316380613504746,4.107265201175334,96.89999999999999,1000
PPO,43,126,14.170603719128284,4.497794996392741,96.89999999999999,1000
PPO,43,127,12.371567583161461,4.077004568995739,97.1,1000
PPO,43,128,12.723676140570705,4.098260756650884,97.2,1000
PPO,43,129,13.790956225057084,5.002662274821567,97.1,1000
PPO,43,130,12.000844626178447,4.024391121952856,96.3,1000
PPO,43,131,12.833351672450943,4.261725919196017,97.5,1000
PPO,43,132,13.234517153073714,4.365611409624443,96.6,1000
PPO,43,133,12.461688489390571,4.576545818318456,97.2,1000
PPO,43,134,12.73224453173929,4.21213292275623,98.0,1000
PPO,43,135,13.507074633519148,3.9268699328715813,97.39999999999999,1000
PPO,43,136,12.915118755225448,5.102958623282413,97.39999999999999,1000
PPO,43,137,13.271573718461342,5.774857851293678,97.5,1000
PPO,43,138,13.67190096961178,4.155216997834292,97.2,1000
PPO,43,139,12.188743572321663,4.199563367181869,97.2,1000
PPO,43,140,12.437075505635494,4.240757966368838,96.8,1000
PPO,43,141,12.430128192625181,4.997140047613425,97.6,1000
PPO,43,142,12.183732689803577,4.046842524201074,97.0,1000
PPO,43,143,12.967471205275517,4.141678250804438,97.5,1000
PPO,43,144,13.619481137312983,3.933388324201012,98.2,1000
PPO,43,145,12.464305176599925,4.2089068218348045,97.89999999999999,1000
PPO,43,146,12.178295525639747,4.113802376275097,98.0,1000
PPO,43,147,12.08281338612724,4.130136059456895,97.6,1000
PPO,43,148,12.405141520580546,4.067517336121838,97.5,1000
PPO,43,149,13.999106865816678,11.40931275554312,96.5965965965966,999
PPO,43,150,12.21384382071513,4.209829517598747,96.6,1000
PPO,43,151,11.548249073764513,4.1180482854087135,97.6,1000
PPO,43,152,17.787038874317258,9.341391669862707,97.0,1000
PPO,43,153,12.261138966796892,4.2801193719870065,97.0,1000
PPO,43,154,12.954831854437048,4.129140103661856,97.39999999999999,1000
PPO,43,155,13.20382722374626,4.151496226659612,97.2,1000
PPO,43,156,12.604525324982236,4.256854873352878,97.1,1000
PPO,43,157,13.02661507976626,4.016715093527944,96.7,1000
PPO,43,158,12.216730429130452,4.195204149001068,97.39999999999999,1000
PPO,43,159,12.17424199180366,4.188902159424628,97.7,1000
PPO,43,160,11.47388851004808,3.8491433365700813,98.3,1000
PPO,43,161,13.523140086401382,4.081098703914834,97.3,1000
PPO,43,162,12.267923209718825,4.207747004923815,97.3,1000
PPO,43,163,11.977252767256847,4.113087175431333,97.2,1000
PPO,43,164,11.964707450519825,3.993137822635274,96.3,1000
PPO,43,165,11.749640692192513,4.0637828968446215,97.0,1000
PPO,43,166,12.313009927631738,4.017377592569659,97.89999999999999,1000
PPO,43,167,11.713872928704758,4.084402299526744,96.3,1000
PPO,43,168,15.474580168201209,6.364502818265891,97.7,1000
PPO,43,169,12.17350777301675,4.379974710073367,97.89999999999999,1000
PPO,43,170,12.007079619668081,4.148020928789974,96.8,1000
PPO,43,171,12.279598682711228,3.903804623828197,96.39999999999999,1000
PPO,43,172,12.440188637085472,4.2807034910428525,96.89999999999999,1000
PPO,43,173,13.163429166431655,3.9395505308497865,98.2,1000
PPO,43,174,13.617070751274948,4.099164750109564,96.89999999999999,1000
PPO,43,175,12.772258929240671,4.308695158361733,97.2,1000
PPO,43,176,12.63963185005702,4.400485208451512,96.8,1000
PPO,43,177,11.913385203853908,4.440350472767193,97.89999999999999,1000
PPO,43,178,14.074587382944902,7.516003470355046,97.89999999999999,1000
PPO,43,179,12.477925868760732,4.106145133621708,96.89999999999999,1000
PPO,43,180,11.550564652218199,3.972846143780014,97.3,1000
PPO,43,181,12.017193063141821,4.119191869004186,97.89999999999999,1000
PPO,43,182,16.10163643059952,9.784476692035225,97.1,1000
PPO,43,183,12.383995885525515,4.494902400648339,97.1,1000
PPO,43,184,13.245817860503823,4.206097595773328,97.8,1000
PPO,43,185,12.14935480949296,4.208971378475059,96.7,1000
PPO,43,186,12.227393305309095,4.167168815720732,97.7,1000
PPO,43,187,12.997009720569622,4.817012111593464,97.39999999999999,1000
PPO,43,188,12.862204499819706,5.04304643360574,97.3,1000
PPO,43,189,12.35482056499369,4.110542478985176,96.89999999999999,1000
PPO,43,190,12.366257151898306,4.068950844390802,96.5,1000
PPO,43,191,14.683467185136317,7.1922717700269345,97.8,1000
PPO,43,192,14.223390920802697,5.8580748993539595,96.6,1000
PPO,43,193,12.556235490631313,4.952741311278743,97.0,1000
PPO,43,194,11.754892241310797,4.967575764046014,97.39999999999999,1000
PPO,43,195,14.293545282763816,5.117258370526609,97.2,1000
PPO,43,196,12.366993913013129,4.266475900736201,97.3,1000
PPO,43,197,13.323482199863054,4.133927448696535,97.7,1000
PPO,43,198,12.129482538159222,4.676801956522523,97.6,1000
PPO,43,199,13.529385813491881,5.144361300840054,97.6,1000
PPO,44,0,16.626096135326833,5.213713827609129,95.7,1000
PPO,44,1,12.42690139825256,4.114315926490993,98.3,1000
PPO,44,2,13.258394678030024,4.845613245050027,96.6,1000
PPO,44,3,14.798447000501245,6.15718816885089,97.6,1000
PPO,44,4,13.463296838867398,4.31697116691057,96.7,1000
PPO,44,5,12.72347250236534,4.7442127021954965,97.39999999999999,1000
PPO,44,6,11.419067384812848,11.560067059451452,97.5975975975976,999
PPO,44,7,11.766804016260542,4.099176634774367,97.89999999999999,1000
PPO,44,8,12.9158886503094,4.483570400599514,96.39999999999999,1000
PPO,44,9,12.331841774491416,4.044060531060009,96.6,1000
PPO,44,10,12.413220890147445,4.1836714540608835,98.1,1000
PPO,44,11,12.000474553121657,4.241201940090191,96.89999999999999,1000
PPO,44,12,12.024534223594445,4.169678247068919,97.1,1000
PPO,44,13,13.743762808867098,4.354329286301202,97.3,1000
PPO,44,14,13.817921617279465,5.0047378478981335,97.8,1000
PPO,44,15,14.540736234283015,7.04528482577779,97.1,1000
PPO,44,16,14.425694655233283,4.8082690387886515,97.3,1000
PPO,44,17,11.846158661294583,4.137716596675526,96.6,1000
PPO,44,18,13.66481670668639,4.232261009475083,97.2,1000
PPO,44,19,11.795188569494343,4.345154874699187,97.39999999999999,1000
PPO,44,20,11.456922143110479,4.172414410821175,96.89999999999999,1000
PPO,44,21,14.795439993766417,8.322971119086537,97.6,1000
PPO,44,22,11.675291631955986,4.049022266649133,97.39999999999999,1000
PPO,44,23,13.045245113084459,5.062981652249301,97.2,1000
PPO,44,24,11.462235550873972,4.221121102861339,97.5,1000
PPO,44,25,11.560098974865118,4.193053727492914,98.2,1000
PPO,44,26,12.796771634695979,4.512304921596739,97.0,1000
PPO,44,27,12.265051214303783,4.011448094073908,97.39999999999999,1000
PPO,44,28,11.934244034130831,4.4743569673364965,97.89999999999999,1000
PPO,44,29,11.603948905120175,4.460720200339094,96.6,1000
PPO,44,30,11.08023844588023,4.066909569675077,97.3,1000
PPO,44,31,11.364959859064635,3.954225410294685,97.8,1000
PPO,44,32,11.808937499520075,4.245719305119626,97.6,1000
PPO,44,33,12.230698522459752,4.408797044089413,97.8,1000
PPO,44,34,11.94279922391447,4.246076495804674,97.8,1000
PPO,44,35,12.102638604591688,4.347553215548862,97.89999999999999,1000
PPO,44,36,12.15112469400706,4.439712406862509,98.0,1000
PPO,44,37,12.164055120680253,4.345219771306372,96.8,1000
PPO,44,38,12.71375577832947,4.075168702555044,98.6,1000
PPO,44,39,12.30721579317302,4.224901031899585,96.5,1000
PPO,44,40,15.789544970140396,9.695861751606504,97.6,1000
PPO,44,41,12.637457124379484,4.092061443952375,97.8,1000
PPO,44,42,12.675997671935525,4.6447303746218624,98.1,1000
PPO,44,43,12.777597263254119,5.1611845469468935,98.0,1000
PPO,44,44,12.273704569962202,4.269328518732957,97.8,1000
PPO,44,45,12.146041642018822,4.326949906582732,98.1,1000
PPO,44,46,11.968324290207386,4.16385224782449,97.7,1000
PPO,44,47,11.960529267452122,4.074082923755071,97.8,1000
PPO,44,48,12.53909251471467,4.560648722029538,97.3,1000
PPO,44,49,12.909031567279376,3.9649287700898435,96.89999999999999,1000
PPO,44,50,11.419717351038543,4.321691278457095,97.7,1000
PPO,44,51,13.802510927764263,4.69505543386696,97.1,1000
PPO,44,52,11.442799214023765,4.1892867963562255,96.6,1000
PPO,44,53,11.17821652935633,4.22781121689141,96.5,1000
PPO,44,54,11.93625505303371,4.131166607352767,96.1,1000
PPO,44,55,12.252809145882624,3.9371642287232262,96.6,1000
PPO,44,56,12.361500557040713,4.308279757875553,98.1,1000
PPO,44,57,14.456796195594173,7.54721596384889,97.5,1000
PPO,44,58,12.16724114868995,4.269585482256393,97.89999999999999,1000
PPO,44,59,12.428812786884894,4.119292381560189,96.6,1000
PPO,44,60,11.869179480075735,4.4541795906700425,97.1,1000
PPO,44,61,12.742627478418541,4.031041313176232,97.6,1000
PPO,44,62,11.533263376548497,4.345123770969158,97.5,1000
PPO,44,63,11.873373814113492,4.193112946598898,97.2,1000
PPO,44,64,11.915384982945762,4.097225683858489,97.0,1000
PPO,44,65,12.5144786021936,4.340064281500619,97.5,1000
PPO,44,66,11.783488477323143,4.163639469270345,98.1,1000
PPO,44,67,12.221428121864408,4.187325390453892,97.1,1000
PPO,44,68,11.843844587446926,4.030995105330856,97.3,1000
PPO,44,69,12.184763742677427,4.059361483751261,97.5,1000
PPO,44,70,12.011609578525265,4.107745449241426,97.8,1000
PPO,44,71,12.466882983649914,4.230611343395454,97.39999999999999,1000
PPO,44,72,13.165961070484439,4.295052897713564,96.8,1000
PPO,44,73,12.276404085875578,4.201696888919315,97.0,1000
PPO,44,74,12.227473155913987,3.8163603591990687,97.8,1000
PPO,44,75,11.580643656414429,4.100412464687565,97.5,1000
PPO,44,76,11.38104379465277,4.21003027427037,97.7,1000
PPO,44,77,15.230918074635063,6.525373890333089,97.6,1000
PPO,44,78,13.06212649207735,4.062288978508202,97.8,1000
PPO,44,79,14.082814395989391,6.733582342768386,97.8,1000
PPO,44,80,12.228367304594908,4.338713915809692,97.5,1000
PPO,44,81,12.948876585592611,4.107929101856843,97.6,1000
PPO,44,82,13.743092122566242,4.92032424188872,97.8,1000
PPO,44,83,12.577102357149313,4.093060270947515,97.1,1000
PPO,44,84,12.054507102956029,4.428801568658828,97.3,1000
PPO,44,85,12.41224256376548,4.197767304204781,97.1,1000
PPO,44,86,11.892931356749662,4.11260509204103,97.5,1000
PPO,44,87,11.92887825744723,4.263808376251111,97.3,1000
PPO,44,88,11.52659927801059,4.253326902457044,97.0,1000
PPO,44,89,13.074723671947151,5.09889026792651,97.89999999999999,1000
PPO,44,90,13.58587434249205,4.158796343421265,97.6,1000
PPO,44,91,11.65022579316674,4.218540708913121,97.39999999999999,1000
PPO,44,92,11.603907980332552,4.346520153514565,96.5,1000
PPO,44,93,13.084531529777632,4.9859473732414745,97.6,1000
PPO,44,94,11.315696859607824,4.048234801234498,96.89999999999999,1000
PPO,44,95,12.57717511618616,4.159930563550296,97.89999999999999,1000
PPO,44,96,11.09210974834579,4.2201748534118595,97.0,1000
PPO,44,97,12.02443127917904,4.284341960462673,97.5,1000
PPO,44,98,12.426556300899977,4.169808919582605,97.6,1000
PPO,44,99,11.146832554998733,3.9854260286980465,97.3,1000
PPO,44,100,12.641915903307515,4.0616413957497635,97.2,1000
PPO,44,101,11.246211924247815,3.9721731165977174,97.39999999999999,1000
PPO,44,102,12.637592657605303,4.628460839975602,98.1,1000
PPO,44,103,12.211848634758695,4.563879997737551,98.3,1000
PPO,44,104,11.621823817416832,4.169345401308898,97.89999999999999,1000
PPO,44,105,12.082223072614179,4.019176763466257,97.6,1000
PPO,44,106,11.66427899797163,4.233629747043367,97.5,1000
PPO,44,107,12.348299858737594,4.216400025474678,97.8,1000
PPO,44,108,13.53205030330181,5.426807107899459,96.8,1000
PPO,44,109,11.92887880833798,4.36027241357977,97.7,1000
PPO,44,110,13.467942833070916,4.7004314048508515,97.3,1000
PPO,44,111,12.539965834645027,5.05303367441844,97.3,1000
PPO,44,112,11.896309880186992,4.224572800039759,96.5,1000
PPO,44,113,12.245626908310529,4.334825228454328,97.8,1000
PPO,44,114,12.230042134205101,4.06604270471353,97.3,1000
PPO,44,115,12.62694559510623,4.196797843036802,98.5,1000
PPO,44,116,12.639795688942602,4.291557371768011,97.1,1000
PPO,44,117,12.853043250032,5.6377819995700875,97.6,1000
PPO,44,118,14.933601603834713,9.652618831924894,97.2,1000
PPO,44,119,12.93120441699976,4.381168189462444,97.0,1000
PPO,44,120,11.168381395261669,4.087522250681285,97.5,1000
PPO,44,121,14.382831308815971,4.293032521316752,97.8,1000
PPO,44,122,12.446691520096087,4.4791885773632165,97.0,1000
PPO,44,123,12.928942178165428,4.350083296594531,97.2,1000
PPO,44,124,12.155762772529663,4.672862347469462,97.89999999999999,1000
PPO,44,125,11.50430823125361,4.259512603368575,98.2,1000
PPO,44,126,11.625198508316412,11.624985641890373,97.1971971971972,999
PPO,44,127,12.471778543150391,4.615065065059622,96.89999999999999,1000
PPO,44,128,12.20039283471866,4.67089351725138,98.1,1000
PPO,44,129,11.791612161256213,4.1515886097852635,97.7,1000
PPO,44,130,11.822299128372897,4.304169032889832,97.1,1000
PPO,44,131,13.336527377439445,5.0148749738551,97.5,1000
PPO,44,132,13.086670563924207,4.197180365602604,97.0,1000
PPO,44,133,13.182715430523519,4.340280490519,97.3,1000
PPO,44,134,12.349415944453543,3.9475055411131317,97.7,1000
PPO,44,135,13.820497431701119,5.9956650857780485,96.6,1000
PPO,44,136,12.339246328827535,3.897887096692552,97.5,1000
PPO,44,137,12.492484024200698,4.153537483443029,96.89999999999999,1000
PPO,44,138,12.577925483010166,4.671010155039456,97.8,1000
PPO,44,139,12.063728081431316,4.488302801140354,98.2,1000
PPO,44,140,12.233280377164169,4.206838263217895,97.5,1000
PPO,44,141,12.526542485082343,4.541412472908693,97.89999999999999,1000
PPO,44,142,12.816365128846897,3.9874972986314186,98.2,1000
PPO,44,143,13.75285623290416,4.332100757326823,97.7,1000
PPO,44,144,11.79976410733223,4.165459910960011,96.5,1000
PPO,44,145,15.505040629902137,7.45201945560046,97.3,1000
PPO,44,146,12.390334300360614,3.9827441773934797,96.89999999999999,1000
PPO,44,147,11.613029553287578,4.478697161155993,97.6,1000
PPO,44,148,12.608723726718349,4.3982868137240025,97.7,1000
PPO,44,149,13.81667708678908,4.030578226767621,97.3,1000
PPO,44,150,12.540225476712267,4.213155022599459,97.6,1000
PPO,44,151,12.546289552966813,4.41490005171307,96.6,1000
PPO,44,152,13.115729700192547,4.317726408660048,97.0,1000
PPO,44,153,12.598889538280895,4.19419764668236,97.1,1000
PPO,44,154,11.638738773686839,11.40789927410555,96.1961961961962,999
PPO,44,155,13.322123259381241,4.878023495907377,96.39999999999999,1000
PPO,44,156,13.590639152709056,4.1479584461814705,96.8,1000
PPO,44,157,12.83329020783571,4.1154749068917615,98.1,1000
PPO,44,158,12.965642816881097,4.11689035687477,97.2,1000
PPO,44,159,12.022788156378839,4.411282963357862,97.39999999999999,1000
PPO,44,160,11.844189943341785,4.170157505873864,98.2,1000
PPO,44,161,12.484352720750776,4.3082030921167735,97.2,1000
PPO,44,162,13.693803798415033,4.8470892083341734,98.0,1000
PPO,44,163,12.520099504580868,4.021556655176852,97.7,1000
PPO,44,164,11.691580707186665,4.140533156867541,96.89999999999999,1000
PPO,44,165,12.804179788872675,4.1603329702028615,96.3,1000
PPO,44,166,12.300060515357538,4.179983370070364,96.2,1000
PPO,44,167,14.338800692621659,4.497551977332198,97.89999999999999,1000
PPO,44,168,12.861424132689605,4.036467626232184,98.4,1000
PPO,44,169,11.748766035974139,4.241441910223861,97.89999999999999,1000
PPO,44,170,13.5227212526714,4.795017718556567,97.7,1000
PPO,44,171,12.423640041488051,4.191675897361564,97.2,1000
PPO,44,172,13.604783236117914,11.510486931905508,97.997997997998,999
PPO,44,173,11.44579526070045,4.137192962130842,95.8,1000
PPO,44,174,12.57865478665369,4.6063020148142035,97.7,1000
PPO,44,175,12.251828614781745,4.253572354962181,98.0,1000
PPO,44,176,11.708123003470016,4.181622389693987,97.8,1000
PPO,44,177,12.009937662908102,4.377368252636295,96.5,1000
PPO,44,178,12.080249529908556,3.9688223385351264,97.3,1000
PPO,44,179,11.796101501244024,4.079189093869197,97.3,1000
PPO,44,180,12.678217097408517,4.8435632240886175,97.6,1000
PPO,44,181,12.991758136861057,4.176918786700063,98.4,1000
PPO,44,182,12.934377602073047,4.394462493905332,97.1,1000
PPO,44,183,12.563332467597116,4.315278163701262,97.8,1000
PPO,44,184,13.7875847993668,6.069496229076052,97.7,1000
PPO,44,185,11.381272797818545,4.09674493979893,96.89999999999999,1000
PPO,44,186,12.719288652335765,11.419536836819882,96.49649649649649,999
PPO,44,187,12.229431990884118,4.224431776140273,97.8,1000
PPO,44,188,12.453984252098307,4.256153585899039,97.0,1000
PPO,44,189,14.709501545983308,6.970798380563399,98.3,1000
PPO,44,190,11.688139423977406,3.9166247871318327,97.7,1000
PPO,44,191,11.228818996800046,4.2727979332104145,97.6,1000
PPO,44,192,11.775792127955564,4.201360229630304,97.0,1000
PPO,44,193,12.00166144445294,4.293931714935366,96.6,1000
PPO,44,194,12.037977332324164,4.1010886109213045,97.7,1000
PPO,44,195,12.325926953450406,4.23426401734662,97.3,1000
PPO,44,196,12.572215226157251,4.2886161304842485,97.5,1000
PPO,44,197,12.388122437302798,4.316245069321136,97.89999999999999,1000
PPO,44,198,13.599606109733996,4.466398554523579,96.7,1000
PPO,44,199,12.403848114514393,3.9950940820963843,97.6,1000
PPO,45,0,14.375805617984723,4.149293637775214,92.30000000000001,1000
PPO,45,1,14.147507529882539,4.293284741558531,98.0,1000
PPO,45,2,13.318798851144368,4.299064830696286,97.2,1000
PPO,45,3,11.73653909167917,4.102517373936255,97.6,1000
PPO,45,4,11.72802886101639,4.217760272203826,98.5,1000
PPO,45,5,11.379020720494347,4.342763980929905,97.1,1000
PPO,45,6,12.293948869764565,4.814313953624841,98.1,1000
PPO,45,7,13.012034928645848,6.766009107683614,98.1,1000
PPO,45,8,13.696364162148548,4.591603591798649,97.8,1000
PPO,45,9,11.057082061215795,4.331310556605028,96.7,1000
PPO,45,10,12.243460745656732,4.482896565357462,98.1,1000
PPO,45,11,11.811425429070917,4.1587880236064665,98.4,1000
PPO,45,12,11.610238677399389,4.132924905133856,96.2,1000
PPO,45,13,14.115504745582816,4.5891930221974,97.6,1000
PPO,45,14,11.34816937985394,4.099459819359501,97.8,1000
PPO,45,15,11.414021378071823,4.018524529975976,98.1,1000
PPO,45,16,11.530588008826946,4.033636685654152,98.0,1000
PPO,45,17,11.653977937187122,4.18950840678921,97.6,1000
PPO,45,18,12.285965179055449,4.1166762418132405,97.3,1000
PPO,45,19,11.6979086476136,4.34197213309731,96.6,1000
PPO,45,20,11.974856571106143,3.965971272986825,96.8,1000
PPO,45,21,11.11331004946353,4.558285106365928,96.6,1000
PPO,45,22,11.170714961597557,4.333159949995409,96.7,1000
PPO,45,23,12.069498121582054,4.31553765199028,97.39999999999999,1000
PPO,45,24,12.87860290950048,6.528398100536486,97.1,1000
PPO,45,25,11.518130675827047,4.592521297947298,97.2,1000
PPO,45,26,11.940350242535041,4.157344985258109,97.89999999999999,1000
PPO,45,27,14.136074786029676,5.129360159184676,97.39999999999999,1000
PPO,45,28,13.102138562098116,4.138952040760853,97.3,1000
PPO,45,29,12.264414945400315,4.132100997338322,97.5,1000
PPO,45,30,11.346371678510783,4.396178493985593,97.2,1000
PPO,45,31,11.828065068977969,4.37406708078631,97.8,1000
PPO,45,32,11.575311946082739,4.333148373094601,98.5,1000
PPO,45,33,11.627952074313399,4.28126218306151,97.6,1000
PPO,45,34,14.404682910603405,4.159143980825529,96.6,1000
PPO,45,35,12.09432004691878,4.170700418307345,97.7,1000
PPO,45,36,11.92858428215705,4.405622125119024,97.2,1000
PPO,45,37,12.430785080265734,4.973700618581242,97.5,1000
PPO,45,38,10.86227671477657,4.542681523999955,97.3,1000
PPO,45,39,12.3468911382716,4.791642647520766,96.8,1000
PPO,45,40,11.572714852879738,4.1372174152525325,97.6,1000
PPO,45,41,12.921495484926119,4.225381696407713,98.0,1000
PPO,45,42,12.772196670826682,4.174014601482408,97.3,1000
PPO,45,43,14.195316580618801,5.002404962557227,96.8,1000
PPO,45,44,11.231807746063744,4.333264345772151,97.1,1000
PPO,45,45,12.562597096433661,5.266824547405241,97.2,1000
PPO,45,46,12.624116623886119,4.449041294346303,98.2,1000
PPO,45,47,13.85520956599888,9.112309064549116,97.8,1000
PPO,45,48,12.006684106499673,4.264212206682529,97.8,1000
PPO,45,49,12.05653974794311,4.3039661522975186,96.8,1000
PPO,45,50,11.341146629517404,4.198145526284018,97.7,1000
PPO,45,51,13.950589423315265,4.039590088457185,98.3,1000
PPO,45,52,11.78593290421867,4.123859788947912,98.1,1000
PPO,45,53,11.547194654499123,4.591869682309209,98.1,1000
PPO,45,54,14.650584398306393,8.388320371396073,96.8,1000
PPO,45,55,10.889683405592896,4.142975531570242,98.8,1000
PPO,45,56,15.051133892403712,8.431428854999282,97.5,1000
PPO,45,57,12.55913350510736,4.2612014711934085,97.39999999999999,1000
PPO,45,58,12.178595607499823,4.23659376590765,97.1,1000
PPO,45,59,11.947298642625213,4.548920411863732,97.39999999999999,1000
PPO,45,60,11.064188486015965,4.362819373924193,97.89999999999999,1000
PPO,45,61,12.335007150165627,4.151457826652023,96.89999999999999,1000
PPO,45,62,11.909884053205227,4.18034867142101,98.3,1000
PPO,45,63,11.848884988048399,4.285786686739046,97.2,1000
PPO,45,64,11.273292563714909,4.156246800461013,98.2,1000
PPO,45,65,11.248005077563972,4.041766338659811,97.89999999999999,1000
PPO,45,66,14.117239173338602,4.471377513424623,97.2,1000
PPO,45,67,12.331904460644731,4.061755170946275,97.1,1000
PPO,45,68,11.297121184001831,4.139017731077462,96.6,1000
PPO,45,69,12.41461801563739,4.216319953379435,98.2,1000
PPO,45,70,13.970153101019426,5.241496313615232,97.6,1000
PPO,45,71,12.312697907207456,4.049640866065385,97.39999999999999,1000
PPO,45,72,12.788928327318692,4.569848217056389,96.7,1000
PPO,45,73,11.83673958326596,4.273279472064339,97.2,1000
PPO,45,74,12.44396171620339,4.470086005556164,97.5,1000
PPO,45,75,12.09588081848448,4.128201364103989,97.1,1000
PPO,45,76,11.47062058430221,4.015749236750133,97.0,1000
PPO,45,77,11.60806291839464,4.635280711787442,96.6,1000
PPO,45,78,11.784102636876254,4.179012444513449,97.8,1000
PPO,45,79,11.144474581438525,4.495478058130127,97.2,1000
PPO,45,80,12.617035631394634,4.244604876507025,97.39999999999999,1000
PPO,45,81,12.494361976723598,4.295380948920387,97.7,1000
PPO,45,82,12.763739634458542,4.119834658224916,97.8,1000
PPO,45,83,12.009726686270298,4.29493586285629,97.6,1000
PPO,45,84,11.97979956854365,4.901617933632391,96.89999999999999,1000
PPO,45,85,11.419700955738499,5.117922486204302,98.0,1000
PPO,45,86,12.332771673296888,4.220708316449078,97.5,1000
PPO,45,87,11.842840304311435,4.252285293960558,97.89999999999999,1000
PPO,45,88,11.587008400116549,4.403872634077509,97.3,1000
PPO,45,89,12.37644721978496,3.996599396728505,97.6,1000
PPO,45,90,11.868017560056195,4.492193215009226,97.7,1000
PPO,45,91,13.523641668243725,6.729887035828346,97.5,1000
PPO,45,92,13.008165256849056,4.844386517846681,96.5,1000
PPO,45,93,12.428570114087524,5.184367780528215,96.89999999999999,1000
PPO,45,94,12.51916602944658,4.524439191742538,97.2,1000
PPO,45,95,11.846108467351916,4.136787674838862,97.5,1000
PPO,45,96,12.503518500058526,4.545158245359646,97.39999999999999,1000
PPO,45,97,11.830019508063929,4.137371282270764,95.5,1000
PPO,45,98,13.054826478327017,4.215298054676682,97.39999999999999,1000
PPO,45,99,11.450936639295094,4.24716892127464,97.1,1000
PPO,45,100,11.741740734406902,4.251798757655104,97.89999999999999,1000
PPO,45,101,11.479870271382039,4.436055569829265,96.3,1000
PPO,45,102,12.025981228799042,4.032594315193115,97.89999999999999,1000
PPO,45,103,12.090736829853176,4.025913905365149,98.0,1000
PPO,45,104,11.583556515159533,4.261983913268549,97.0,1000
PPO,45,105,11.460417641961435,4.199162086638006,97.6,1000
PPO,45,106,11.76979242520453,4.378562696067496,97.5,1000
PPO,45,107,11.817982236083001,4.3325483439256,97.8,1000
PPO,45,108,12.317969263392458,4.156240022345874,97.5,1000
PPO,45,109,11.79404469329834,4.110593397795728,97.39999999999999,1000
PPO,45,110,11.945735191243589,4.047376050503923,97.6,1000
PPO,45,111,13.89443898604714,5.867421727708739,96.7,1000
PPO,45,112,13.07654426246752,4.311601976164913,96.6,1000
PPO,45,113,11.983493844150324,4.468811038350491,97.3,1000
PPO,45,114,12.134796529953361,4.354569812488027,96.39999999999999,1000
PPO,45,115,13.82700442580023,11.634708462779532,96.5965965965966,999
PPO,45,116,11.373370925119346,11.569813979625836,96.996996996997,999
PPO,45,117,12.301038324939087,4.136126091200134,97.6,1000
PPO,45,118,12.050942499430755,3.934472570251601,97.0,1000
PPO,45,119,12.218105751574882,4.261335079598021,97.8,1000
PPO,45,120,11.932635580249597,4.327363813654917,97.2,1000
PPO,45,121,13.448025535227677,5.921101997120596,97.1,1000
PPO,45,122,12.30328192249417,4.364914804885451,96.89999999999999,1000
PPO,45,123,13.413467079075199,4.494189906248834,97.2,1000
PPO,45,124,12.71449806595828,4.369243353814339,97.39999999999999,1000
PPO,45,125,12.081992014389387,4.84251165177346,97.0,1000
PPO,45,126,11.631456271590825,4.866409965732474,97.3,1000
PPO,45,127,12.684533858085771,4.151899744275992,97.6,1000
PPO,45,128,12.785305300674562,4.086471193554494,97.6,1000
PPO,45,129,11.87232724531354,4.39651999798123,98.4,1000
PPO,45,130,12.1212001286334,4.233465513094281,97.7,1000
PPO,45,131,12.950152686269655,4.001244675432408,96.6,1000
PPO,45,132,14.416479102573668,4.4285072733280515,97.3,1000
PPO,45,133,13.234426761641208,4.314302314571049,96.5,1000
PPO,45,134,12.018149000775033,4.2335761881216945,96.8,1000
PPO,45,135,11.88290145728636,4.3217530200340875,97.5,1000
PPO,45,136,11.986526018911182,4.216969354486067,97.3,1000
PPO,45,137,13.092245955470279,4.166882065992102,97.39999999999999,1000
PPO,45,138,12.882020224074278,4.224190793426814,97.5,1000
PPO,45,139,12.389487593316664,4.3910436538103665,97.0,1000
PPO,45,140,12.420248953943233,4.390138098693928,96.8,1000
PPO,45,141,11.05658855025235,4.267046423083634,97.39999999999999,1000
PPO,45,142,13.350316350964507,11.820114988521963,96.996996996997,999
PPO,45,143,11.143383427802714,4.558973984400609,97.5,1000
PPO,45,144,11.97913806696813,4.30185042316363,97.6,1000
PPO,45,145,12.770649691410123,4.700442214246891,97.6,1000
PPO,45,146,13.123760423664196,4.422395542966396,97.8,1000
PPO,45,147,11.927546062062389,4.014806323705169,97.2,1000
PPO,45,148,13.639974850709944,7.8227585447532935,97.0,1000
PPO,45,149,11.835227481640523,4.788049064932584,97.89999999999999,1000
PPO,45,150,11.989078742595256,4.508326827780543,97.39999999999999,1000
PPO,45,151,13.39205362804439,4.2782022337931345,98.4,1000
PPO,45,152,12.37921410154204,4.333538854214019,97.6,1000
PPO,45,153,12.089961582122212,4.3039196255016465,97.39999999999999,1000
PPO,45,154,11.45629293760166,4.075741367486719,97.6,1000
PPO,45,155,12.278201690278157,4.128172327506609,96.2,1000
PPO,45,156,11.719804259912838,4.065072209414543,97.6,1000
PPO,45,157,11.016504747358441,4.073030371239676,97.3,1000
PPO,45,158,11.233995902655533,4.111182781355231,97.89999999999999,1000
PPO,45,159,12.175859862314221,4.535695656499503,96.8,1000
PPO,45,160,13.929774523615299,4.403364304358872,96.7,1000
PPO,45,161,15.150013587351191,8.325336447677026,96.8,1000
PPO,45,162,14.4856412199854,6.755818796435605,97.0,1000
PPO,45,163,12.195113477452038,4.313642997562662,97.89999999999999,1000
PPO,45,164,12.004289921756353,4.168480457505014,98.1,1000
PPO,45,165,13.717410464678945,5.1246259588060825,96.7,1000
PPO,45,166,11.845125781917094,4.47697583989939,96.7,1000
PPO,45,167,11.912722351945776,4.097491687099038,97.2,1000
PPO,45,168,12.882922627493073,4.482320964718451,97.1,1000
PPO,45,169,13.656733048436458,4.458189530778411,97.0,1000
PPO,45,170,11.504558851517123,4.322617951600219,96.6,1000
PPO,45,171,12.285038671701873,4.213378950151648,97.1,1000
PPO,45,172,14.303509964605698,5.046404359989255,95.5,1000
PPO,45,173,11.423550785692594,4.293070866666096,96.6,1000
PPO,45,174,11.319231595640755,4.488753301053815,96.8,1000
PPO,45,175,12.143292389187737,4.096389282040126,96.39999999999999,1000
PPO,45,176,13.19867723165857,4.143013651802362,97.0,1000
PPO,45,177,11.785089725929025,4.305198196970674,97.2,1000
PPO,45,178,14.48696647684662,6.741425609559777,96.7,1000
PPO,45,179,12.408298775987458,11.623476309030057,96.49649649649649,999
PPO,45,180,11.621753694045072,4.220758860686759,95.89999999999999,1000
PPO,45,181,12.269820390997522,4.348729869800273,97.6,1000
PPO,45,182,12.23676525549743,4.230650194266594,96.0,1000
PPO,45,183,12.977300849195329,4.205537474472972,96.6,1000
PPO,45,184,11.762491963182958,4.168381846886568,96.89999999999999,1000
PPO,45,185,16.678449548235935,5.470733346405574,95.0,1000
PPO,45,186,12.506788346878741,4.637981741987349,96.89999999999999,1000
PPO,45,187,12.886252563804094,4.108339136106006,96.39999999999999,1000
PPO,45,188,12.507061295105458,4.355158643555258,97.2,1000
PPO,45,189,12.32169785238259,4.304594349721213,96.89999999999999,1000
PPO,45,190,12.438956637381109,4.63459722847605,96.6,1000
PPO,45,191,14.054347414005676,4.515450114116277,95.8,1000
PPO,45,192,13.147819757814373,5.543388525635548,97.1,1000
PPO,45,193,14.193989481298342,4.1896016746274105,95.89999999999999,1000
PPO,45,194,11.733091451126906,5.000036356454642,97.1,1000
PPO,45,195,13.809649317245546,4.553387703631792,96.1,1000
PPO,45,196,13.401388932563354,4.502554157384945,97.6,1000
PPO,45,197,11.5398229172465,4.299022375148939,95.7,1000
PPO,45,198,12.879029804419913,4.946043898973516,96.8,1000
PPO,45,199,16.298408718228494,7.695351176412045,96.39999999999999,1000
PPO,46,0,13.122895756854982,4.150740091640061,94.69999999999999,1000
PPO,46,1,14.77940498004227,5.4133285918395515,97.0,1000
PPO,46,2,14.383634087911362,4.040087552312769,96.3,1000
PPO,46,3,14.086804433765332,3.9797230051770143,96.5,1000
PPO,46,4,13.304999162432642,4.327311609783902,97.39999999999999,1000
PPO,46,5,13.816994733766496,4.795724000156791,97.0,1000
PPO,46,6,11.99752310193768,4.139039328394357,97.3,1000
PPO,46,7,12.588596185295284,11.451311677868414,98.1981981981982,999
PPO,46,8,14.571208939164482,4.314397542856889,97.3,1000
PPO,46,9,12.944926408394743,4.220393789519169,97.2,1000
PPO,46,10,13.397615333127584,4.128477261389885,96.8,1000
PPO,46,11,13.856183371136131,4.117275809610584,96.39999999999999,1000
PPO,46,12,13.590211744581305,4.303883648404507,95.6,1000
PPO,46,13,13.844095099973396,4.327417713472764,96.3,1000
PPO,46,14,11.698999152445259,4.418833916385381,96.0,1000
PPO,46,15,12.020422756304688,4.080217973946383,96.8,1000
PPO,46,16,15.292150291694204,4.470528652098793,96.1,1000
PPO,46,17,13.114491009786377,4.057546646949535,96.8,1000
PPO,46,18,13.751138915233517,4.5112095528758935,97.5,1000
PPO,46,19,12.698767283982056,4.289104896360384,96.7,1000
PPO,46,20,13.371707889194724,4.19357758474648,96.3,1000
PPO,46,21,14.06554377356763,4.567591320472824,96.5,1000
PPO,46,22,15.145826460873439,8.061917439858645,96.3,1000
PPO,46,23,14.257248392947712,4.639482444036873,97.7,1000
PPO,46,24,12.85083118253616,4.357596074793763,97.2,1000
PPO,46,25,13.24623237949122,3.9781240636804895,96.6,1000
PPO,46,26,16.834501552073796,7.91190740095608,97.39999999999999,1000
PPO,46,27,13.87462876307495,4.945686553357897,97.1,1000
PPO,46,28,14.70903710395094,4.453983546178384,96.7,1000
PPO,46,29,12.687800635788768,4.26825860849855,96.8,1000
PPO,46,30,13.768924353463477,3.996011691617105,95.39999999999999,1000
PPO,46,31,12.305308898210733,4.018414131075115,96.89999999999999,1000
PPO,46,32,14.61743096230328,7.343706486735868,95.89999999999999,1000
PPO,46,33,14.06895421412651,4.8659094902907905,95.89999999999999,1000
PPO,46,34,12.496523088806196,4.246465132812715,96.8,1000
PPO,46,35,13.19200270471253,4.294198766235027,96.2,1000
PPO,46,36,12.953398086632715,4.807369648624342,96.39999999999999,1000
PPO,46,37,12.71064026247492,4.217339081849246,96.8,1000
PPO,46,38,13.517734913209965,4.075336026127435,96.7,1000
PPO,46,39,13.86267331101896,4.0039637355396325,96.89999999999999,1000
PPO,46,40,12.20270280994563,3.8933488322753256,97.3,1000
PPO,46,41,13.548598039484215,4.203672652750378,97.3,1000
PPO,46,42,13.003259630269488,4.089901495284406,96.8,1000
PPO,46,43,13.534826023641882,4.115518173252081,96.5,1000
PPO,46,44,13.491909182006765,4.070423604326624,96.0,1000
PPO,46,45,13.210341238381867,4.1026085504095064,97.6,1000
PPO,46,46,14.100512409248203,4.183205041957188,98.0,1000
PPO,46,47,13.228769607063725,4.018928740953255,96.7,1000
PPO,46,48,13.353941768264594,4.072083173484123,97.3,1000
PPO,46,49,14.514909375726464,4.316931629621819,96.6,1000
PPO,46,50,13.022072851527396,4.12640303968558,96.7,1000
PPO,46,51,12.472721899121684,4.337772524153095,96.3,1000
PPO,46,52,14.995506930586384,7.149587446575015,97.8,1000
PPO,46,53,13.672207989336009,4.058651626564113,95.89999999999999,1000
PPO,46,54,14.259197526875402,4.252226850190929,96.5,1000
PPO,46,55,13.725424849683336,4.502723803606394,96.3,1000
PPO,46,56,13.08724255161999,4.323166502887201,96.8,1000
PPO,46,57,12.781180989516097,4.044163605362169,96.8,1000
PPO,46,58,13.133483444985563,4.149340042650026,96.0,1000
PPO,46,59,12.320916934352125,3.8905554469584023,95.8,1000
PPO,46,60,13.238199176670504,4.132612048385856,97.1,1000
PPO,46,61,16.35680022068898,5.673227628750762,97.1,1000
PPO,46,62,12.798650842759288,4.050436129783403,95.8,1000
PPO,46,63,12.442851825821748,4.137680010804221,96.89999999999999,1000
PPO,46,64,11.99221332247334,4.130495689973199,96.1,1000
PPO,46,65,13.283716501181544,4.060080026517714,96.5,1000
PPO,46,66,14.669292663959615,5.531520973597543,97.0,1000
PPO,46,67,13.799763744221112,4.767017334741476,96.8,1000
PPO,46,68,13.098167097944486,4.261319725150736,97.6,1000
PPO,46,69,13.640170227321473,4.132879375004292,96.39999999999999,1000
PPO,46,70,13.96767140842271,5.981586232489047,96.5,1000
PPO,46,71,12.760751729151082,4.218856996133556,96.0,1000
PPO,46,72,13.655149085724299,4.189481392473839,97.6,1000
PPO,46,73,13.317366240001567,4.702557758890632,96.1,1000
PPO,46,74,17.09540343450721,6.767046626717259,96.2,1000
PPO,46,75,12.489260021981078,3.8820665524442273,97.39999999999999,1000
PPO,46,76,14.50722473056023,5.5800106564471035,97.5,1000
PPO,46,77,13.861514698559949,4.589795313269747,95.89999999999999,1000
PPO,46,78,14.245333837788287,4.279968767472071,97.1,1000
PPO,46,79,14.40567373996245,4.322494859670726,96.8,1000
PPO,46,80,12.746647098594032,4.007476120901685,96.89999999999999,1000
PPO,46,81,12.537910214949562,4.779879511936377,96.1,1000
PPO,46,82,12.236832067004187,4.092195921121629,96.0,1000
PPO,46,83,12.425382121851973,4.508755350889699,97.39999999999999,1000
PPO,46,84,13.575206117212607,4.6777209384377905,97.6,1000
PPO,46,85,12.457373722145748,4.039629271945228,95.6,1000
PPO,46,86,13.714021968503562,4.010046128311696,97.2,1000
PPO,46,87,16.627625580197105,6.922630373176302,96.7,1000
PPO,46,88,13.415572340893362,4.895031650702838,96.1,1000
PPO,46,89,13.301109022568914,4.420561800304673,94.8,1000
PPO,46,90,13.735870046919926,4.309500331659014,96.7,1000
PPO,46,91,14.870248278804109,4.389298064362458,97.1,1000
PPO,46,92,12.718355187486315,4.253822444716239,97.0,1000
PPO,46,93,11.814860318591903,4.191107158928466,97.2,1000
PPO,46,94,13.566234798719236,4.082559286115857,96.7,1000
PPO,46,95,12.680355229793518,4.115306398914002,97.5,1000
PPO,46,96,13.530515006199341,4.259436940482036,96.89999999999999,1000
PPO,46,97,12.839500787434657,11.406139171151764,96.69669669669669,999
PPO,46,98,13.895328938675677,4.01373093035812,96.7,1000
PPO,46,99,12.635455306565811,4.105906645547344,96.8,1000
PPO,46,100,13.010339686421364,4.4524229356502785,97.1,1000
PPO,46,101,12.829123956162631,4.7063547580820355,97.39999999999999,1000
PPO,46,102,13.297029959888857,4.01921121025811,97.0,1000
PPO,46,103,12.239691487902228,3.920627714724724,96.6,1000
PPO,46,104,13.254605695976014,4.206585877816754,95.89999999999999,1000
PPO,46,105,13.718322975826055,4.142455638980434,96.39999999999999,1000
PPO,46,106,12.973000205948495,4.206441726745938,97.2,1000
PPO,46,107,12.976662515185582,3.9856902973847737,97.0,1000
PPO,46,108,14.743785441401569,6.993358410340866,96.8,1000
PPO,46,109,12.162235570323494,3.9428098473594777,96.39999999999999,1000
PPO,46,110,12.920317838977805,4.363059867401067,96.5,1000
PPO,46,111,13.061617233023641,4.128819754633641,96.89999999999999,1000
PPO,46,112,13.691789338371578,4.303969563485758,97.3,1000
PPO,46,113,17.3280528327281,8.571460323484166,96.2,1000
PPO,46,114,16.588026480467228,5.507681621844366,95.89999999999999,1000
PPO,46,115,13.582723393347857,4.206576935486779,96.5,1000
PPO,46,116,13.525014875017638,4.145189430170463,96.39999999999999,1000
PPO,46,117,16.026050569671735,6.200097188569582,96.1,1000
PPO,46,118,15.881190384726459,6.446311458033591,98.2,1000
PPO,46,119,14.225199403427647,4.441277115894169,96.8,1000
PPO,46,120,12.828928123068978,4.151522233228525,96.39999999999999,1000
PPO,46,121,13.364647037007716,4.534703717477172,96.2,1000
PPO,46,122,14.281177237999215,4.2291821643630705,96.6,1000
PPO,46,123,13.40517550936415,4.128741652021968,97.0,1000
PPO,46,124,14.070472279916101,6.519879060877322,96.89999999999999,1000
PPO,46,125,12.448829355532169,4.3053993471929335,96.1,1000
PPO,46,126,13.525556478979164,4.035708372022158,98.0,1000
PPO,46,127,12.917698209974063,3.9375623595063742,97.0,1000
PPO,46,128,12.9155136761212,4.21840339760736,97.3,1000
PPO,46,129,12.605468991195117,4.150407883589402,96.6,1000
PPO,46,130,12.549763148886282,4.224007562549798,96.7,1000
PPO,46,131,12.814927298340688,4.161499240158824,96.39999999999999,1000
PPO,46,132,14.620830233793175,4.447376240869485,97.39999999999999,1000
PPO,46,133,13.55121745398995,4.149810574229183,96.39999999999999,1000
PPO,46,134,13.115182161305983,3.9493673663543114,96.39999999999999,1000
PPO,46,135,12.940260915207306,4.4052588697752535,97.39999999999999,1000
PPO,46,136,13.362402906773438,4.498121266415637,96.7,1000
PPO,46,137,12.473682025538222,4.085533822408634,96.7,1000
PPO,46,138,14.263579490122929,4.121700618480255,97.0,1000
PPO,46,139,12.411920993813279,4.376073869257244,96.5,1000
PPO,46,140,13.500361157166372,4.230305742646489,96.1,1000
PPO,46,141,13.506887905471805,4.296472973940688,96.3,1000
PPO,46,142,14.445687593995721,4.061318635681638,96.3,1000
PPO,46,143,12.643475055915303,4.498205809460705,96.3,1000
PPO,46,144,14.403789134648731,4.4053471656579815,97.7,1000
PPO,46,145,14.835253247082692,4.28994973930052,96.39999999999999,1000
PPO,46,146,13.570008831734972,4.1837057385350445,96.7,1000
PPO,46,147,14.348611648411573,4.123877180229865,95.8,1000
PPO,46,148,13.338950808387724,4.296968512957189,97.39999999999999,1000
PPO,46,149,14.120722543856198,4.679127075530751,96.7,1000
PPO,46,150,12.16060139480158,4.23531008091764,96.1,1000
PPO,46,151,12.718723015390617,3.991454006911353,96.1,1000
PPO,46,152,14.10439012692292,5.315649716994525,96.3,1000
PPO,46,153,15.45810714267163,3.9827999225639017,96.2,1000
PPO,46,154,13.87511832245041,4.259876232842889,96.2,1000
PPO,46,155,12.40017153786031,4.106647912380816,96.8,1000
PPO,46,156,14.338981708401965,4.035933829934363,96.8,1000
PPO,46,157,14.474234645351682,4.157660802690396,95.6,1000
PPO,46,158,17.214498161856113,10.514191031574605,96.3,1000
PPO,46,159,13.176516147063184,4.0892996971079025,96.8,1000
PPO,46,160,13.533917793605985,4.320096817918789,97.0,1000
PPO,46,161,14.617995572035252,4.127702834444549,96.2,1000
PPO,46,162,13.995150921052815,4.218309871886638,96.0,1000
PPO,46,163,16.08495380295455,4.2108011562060845,95.1,1000
PPO,46,164,16.882821271268927,6.642685733952763,96.6,1000
PPO,46,165,13.394879475766887,4.296643890817476,95.89999999999999,1000
PPO,46,166,14.802460423095871,11.337746810093163,95.995995995996,999
PPO,46,167,13.446458986060122,3.8958013084063903,96.6,1000
PPO,46,168,13.905373599177292,4.399292132216812,96.39999999999999,1000
PPO,46,169,13.825949070843853,4.262249900959341,96.8,1000
PPO,46,170,13.879792657910293,4.261117245493408,96.8,1000
PPO,46,171,13.967725633545541,4.8637524645551276,96.39999999999999,1000
PPO,46,172,13.312784942802775,4.161423915432454,95.19999999999999,1000
PPO,46,173,13.675856268953172,5.561873421040691,96.39999999999999,1000
PPO,46,174,13.35836906740711,4.036069375222504,95.0,1000
PPO,46,175,12.671397328780447,4.1323795555122835,97.2,1000
PPO,46,176,12.825505462220077,4.003805354054161,95.6,1000
PPO,46,177,13.670266381224604,4.0542077455945735,95.7,1000
PPO,46,178,13.382471803297927,4.290329788506351,96.8,1000
PPO,46,179,13.444427010364397,4.0462861131209955,95.89999999999999,1000
PPO,46,180,12.953537840125206,4.330833181028431,96.3,1000
PPO,46,181,14.068767242501877,4.221385611843749,96.3,1000
PPO,46,182,12.767887697164937,4.1479528688889635,96.2,1000
PPO,46,183,13.903727677029009,4.559160449826453,96.5,1000
PPO,46,184,13.385044873615065,4.127871076618209,96.2,1000
PPO,46,185,12.335674054245949,3.889978476114263,96.7,1000
PPO,46,186,13.576063426117857,4.166106556548996,96.2,1000
PPO,46,187,13.185564508964084,4.066902444392241,96.8,1000
PPO,46,188,13.252167965026622,3.8901972997555085,95.8,1000
PPO,46,189,12.64466004514935,4.498793730414525,97.1,1000
PPO,46,190,15.219784976693449,4.154597121163278,94.89999999999999,1000
PPO,46,191,14.205776433962743,6.613116885157895,96.2,1000
PPO,46,192,13.676686058359357,4.052858775760737,95.89999999999999,1000
PPO,46,193,13.207308136328738,4.049586739363613,95.89999999999999,1000
PPO,46,194,13.396255598517287,4.0842721017438475,95.39999999999999,1000
PPO,46,195,13.912093080235522,4.359544127261013,96.2,1000
PPO,46,196,14.47924271125846,5.770142347532583,95.7,1000
PPO,46,197,13.952798042987357,3.8816268361310997,96.7,1000
PPO,46,198,12.668143017292728,4.136992718518033,96.3,1000
PPO,46,199,14.11602941347993,5.020726211891409,96.5,1000
MADDPG,42,0,15.472297056478554,4.03464307155161,94.1,1000
MADDPG,42,1,16.66426102259608,4.487811147493384,91.10000000000001,1000
MADDPG,42,2,11.737969762355148,4.253967612092987,96.7,1000
MADDPG,42,3,23.032627269583465,4.432632518683877,77.4,1000
MADDPG,42,4,15.02007083202374,5.585677010935408,90.60000000000001,1000
MADDPG,42,5,14.999747013876988,4.288169911053116,92.9,1000
MADDPG,42,6,12.061735981601307,4.540687015006184,97.39999999999999,1000
MADDPG,42,7,16.000374757787895,4.184478123930037,92.4,1000
MADDPG,42,8,13.76616291139459,5.073007706629075,97.2,1000
MADDPG,42,9,23.91037076698365,7.626554223922031,77.5,1000
MADDPG,42,10,22.330687719100688,4.725878736243083,79.9,1000
MADDPG,42,11,12.32572645930627,4.103328665086449,97.0,1000
MADDPG,42,12,12.34303388239853,4.291999345794204,96.89999999999999,1000
MADDPG,42,13,12.013137284385982,4.24615153958516,97.39999999999999,1000
MADDPG,42,14,12.2321535636867,4.5281663442869835,97.2,1000
MADDPG,42,15,12.614031766298952,4.274081286577274,97.6,1000
MADDPG,42,16,13.062650869849447,4.2018590908149935,97.1,1000
MADDPG,42,17,13.336731689320494,4.276599128464211,95.6,1000
MADDPG,42,18,13.286864938276544,4.4755117527635395,97.1,1000
MADDPG,42,19,11.131140977758317,4.398740679233926,97.0,1000
MADDPG,42,20,12.410473084548544,4.019802699154747,97.5,1000
MADDPG,42,21,12.36192626860123,4.263180240775214,97.39999999999999,1000
MADDPG,42,22,12.520999657401255,4.348222430648357,97.5,1000
MADDPG,42,23,12.308917494873068,4.399847723488566,96.3,1000
MADDPG,42,24,17.413733161298108,4.0253074772202595,86.1,1000
MADDPG,42,25,13.305053475253931,4.52194864955058,97.5,1000
MADDPG,42,26,16.39575417348589,6.411188528665399,93.4,1000
MADDPG,42,27,13.71057674771162,4.770289034736513,93.0,1000
MADDPG,42,28,11.441943081493218,4.069047122520496,96.6,1000
MADDPG,42,29,12.805581491659469,5.093014479649818,96.5,1000
MADDPG,42,30,12.410611074673053,4.081808965806645,97.6,1000
MADDPG,42,31,12.116130362230557,4.344539875611699,97.89999999999999,1000
MADDPG,42,32,11.755365955876849,4.400271202133759,97.0,1000
MADDPG,42,33,12.655918995344019,4.112213422404274,97.5,1000
MADDPG,42,34,11.512200161877761,4.482542466656712,97.7,1000
MADDPG,42,35,11.523528356060533,4.305203783124866,97.6,1000
MADDPG,42,36,14.002909813876927,4.432120218564908,94.0,1000
MADDPG,42,37,13.185090301332938,4.119611842288317,96.6,1000
MADDPG,42,38,12.736528081153846,4.081009125884861,96.89999999999999,1000
MADDPG,42,39,12.490857057923302,4.24592113381615,98.3,1000
MADDPG,42,40,16.128437265804276,4.300777664760864,95.19999999999999,1000
MADDPG,42,41,16.67141904637362,9.188697708809013,97.0,1000
MADDPG,42,42,18.9312867837572,4.2242873959877665,86.2,1000
MADDPG,42,43,14.03315098994112,4.1977127336032325,95.89999999999999,1000
MADDPG,42,44,12.794468318791,4.132349937450032,96.89999999999999,1000
MADDPG,42,45,13.144808975949148,4.475966567128163,95.1,1000
MADDPG,42,46,17.60067645133375,4.467595019832325,85.9,1000
MADDPG,42,47,21.977527450797243,7.057637225932845,82.89999999999999,1000
MADDPG,42,48,12.976411675967219,11.732269946780349,93.29329329329329,999
MADDPG,42,49,13.932887780207663,4.227305573555283,96.6,1000
MADDPG,42,50,12.181664861675857,4.266307881554672,97.7,1000
MADDPG,42,51,15.34542541111247,4.054324475101341,95.0,1000
MADDPG,42,52,11.226642550301225,4.102045010769586,98.3,1000
MADDPG,42,53,13.170114503661384,4.22221397142404,97.39999999999999,1000
MADDPG,42,54,12.324677360704609,4.314653445758581,96.89999999999999,1000
MADDPG,42,55,17.397148738579446,4.438658822985372,87.4,1000
MADDPG,42,56,12.390523261531136,4.730164153563555,97.39999999999999,1000
MADDPG,42,57,11.923333728563856,4.127873496221632,98.2,1000
MADDPG,42,58,12.22529251311632,4.144100687215601,96.8,1000
MADDPG,42,59,13.367344181832388,4.540546325227398,96.1,1000
MADDPG,42,60,12.638545631495326,4.291633096713615,97.6,1000
MADDPG,42,61,12.684015800035883,4.63436523914589,97.0,1000
MADDPG,42,62,12.243452264783228,4.078351501679221,96.0,1000
MADDPG,42,63,12.316151309251188,4.2543589948181,97.7,1000
MADDPG,42,64,12.584323589801425,4.232398605044104,97.6,1000
MADDPG,42,65,12.133657487483093,4.309360134659219,97.8,1000
MADDPG,42,66,18.34567915398808,4.805203719044785,87.4,1000
MADDPG,42,67,12.023621667229126,4.476847586778726,97.5,1000
MADDPG,42,68,13.16997248582828,4.187614351968952,97.6,1000
MADDPG,42,69,13.189641711750978,4.818490911237876,97.5,1000
MADDPG,42,70,13.355732773920627,4.237792269906144,97.89999999999999,1000
MADDPG,42,71,12.545591503760424,4.416191929556998,97.6,1000
MADDPG,42,72,11.88775411145875,3.99804927635605,97.39999999999999,1000
MADDPG,42,73,15.406177873465356,4.455623539036792,91.10000000000001,1000
MADDPG,42,74,11.89000880283046,4.523336461386613,97.6,1000
MADDPG,42,75,13.92609580461073,4.343891221260776,96.1,1000
MADDPG,42,76,12.851643128456793,4.015287598509372,97.2,1000
MADDPG,42,77,12.334498447059442,4.226853714175604,97.89999999999999,1000
MADDPG,42,78,13.29786841289337,5.1560369297678985,96.3,1000
MADDPG,42,79,14.120355775034762,4.383513565352683,93.10000000000001,1000
MADDPG,42,80,13.396517205439375,4.129457138011645,97.39999999999999,1000
MADDPG,42,81,11.863617417000372,4.4631076781839525,97.2,1000
MADDPG,42,82,11.893326172805104,4.244196509991176,97.7,1000
MADDPG,42,83,13.819161059471424,4.549900589641851,97.3,1000
MADDPG,42,84,11.51966634118994,4.280086456589701,96.2,1000
MADDPG,42,85,13.22240947185458,3.934116661100345,97.2,1000
MADDPG,42,86,14.159972811276262,11.766045345072888,96.29629629629629,999
MADDPG,42,87,13.125279669277367,4.093074272870316,98.1,1000
MADDPG,42,88,15.333604263149592,5.0853609175272805,97.3,1000
MADDPG,42,89,12.120517559641828,4.240665025873287,97.3,1000
MADDPG,42,90,16.432845537816803,5.143572583046034,92.9,1000
MADDPG,42,91,13.625790020104763,4.363512720593305,97.2,1000
MADDPG,42,92,15.541225378532086,11.45416523741802,90.990990990991,999
MADDPG,42,93,13.04633113668001,4.201979142506839,95.7,1000
MADDPG,42,94,12.653268528888846,4.0682480752689605,95.3,1000
MADDPG,42,95,14.594743099903862,4.072450026530891,93.5,1000
MADDPG,42,96,11.889318667811741,4.327346872741335,97.5,1000
MADDPG,42,97,12.305909528560358,4.0836715559817724,97.7,1000
MADDPG,42,98,13.048734951979927,4.235513669207493,96.8,1000
MADDPG,42,99,13.410055705791363,4.632453228511774,97.2,1000
MADDPG,42,100,20.43275034167673,7.134238299100576,86.5,1000
MADDPG,42,101,15.637183736216299,8.091473381064427,97.0,1000
MADDPG,42,102,12.512025674337943,4.251328443502754,94.89999999999999,1000
MADDPG,42,103,13.445240154745697,4.276527250327644,97.1,1000
MADDPG,42,104,16.107796568848443,5.054182692308096,93.4,1000
MADDPG,42,105,14.872744236216091,6.496415712193128,96.6,1000
MADDPG,42,106,14.527903522295096,5.235689045977315,96.5,1000
MADDPG,42,107,12.920836496164254,4.112500296324065,96.5,1000
MADDPG,42,108,12.427948614088743,4.3343770399074915,96.7,1000
MADDPG,42,109,14.168161366755939,6.113501554572614,96.8,1000
MADDPG,42,110,14.190002206424934,11.544269357722117,95.69569569569569,999
MADDPG,42,111,13.968617132564948,4.5766804989197505,97.0,1000
MADDPG,42,112,19.14494541558498,4.578868795557953,83.39999999999999,1000
MADDPG,42,113,16.35089859088061,3.958010419918141,90.2,1000
MADDPG,42,114,16.039254141154018,4.276681372334701,91.0,1000
MADDPG,42,115,23.57660765743894,5.021185181718501,80.9,1000
MADDPG,42,116,13.946385545568617,4.443113668749921,97.3,1000
MADDPG,42,117,16.30483032511511,6.059633991137878,96.7,1000
MADDPG,42,118,17.417522536867246,11.409628315881884,88.68868868868869,999
MADDPG,42,119,14.325068549839449,4.251915732774309,97.0,1000
MADDPG,42,120,12.27742943337733,4.270216352711796,96.89999999999999,1000
MADDPG,42,121,14.120861602327505,4.352121032032749,96.39999999999999,1000
MADDPG,42,122,14.789833786690043,4.496627158655122,95.1,1000
MADDPG,42,123,21.542258502714766,5.078752916776998,83.3,1000
MADDPG,42,124,20.3788714099723,4.647440425139913,85.8,1000
MADDPG,42,125,16.727758460580144,4.306988779119663,89.1,1000
MADDPG,42,126,17.424131678082695,5.024832228486145,85.3,1000
MADDPG,42,127,13.845300580645013,4.737522017575243,95.8,1000
MADDPG,42,128,18.205949469294513,5.528585416294763,95.8,1000
MADDPG,42,129,12.152610901834782,4.254787137493949,97.39999999999999,1000
MADDPG,42,130,34.59060690968329,6.560573185487942,70.5,1000
MADDPG,42,131,20.051053679911053,4.666585544682781,84.2,1000
MADDPG,42,132,27.811487564709285,7.107924976844859,70.7,1000
MADDPG,42,133,17.31407183406101,4.296419271768217,85.39999999999999,1000
MADDPG,42,134,19.71760719858616,5.520926162593309,85.0,1000
MADDPG,42,135,14.170955769718692,11.627192055368434,97.09709709709709,999
MADDPG,42,136,15.448662157441305,4.523600506935657,94.19999999999999,1000
MADDPG,42,137,17.887903873678475,4.449419066022414,92.2,1000
MADDPG,42,138,13.327528162147125,4.34664854355895,96.7,1000
MADDPG,42,139,12.698609946199147,4.243750524424019,97.5,1000
MADDPG,42,140,12.491763112721689,4.146423782476551,97.7,1000
MADDPG,42,141,11.773442937218627,4.021311368283493,96.5,1000
MADDPG,42,142,18.09972125128904,5.436298902041669,90.0,1000
MADDPG,42,143,13.03063291530707,4.20826432944071,98.3,1000
MADDPG,42,144,15.899729659572891,4.066474487682176,90.7,1000
MADDPG,42,145,21.32815140995285,4.588973064865933,84.5,1000
MADDPG,42,146,14.097883115983294,4.153604306989023,96.39999999999999,1000
MADDPG,42,147,15.161962516149892,4.173247265664007,91.4,1000
MADDPG,42,148,12.41217119128381,4.1977237585657505,95.7,1000
MADDPG,42,149,13.750569887973153,4.492366218522365,97.1,1000
MADDPG,42,150,13.570223135313709,4.314830283195126,97.8,1000
MADDPG,42,151,11.724120637484651,4.338286811855046,96.6,1000
MADDPG,42,152,17.255388202387678,6.421223857815478,93.7,1000
MADDPG,42,153,17.065369663756595,4.386075677672703,88.6,1000
MADDPG,42,154,16.058228577501374,4.266362788749516,90.0,1000
MADDPG,42,155,15.19047193706247,7.200510854839959,96.6,1000
MADDPG,42,156,11.803633805800084,4.384730627132311,97.2,1000
MADDPG,42,157,12.299188422917787,4.56678557488531,97.2,1000
MADDPG,42,158,13.72862230914242,4.312866585363098,97.5,1000
MADDPG,42,159,14.31607702556298,4.435578310269761,97.89999999999999,1000
MADDPG,42,160,15.359284796314519,4.594356408641463,96.39999999999999,1000
MADDPG,42,161,14.758476984883572,4.104496889735266,93.8,1000
MADDPG,42,162,15.748154861074598,4.414145352338169,90.0,1000
MADDPG,42,163,13.342689350674151,4.268168191277317,96.89999999999999,1000
MADDPG,42,164,14.108432539329144,4.046627902133811,97.0,1000
MADDPG,42,165,22.03478810677006,4.6731938818209215,90.10000000000001,1000
MADDPG,42,166,17.497254794692388,4.140522861839204,84.89999999999999,1000
MADDPG,42,167,13.946369541773324,4.353040175577507,97.5,1000
MADDPG,42,168,22.234391769934803,9.082134652980104,85.8,1000
MADDPG,42,169,23.253723837532593,6.087606943137468,80.0,1000
MADDPG,42,170,12.114094719925477,4.140329670743005,96.6,1000
MADDPG,42,171,12.789862735331969,4.040836210332498,95.19999999999999,1000
MADDPG,42,172,14.781202909924046,5.752202684062227,96.6,1000
MADDPG,42,173,22.609212249482706,6.466612475402055,80.60000000000001,1000
MADDPG,42,174,23.070633177063662,7.671487759688403,86.1,1000
MADDPG,42,175,15.094983249368408,4.156589669837707,93.10000000000001,1000
MADDPG,42,176,20.982983799494797,4.676275323494954,88.1,1000
MADDPG,42,177,19.646221719984577,4.183263941279024,82.39999999999999,1000
MADDPG,42,178,15.714782269631247,4.303263262293597,92.5,1000
MADDPG,42,179,19.33294525816004,4.552955157950107,89.9,1000
MADDPG,42,180,16.598363310648253,4.964166264861537,90.3,1000
MADDPG,42,181,12.74632690720724,4.30373000437584,97.6,1000
MADDPG,42,182,13.631235561724829,4.3717467047337175,97.7,1000
MADDPG,42,183,24.627215131739415,8.44895619153096,81.89999999999999,1000
MADDPG,42,184,12.720334956545015,4.387175476140655,97.2,1000
MADDPG,42,185,14.062365962250572,4.131829128045972,96.2,1000
MADDPG,42,186,14.563452734294382,4.367773714284872,92.80000000000001,1000
MADDPG,42,187,20.69424002084211,8.389787083608528,87.0,1000
MADDPG,42,188,12.488195782835549,4.246894263333218,97.7,1000
MADDPG,42,189,14.58042755558614,7.365426734559235,95.3,1000
MADDPG,42,190,16.58987517768234,4.143383386027882,92.60000000000001,1000
MADDPG,42,191,16.396390335174253,4.5468070338908415,91.4,1000
MADDPG,42,192,13.548390551589119,4.1571558477874015,96.89999999999999,1000
MADDPG,42,193,15.982312341429566,4.351147102964952,89.3,1000
MADDPG,42,194,15.621905603611115,4.744394062145361,96.39999999999999,1000
MADDPG,42,195,14.362379914294687,4.259859822563519,95.89999999999999,1000
MADDPG,42,196,14.889678037391487,4.286684420784385,95.19999999999999,1000
MADDPG,42,197,16.329197798132856,4.3007731564724825,96.1,1000
MADDPG,42,198,12.418303500939972,4.245695733892377,97.1,1000
MADDPG,42,199,18.14407245822238,5.29401763461878,86.0,1000
MADDPG,43,0,17.96688932942234,4.151094947809256,87.5,1000
MADDPG,43,1,12.545011417468304,4.129337316332095,96.6,1000
MADDPG,43,2,15.328447551285747,4.312215572044647,92.10000000000001,1000
MADDPG,43,3,21.438058000528557,4.39519893655463,79.10000000000001,1000
MADDPG,43,4,15.797210942798953,4.018781800221674,92.0,1000
MADDPG,43,5,17.244944854614236,4.088950147124519,85.2,1000
MADDPG,43,6,18.567006245462814,4.64931143867758,89.2,1000
MADDPG,43,7,15.007772987655704,4.226988508056518,91.7,1000
MADDPG,43,8,15.587111823853393,4.578947041389176,91.7,1000
MADDPG,43,9,13.700824657106066,4.275663197915866,94.39999999999999,1000
MADDPG,43,10,13.413409400935022,6.0568751634733,97.1,1000
MADDPG,43,11,12.427567178775135,4.075407601447755,97.0,1000
MADDPG,43,12,12.091611328923555,4.1120516415158965,96.3,1000
MADDPG,43,13,18.115806029114104,4.740619319877538,90.3,1000
MADDPG,43,14,11.420660201661708,4.1395768386080425,97.3,1000
MADDPG,43,15,15.878755217727743,4.446169051192646,93.60000000000001,1000
MADDPG,43,16,14.689035721947922,4.067607523493786,91.60000000000001,1000
MADDPG,43,17,23.292953935708347,6.251486056662391,78.4,1000
MADDPG,43,18,12.126618756394034,4.468290379881695,96.39999999999999,1000
MADDPG,43,19,11.150347012885401,4.0226942331654305,97.39999999999999,1000
MADDPG,43,20,11.932655213431499,4.371363617966018,96.8,1000
MADDPG,43,21,13.331136879312952,3.9709501560289993,97.39999999999999,1000
MADDPG,43,22,19.85690131241567,4.381722133149809,83.6,1000
MADDPG,43,23,11.62792720681431,4.357057869827097,97.2,1000
MADDPG,43,24,13.3799092468582,4.504648254671333,97.39999999999999,1000
MADDPG,43,25,11.690225481337865,3.9935133946612877,97.39999999999999,1000
MADDPG,43,26,12.535824568098521,4.091824006785138,97.39999999999999,1000
MADDPG,43,27,12.503234959746544,4.3169573946480035,97.3,1000
MADDPG,43,28,13.90865695180772,4.198961333057998,96.1,1000
MADDPG,43,29,12.705280642820712,4.175720740405863,96.89999999999999,1000
MADDPG,43,30,14.645136406980612,3.902106004350972,96.89999999999999,1000
MADDPG,43,31,11.50695059762831,4.135408554102947,96.6,1000
MADDPG,43,32,12.982341122335459,4.715026108532764,96.6,1000
MADDPG,43,33,12.40297913523186,4.337895123291604,96.89999999999999,1000
MADDPG,43,34,11.261242770307378,4.048404124820921,97.8,1000
MADDPG,43,35,12.542548330784669,4.408853358641442,96.39999999999999,1000
MADDPG,43,36,12.635801410152286,4.257821371496646,97.0,1000
MADDPG,43,37,13.606000028435345,4.281026934404536,97.0,1000
MADDPG,43,38,12.733791670710469,4.313303868177604,96.2,1000
MADDPG,43,39,13.882174032216614,4.444249064515814,97.0,1000
MADDPG,43,40,11.815243109121553,4.246816169647921,96.7,1000
MADDPG,43,41,13.370740472399984,4.323227803824997,96.7,1000
MADDPG,43,42,13.247491175565386,4.491922231695741,97.3,1000
MADDPG,43,43,12.61830546418445,4.272006952025966,97.7,1000
MADDPG,43,44,11.43791668349477,4.290021514081309,97.3,1000
MADDPG,43,45,13.997971237226015,4.422148144879927,96.39999999999999,1000
MADDPG,43,46,12.086564011475202,4.168642227149159,97.8,1000
MADDPG,43,47,12.244209364450661,4.4527467533447505,97.2,1000
MADDPG,43,48,11.45165795227846,4.196261901669658,97.2,1000
MADDPG,43,49,11.802544290308019,4.133066810008412,98.4,1000
MADDPG,43,50,13.128427079727944,4.150502068507049,95.1,1000
MADDPG,43,51,13.967463080396282,4.127535229543906,96.7,1000
MADDPG,43,52,14.013687639466928,4.262546354778434,95.0,1000
MADDPG,43,53,12.646850938596009,4.031234024151745,97.5,1000
MADDPG,43,54,15.010016073931883,7.09758130046114,96.3,1000
MADDPG,43,55,13.44811341296895,3.996285994570343,95.7,1000
MADDPG,43,56,11.581026442099708,4.183434815532299,97.6,1000
MADDPG,43,57,12.69796912888881,4.0054537687780485,97.1,1000
MADDPG,43,58,14.029392561797279,4.348826946424126,95.6,1000
MADDPG,43,59,12.066240372570974,4.019558663307444,97.8,1000
MADDPG,43,60,13.361259108431849,4.307328810160126,97.8,1000
MADDPG,43,61,11.327573524758165,4.086450955020633,95.6,1000
MADDPG,43,62,12.358932926182941,4.256258776540135,97.8,1000
MADDPG,43,63,11.42659634579376,4.241863095636102,97.3,1000
MADDPG,43,64,11.701534184883924,4.21608567053515,97.7,1000
MADDPG,43,65,14.926356005453643,4.8341081630659195,96.39999999999999,1000
MADDPG,43,66,11.987466106992468,4.273457780529755,96.5,1000
MADDPG,43,67,11.519809191053001,4.094100435633498,97.3,1000
MADDPG,43,68,13.131156047367218,4.003326481598911,97.0,1000
MADDPG,43,69,13.483544685510674,4.411370181763965,96.5,1000
MADDPG,43,70,11.616097572569688,4.268251442031721,96.0,1000
MADDPG,43,71,11.71544792218758,4.2811061345064845,97.7,1000
MADDPG,43,72,12.272848647669496,3.9876803485718737,96.8,1000
MADDPG,43,73,12.185339201139362,3.939810802400254,96.6,1000
MADDPG,43,74,18.557174540573783,5.496221607859643,86.0,1000
MADDPG,43,75,13.186864277490663,4.477380450792445,96.5,1000
MADDPG,43,76,12.031757040185656,4.004582813388487,97.6,1000
MADDPG,43,77,15.470324309176904,4.205152118197026,96.1,1000
MADDPG,43,78,12.478498924443324,4.222327326511983,97.6,1000
MADDPG,43,79,14.368825037883921,8.089403333711443,96.3,1000
MADDPG,43,80,14.154683262839846,6.144372583513277,97.0,1000
MADDPG,43,81,15.14275961480439,4.452818405171387,91.10000000000001,1000
MADDPG,43,82,13.414118873052466,4.32455450254277,94.39999999999999,1000
MADDPG,43,83,21.52239591617601,5.766296821367775,85.1,1000
MADDPG,43,84,13.545831829955066,5.447894330367003,96.39999999999999,1000
MADDPG,43,85,14.950256608058414,6.037247428897628,95.3,1000
MADDPG,43,86,12.56515136683964,4.217860982269704,97.1,1000
MADDPG,43,87,17.04653729923905,6.9960791795139095,93.10000000000001,1000
MADDPG,43,88,12.250032979482265,4.185064398751736,96.1,1000
MADDPG,43,89,18.009125892657714,4.273067043054292,87.2,1000
MADDPG,43,90,14.613323305807018,4.192293064251627,97.1,1000
MADDPG,43,91,13.949499568398915,4.318303106483653,95.7,1000
MADDPG,43,92,16.867272389793616,5.980011130207383,88.8,1000
MADDPG,43,93,12.999737687817172,3.9418516342266603,97.3,1000
MADDPG,43,94,16.60576096107207,4.303497238068158,89.4,1000
MADDPG,43,95,13.577643485525273,4.552840326709707,97.3,1000
MADDPG,43,96,16.56922910184585,6.013572080129789,95.0,1000
MADDPG,43,97,17.46499196254325,4.370972433747279,89.1,1000
MADDPG,43,98,12.763889829186628,3.9895895541369057,97.5,1000
MADDPG,43,99,14.022532315301628,5.730422993671102,97.3,1000
MADDPG,43,100,12.154371987795852,4.121507600326636,97.1,1000
MADDPG,43,101,20.893219309027334,4.2388667659881945,81.5,1000
MADDPG,43,102,12.786943252042025,4.049431362237713,96.7,1000
MADDPG,43,103,15.466510753783776,9.741660960433418,97.7,1000
MADDPG,43,104,17.18392588308471,4.693654304655311,89.0,1000
MADDPG,43,105,21.008890095773662,4.099612176396439,81.3,1000
MADDPG,43,106,18.422729277639945,5.275023665523018,85.5,1000
MADDPG,43,107,21.080664754202683,4.79982983068578,84.8,1000
MADDPG,43,108,13.395552007425612,4.144382606500027,96.8,1000
MADDPG,43,109,14.307119392809392,4.159360257156498,95.8,1000
MADDPG,43,110,22.624147656872548,4.285265817390812,86.8,1000
MADDPG,43,111,20.94761047664443,4.493131325063362,84.2,1000
MADDPG,43,112,14.27738770608774,4.363129098044316,95.6,1000
MADDPG,43,113,15.49260854839997,4.763980877893461,92.5,1000
MADDPG,43,114,14.235806296252127,4.630399027415961,95.6,1000
MADDPG,43,115,31.29368384178373,8.880564299874743,76.1,1000
MADDPG,43,116,13.136414215163699,4.508114074009217,97.0,1000
MADDPG,43,117,24.449425252403216,4.143771294106444,80.30000000000001,1000
MADDPG,43,118,14.237403136782072,4.066095257345465,96.3,1000
MADDPG,43,119,13.885197640083472,4.158192611448697,95.6,1000
MADDPG,43,120,12.22584592042581,4.273363489280063,97.3,1000
MADDPG,43,121,20.522580246071705,4.312011928656017,82.5,1000
MADDPG,43,122,17.292162621065955,5.394883939463531,95.5,1000
MADDPG,43,123,16.16089379954136,4.442682924492664,88.2,1000
MADDPG,43,124,13.708123785170166,4.178779568995017,96.5,1000
MADDPG,43,125,21.216380613504747,4.262387753661592,83.3,1000
MADDPG,43,126,16.72060371912828,4.43813764515963,95.19999999999999,1000
MADDPG,43,127,13.906567583161461,4.078548596419751,95.39999999999999,1000
MADDPG,43,128,13.908676140570703,4.120785883096449,96.39999999999999,1000
MADDPG,43,129,17.080956225057083,6.843703400021084,94.19999999999999,1000
MADDPG,43,130,22.435844626178444,4.099360243991693,79.4,1000
MADDPG,43,131,15.463351672450944,4.270548077484582,93.60000000000001,1000
MADDPG,43,132,13.659517153073713,4.354440147763379,96.8,1000
MADDPG,43,133,21.551688489390575,5.939538439188578,82.1,1000
MADDPG,43,134,24.437244531739292,4.30221349690336,81.0,1000
MADDPG,43,135,14.027074633519147,3.9327081122434144,97.5,1000
MADDPG,43,136,21.13511875522545,8.326945803669256,89.3,1000
MADDPG,43,137,13.546573718461342,5.624896670968898,97.39999999999999,1000
MADDPG,43,138,17.451900969611778,4.3190182720568355,88.6,1000
MADDPG,43,139,23.958743572321662,4.7286751229418895,76.8,1000
MADDPG,43,140,17.092075505635492,4.228395603245348,90.3,1000
MADDPG,43,141,20.775128192625182,6.601139083639075,87.8,1000
MADDPG,43,142,13.658732689803575,4.436257838992866,96.5,1000
MADDPG,43,143,14.082471205275517,4.4572365467229735,97.2,1000
MADDPG,43,144,16.154481137312985,4.296867800821551,96.89999999999999,1000
MADDPG,43,145,13.304305176599927,4.222521561664945,97.5,1000
MADDPG,43,146,16.22329552563975,4.358598920544472,94.0,1000
MADDPG,43,147,19.917813386127236,4.237495652966889,81.3,1000
MADDPG,43,148,21.565141520580546,4.299639795290468,81.2,1000
MADDPG,43,149,15.640748507458321,11.423371194163423,95.7957957957958,999
MADDPG,43,150,13.553843820715132,4.218009082338223,95.6,1000
MADDPG,43,151,13.068249073764513,4.130920233795551,96.0,1000
MADDPG,43,152,21.90703887431726,8.77678529898084,92.9,1000
MADDPG,43,153,17.53113896679689,7.500901699638608,94.5,1000
MADDPG,43,154,21.88483185443705,4.2653981883859675,80.5,1000
MADDPG,43,155,20.98382722374626,4.9314712208568,85.8,1000
MADDPG,43,156,14.464525324982237,4.496146301340609,95.39999999999999,1000
MADDPG,43,157,15.84661507976626,4.02971383261269,95.0,1000
MADDPG,43,158,18.961730429130455,4.937895851179917,89.5,1000
MADDPG,43,159,13.404241991803659,4.46153184369286,95.89999999999999,1000
MADDPG,43,160,14.92388851004808,3.8637358730551283,91.60000000000001,1000
MADDPG,43,161,20.74814008640138,6.416092103515295,90.10000000000001,1000
MADDPG,43,162,13.587923209718827,4.205732173535764,96.6,1000
MADDPG,43,163,13.262252767256847,4.123388664727154,97.0,1000
MADDPG,43,164,12.044707450519825,4.001825093240696,95.89999999999999,1000
MADDPG,43,165,11.519640692192512,4.053602103681317,97.0,1000
MADDPG,43,166,15.45300992763174,4.250218684354801,93.89999999999999,1000
MADDPG,43,167,21.238872928704758,4.265102013054633,79.5,1000
MADDPG,43,168,21.969580168201208,6.032441645842288,88.6,1000
MADDPG,43,169,14.283507773016751,4.369779338524673,97.5,1000
MADDPG,43,170,13.232079619668081,4.1638999055513475,96.5,1000
MADDPG,43,171,12.259598682711228,3.9099712208507365,96.0,1000
MADDPG,43,172,15.920188637085474,4.350388324673603,95.19999999999999,1000
MADDPG,43,173,12.713429166431656,3.9372382500582117,98.4,1000
MADDPG,43,174,19.95707075127495,7.131619876392116,88.3,1000
MADDPG,43,175,14.59225892924067,4.265791521045269,96.3,1000
MADDPG,43,176,14.314631850057019,4.408048488247929,93.10000000000001,1000
MADDPG,43,177,15.758385203853907,4.867278977782076,90.8,1000
MADDPG,43,178,15.458333180051648,11.386640938347593,97.3973973973974,999
MADDPG,43,179,18.98792586876073,4.264681643417047,84.7,1000
MADDPG,43,180,18.0355646522182,4.287168573832446,83.89999999999999,1000
MADDPG,43,181,14.082193063141824,4.187321975034585,98.1,1000
MADDPG,43,182,19.02663643059952,9.318278778012381,95.39999999999999,1000
MADDPG,43,183,15.393995885525516,4.531838630809945,95.39999999999999,1000
MADDPG,43,184,15.395817860503822,4.5025228265750785,95.39999999999999,1000
MADDPG,43,185,16.71435480949296,4.205425441704824,90.0,1000
MADDPG,43,186,13.902393305309094,4.201472278382922,97.7,1000
MADDPG,43,187,16.55200972056962,5.064943480532693,95.5,1000
MADDPG,43,188,15.767204499819705,4.99609022012596,95.6,1000
MADDPG,43,189,14.01982056499369,4.15010688681916,95.6,1000
MADDPG,43,190,13.721257151898305,4.066084317306201,95.89999999999999,1000
MADDPG,43,191,18.918467185136315,7.015654527583343,92.5,1000
MADDPG,43,192,17.488390920802697,5.686927907816645,95.19999999999999,1000
MADDPG,43,193,15.901235490631313,4.817099473824264,91.60000000000001,1000
MADDPG,43,194,11.714892241310798,4.930409859176946,97.3,1000
MADDPG,43,195,19.573545282763813,8.443463595148735,95.39999999999999,1000
MADDPG,43,196,14.16699391301313,4.267406366397043,95.89999999999999,1000
MADDPG,43,197,16.203482199863057,4.171588965820832,95.1,1000
MADDPG,43,198,16.90948253815922,4.720462549778317,90.8,1000
MADDPG,43,199,13.82938581349188,5.078329795893255,96.8,1000
MADDPG,44,0,22.066096135326834,7.815104557583189,89.8,1000
MADDPG,44,1,21.43190139825256,4.493670652179699,82.39999999999999,1000
MADDPG,44,2,23.103394678030025,4.928179312188372,83.2,1000
MADDPG,44,3,19.413311567666074,11.452331360763251,84.38438438438438,999
MADDPG,44,4,22.138296838867397,5.1034236843776295,86.9,1000
MADDPG,44,5,19.42347250236534,6.964465829623911,86.6,1000
MADDPG,44,6,11.088737054482518,11.555530445727937,97.5975975975976,999
MADDPG,44,7,12.761804016260541,4.101025282536489,97.0,1000
MADDPG,44,8,20.4058886503094,4.529355157755614,86.3,1000
MADDPG,44,9,12.581841774491416,4.043387514911294,96.5,1000
MADDPG,44,10,12.728220890147444,4.210050939163998,97.89999999999999,1000
MADDPG,44,11,16.370474553121657,4.381914038922549,88.5,1000
MADDPG,44,12,12.839534223594445,4.172343194644824,96.5,1000
MADDPG,44,13,19.733762808867098,4.574790273505612,86.1,1000
MADDPG,44,14,14.097921617279466,4.059829110554994,97.1,1000
MADDPG,44,15,16.930736234283017,9.7882255789301,96.3,1000
MADDPG,44,16,21.11069465523328,5.075867892949348,87.8,1000
MADDPG,44,17,12.346158661294583,4.147263494028283,96.1,1000
MADDPG,44,18,13.234816706686392,4.370897332955058,97.2,1000
MADDPG,44,19,17.76518856949434,4.825967305435222,87.1,1000
MADDPG,44,20,12.291922143110478,4.264375581237075,95.3,1000
MADDPG,44,21,14.24699855160632,11.36918123005188,93.8938938938939,999
MADDPG,44,22,19.365291631955987,6.55792601568371,87.2,1000
MADDPG,44,23,14.060245113084461,5.270255167473891,96.89999999999999,1000
MADDPG,44,24,11.99723555087397,4.225016117135333,97.1,1000
MADDPG,44,25,12.155098974865119,4.212033346668593,97.6,1000
MADDPG,44,26,13.016771634695978,4.38742747140376,96.5,1000
MADDPG,44,27,12.535051214303785,4.009608508567826,97.3,1000
MADDPG,44,28,12.644244034130832,4.507860336329076,97.39999999999999,1000
MADDPG,44,29,22.858948905120176,6.5426586362343695,75.7,1000
MADDPG,44,30,13.210238445880229,4.250764507676964,94.89999999999999,1000
MADDPG,44,31,11.724959859064635,3.959322508834108,97.6,1000
MADDPG,44,32,12.538937499520078,4.254926217108552,97.39999999999999,1000
MADDPG,44,33,12.735698522459751,4.416470309653619,97.3,1000
MADDPG,44,34,13.35279922391447,4.644595524101872,95.3,1000
MADDPG,44,35,11.687638604591688,4.343008689657954,98.1,1000
MADDPG,44,36,18.47612469400706,5.003302123813465,86.6,1000
MADDPG,44,37,12.94405512068025,4.397721128530004,96.2,1000
MADDPG,44,38,12.743755778329469,4.074636881175417,98.7,1000
MADDPG,44,39,13.85221579317302,4.414030932835137,95.19999999999999,1000
MADDPG,44,40,15.189544970140396,9.184598834790174,97.5,1000
MADDPG,44,41,13.582457124379484,4.1047723387923085,96.0,1000
MADDPG,44,42,13.185997671935526,4.432859730378008,97.2,1000
MADDPG,44,43,13.48259726325412,5.070692741776684,97.2,1000
MADDPG,44,44,13.223704569962203,4.273350135674594,96.3,1000
MADDPG,44,45,12.236041642018822,4.294328765466075,97.7,1000
MADDPG,44,46,12.623324290207385,4.177142529975117,97.2,1000
MADDPG,44,47,11.555529267452123,4.069612521603365,97.8,1000
MADDPG,44,48,13.484092514714668,4.5850233111654175,96.6,1000
MADDPG,44,49,14.619031567279377,3.992022772454597,95.0,1000
MADDPG,44,50,12.054717351038544,4.336665712124265,97.0,1000
MADDPG,44,51,20.232510927764267,5.943351530057033,88.1,1000
MADDPG,44,52,17.832799214023765,4.318187076219186,82.69999999999999,1000
MADDPG,44,53,10.888216529356331,4.225041281971888,96.39999999999999,1000
MADDPG,44,54,12.22125505303371,4.129772914013573,95.7,1000
MADDPG,44,55,16.927809145882623,4.237775648747249,90.0,1000
MADDPG,44,56,13.116500557040714,4.321211361787349,97.3,1000
MADDPG,44,57,15.396796195594172,10.248956162240002,97.7,1000
MADDPG,44,58,11.72724114868995,4.264858741833893,97.89999999999999,1000
MADDPG,44,59,13.963812786884894,4.557361821734958,95.0,1000
MADDPG,44,60,15.779179480075735,4.819693762340943,90.7,1000
MADDPG,44,61,21.68262747841854,4.299193636739876,81.69999999999999,1000
MADDPG,44,62,12.068263376548497,4.352872450877264,96.8,1000
MADDPG,44,63,12.538373814113493,4.1938822828000895,96.7,1000
MADDPG,44,64,11.900384982945763,4.097481052408776,96.8,1000
MADDPG,44,65,13.0544786021936,4.346248315907023,97.0,1000
MADDPG,44,66,17.473488477323148,4.656503610664211,90.2,1000
MADDPG,44,67,13.386428121864409,4.188765769504739,96.89999999999999,1000
MADDPG,44,68,12.513844587446926,4.001498632074336,97.0,1000
MADDPG,44,69,11.699763742677426,4.055452978676385,97.6,1000
MADDPG,44,70,11.506609578525266,4.094437102516919,97.89999999999999,1000
MADDPG,44,71,18.171882983649912,4.286394975528633,88.5,1000
MADDPG,44,72,22.670961070484438,4.736716610253581,83.89999999999999,1000
MADDPG,44,73,12.856404085875578,4.2097548851767055,96.5,1000
MADDPG,44,74,16.092473155913986,3.831364443465443,91.4,1000
MADDPG,44,75,11.46064365641443,4.109364823763469,97.39999999999999,1000
MADDPG,44,76,12.23604379465277,4.225707281298527,97.2,1000
MADDPG,44,77,16.155918074635064,6.9652429803398075,96.1,1000
MADDPG,44,78,14.05212649207735,4.1029624764536115,97.5,1000
MADDPG,44,79,14.507814395989392,6.994037644119566,96.89999999999999,1000
MADDPG,44,80,12.003367304594907,4.315355756081427,97.3,1000
MADDPG,44,81,15.868876585592607,10.223626624540957,97.0,1000
MADDPG,44,82,14.943092122566242,5.04703431989905,96.6,1000
MADDPG,44,83,12.927102357149312,4.110294215870397,96.8,1000
MADDPG,44,84,12.794507102956029,4.469731799122111,96.6,1000
MADDPG,44,85,18.152242563765476,4.264243018710306,86.8,1000
MADDPG,44,86,13.397931356749659,4.117716702646311,96.3,1000
MADDPG,44,87,12.083878257447232,4.26240731091153,96.8,1000
MADDPG,44,88,14.026599278010588,4.260149188998691,94.5,1000
MADDPG,44,89,15.929723671947151,5.339878875033078,94.69999999999999,1000
MADDPG,44,90,15.470874342492047,4.1736932052234685,95.8,1000
MADDPG,44,91,13.160225793166742,4.239672747379983,96.3,1000
MADDPG,44,92,12.873907980332554,4.406062081080242,95.8,1000
MADDPG,44,93,15.80453152977763,5.855757983588971,96.5,1000
MADDPG,44,94,12.295696859607824,4.052404709418236,96.2,1000
MADDPG,44,95,13.612175116186162,4.173528227348221,96.6,1000
MADDPG,44,96,11.782109748345789,4.240130351350649,96.39999999999999,1000
MADDPG,44,97,17.50443127917904,4.309830055492294,88.5,1000
MADDPG,44,98,16.361556300899977,4.471117460387812,90.10000000000001,1000
MADDPG,44,99,13.516832554998734,4.140954268421162,96.0,1000
MADDPG,44,100,19.386915903307514,4.095123555924123,89.0,1000
MADDPG,44,101,13.006211924247816,4.0408602424667,96.0,1000
MADDPG,44,102,13.392592657605302,4.665874040796401,97.2,1000
MADDPG,44,103,12.731848634758695,4.664893723845785,97.7,1000
MADDPG,44,104,14.146823817416834,4.1930673449988145,95.0,1000
MADDPG,44,105,14.512223072614178,4.046016572232353,96.39999999999999,1000
MADDPG,44,106,18.51427899797163,4.256318816062119,85.7,1000
MADDPG,44,107,14.518299858737592,4.222728217490547,97.7,1000
MADDPG,44,108,18.31205030330181,8.32341906711881,90.2,1000
MADDPG,44,109,12.95887880833798,4.394749886031776,96.7,1000
MADDPG,44,110,13.822942833070917,4.660184326278609,96.5,1000
MADDPG,44,111,14.594965834645027,5.013898875205777,96.8,1000
MADDPG,44,112,13.281309880186992,4.225253675663743,94.89999999999999,1000
MADDPG,44,113,13.210626908310529,4.3356781730430365,97.8,1000
MADDPG,44,114,13.3950421342051,4.083451378725011,96.8,1000
MADDPG,44,115,15.42694559510623,4.665125177542518,97.39999999999999,1000
MADDPG,44,116,14.289795688942602,4.324506891313754,95.19999999999999,1000
MADDPG,44,117,15.853043250032002,5.543897691184541,95.39999999999999,1000
MADDPG,44,118,18.248601603834715,9.248213077835604,94.39999999999999,1000
MADDPG,44,119,15.78120441699976,4.431633062827198,94.0,1000
MADDPG,44,120,14.168381395261669,5.733971348796776,96.5,1000
MADDPG,44,121,15.192831308815974,4.323750152769627,97.2,1000
MADDPG,44,122,20.581691520096086,5.147857563947562,85.7,1000
MADDPG,44,123,14.02894217816543,4.24821339179125,96.3,1000
MADDPG,44,124,16.140762772529662,4.647161260113817,96.0,1000
MADDPG,44,125,13.49430823125361,4.338328314443473,97.7,1000
MADDPG,44,126,12.456029339147241,11.621447106560993,96.1961961961962,999
MADDPG,44,127,17.396778543150393,4.665082981200298,88.8,1000
MADDPG,44,128,13.150392834718659,4.61100790945287,97.7,1000
MADDPG,44,129,14.696612161256214,4.612073861036934,96.7,1000
MADDPG,44,130,13.082299128372897,4.31819115237075,96.2,1000
MADDPG,44,131,16.656527377439446,9.926704092376662,96.1,1000
MADDPG,44,132,14.526670563924206,4.200850029799076,95.3,1000
MADDPG,44,133,13.827715430523522,4.366937205502025,96.5,1000
MADDPG,44,134,15.589415944453544,3.982390986975917,95.39999999999999,1000
MADDPG,44,135,18.252659516544615,11.674227798578652,86.78678678678679,999
MADDPG,44,136,17.134246328827533,5.043828963310681,92.4,1000
MADDPG,44,137,14.032484024200697,4.157395731523313,95.3,1000
MADDPG,44,138,19.302925483010164,7.19108423939867,88.2,1000
MADDPG,44,139,15.218728081431316,4.476040713174982,96.89999999999999,1000
MADDPG,44,140,14.473280377164171,4.210653477961832,96.2,1000
MADDPG,44,141,16.691542485082344,5.235956223493991,94.89999999999999,1000
MADDPG,44,142,18.8963651288469,4.010112843243594,87.2,1000
MADDPG,44,143,15.03785623290416,4.417932977239678,97.7,1000
MADDPG,44,144,13.139764107332228,4.201361838303075,96.3,1000
MADDPG,44,145,19.510040629902136,7.122475135368788,92.60000000000001,1000
MADDPG,44,146,13.525334300360612,3.984661032403479,96.39999999999999,1000
MADDPG,44,147,13.65302955328758,4.478077329080456,96.2,1000
MADDPG,44,148,16.118723726718347,4.916241056076175,96.6,1000
MADDPG,44,149,14.40667708678908,4.125103820804622,96.8,1000
MADDPG,44,150,19.140225476712263,4.331240934057101,87.2,1000
MADDPG,44,151,17.991289552966816,4.8880355809107074,91.4,1000
MADDPG,44,152,16.165729700192546,4.287016257738866,94.39999999999999,1000
MADDPG,44,153,22.193889538280896,9.690445718196264,86.6,1000
MADDPG,44,154,16.773873908821972,11.429686878563166,87.4874874874875,999
MADDPG,44,155,24.052123259381244,6.777285166241059,81.89999999999999,1000
MADDPG,44,156,19.300639152709053,4.174454830840579,91.3,1000
MADDPG,44,157,17.97329020783571,4.8102020190026,91.7,1000
MADDPG,44,158,24.475642816881095,9.332403180519044,80.30000000000001,1000
MADDPG,44,159,13.952788156378837,4.417722743927206,95.1,1000
MADDPG,44,160,17.564189943341784,6.298928056872069,94.89999999999999,1000
MADDPG,44,161,21.28435272075077,5.082312939948825,81.69999999999999,1000
MADDPG,44,162,15.998803798415032,4.339724963762259,93.7,1000
MADDPG,44,163,15.460099504580867,5.889219470211947,97.6,1000
MADDPG,44,164,15.981580707186666,4.270335502682948,93.0,1000
MADDPG,44,165,13.759179788872675,4.161843429545576,95.0,1000
MADDPG,44,166,15.460060515357538,4.860368631640739,93.7,1000
MADDPG,44,167,15.288800692621658,4.637518407455865,97.3,1000
MADDPG,44,168,14.896424132689605,4.109786341568342,97.89999999999999,1000
MADDPG,44,169,14.138766035974138,4.239565576510776,96.0,1000
MADDPG,44,170,18.8577212526714,4.811345543987236,87.4,1000
MADDPG,44,171,14.618640041488053,4.524387779730091,95.19999999999999,1000
MADDPG,44,172,15.907085538420215,11.512370931138646,97.8978978978979,999
MADDPG,44,173,18.46579526070045,4.405363988662256,86.0,1000
MADDPG,44,174,16.16365478665369,4.674131044962032,95.0,1000
MADDPG,44,175,15.921828614781745,4.341534200827058,96.0,1000
MADDPG,44,176,13.248123003470017,4.190385846805347,95.5,1000
MADDPG,44,177,16.4049376629081,4.391338565389293,89.7,1000
MADDPG,44,178,14.435249529908557,4.107053587292187,91.9,1000
MADDPG,44,179,14.171101501244026,4.09067121593828,94.3,1000
MADDPG,44,180,13.068217097408517,4.954153238125384,97.39999999999999,1000
MADDPG,44,181,19.356758136861057,4.3313983909419855,87.4,1000
MADDPG,44,182,14.049377602073049,4.317564890811181,96.8,1000
MADDPG,44,183,14.513332467597117,4.324127017146766,96.8,1000
MADDPG,44,184,13.887584799366799,6.2203878999156474,97.5,1000
MADDPG,44,185,14.011272797818545,4.6536930846924625,95.0,1000
MADDPG,44,186,15.907476840523953,11.4313054687558,90.990990990991,999
MADDPG,44,187,16.244431990884117,4.249912857039327,95.8,1000
MADDPG,44,188,15.498984252098307,4.360672283888509,95.6,1000
MADDPG,44,189,15.009501545983309,7.193004895262794,97.89999999999999,1000
MADDPG,44,190,11.763139423977405,3.9137162491236093,97.39999999999999,1000
MADDPG,44,191,15.458818996800046,4.428074767625196,89.3,1000
MADDPG,44,192,14.050792127955564,4.189071486021245,94.19999999999999,1000
MADDPG,44,193,15.161661444452943,4.303724192406412,89.9,1000
MADDPG,44,194,13.082977332324164,4.124418325135903,97.39999999999999,1000
MADDPG,44,195,14.755926953450405,4.6918493862385375,96.0,1000
MADDPG,44,196,16.234189142244055,11.561892752996727,91.3913913913914,999
MADDPG,44,197,15.913122437302798,5.143244246535064,94.0,1000
MADDPG,44,198,14.404606109733997,4.452384119794551,95.8,1000
MADDPG,44,199,12.268848114514393,4.01179815478654,97.2,1000
MADDPG,45,0,16.520805617984724,4.1602404576397385,90.0,1000
MADDPG,45,1,19.322507529882536,6.001582133681204,90.9,1000
MADDPG,45,2,14.65379885114437,4.31617522129986,96.2,1000
MADDPG,45,3,15.581539091679169,4.128418322351164,92.2,1000
MADDPG,45,4,11.903028861016391,4.228328902035207,98.4,1000
MADDPG,45,5,14.564020720494344,4.568728944987537,90.4,1000
MADDPG,45,6,14.103948869764569,5.769873856260572,95.89999999999999,1000
MADDPG,45,7,17.217034928645848,7.366425670917662,92.7,1000
MADDPG,45,8,13.716364162148547,4.69665554803088,97.6,1000
MADDPG,45,9,18.472082061215797,4.634956113974407,81.8,1000
MADDPG,45,10,17.28846074565673,5.203523203482748,90.10000000000001,1000
MADDPG,45,11,12.141425429070917,4.171022603271017,98.5,1000
MADDPG,45,12,11.555238677399391,4.144338432996441,96.8,1000
MADDPG,45,13,14.965504745582816,4.737151638364072,97.1,1000
MADDPG,45,14,20.838169379853937,4.882349829797908,82.39999999999999,1000
MADDPG,45,15,14.894021378071823,4.038282167545995,92.9,1000
MADDPG,45,16,13.445588008826945,4.050792773367037,93.4,1000
MADDPG,45,17,14.088977937187122,4.253863958491681,93.5,1000
MADDPG,45,18,12.675965179055448,4.124628205326099,97.39999999999999,1000
MADDPG,45,19,11.6629086476136,4.345696762191769,96.5,1000
MADDPG,45,20,12.374856571106141,3.983222831515154,96.8,1000
MADDPG,45,21,11.21831004946353,4.580707032017894,96.6,1000
MADDPG,45,22,11.570714961597558,4.400875530488348,96.8,1000
MADDPG,45,23,14.564498121582055,4.330958488414832,95.5,1000
MADDPG,45,24,19.75860290950048,6.899339516540158,83.89999999999999,1000
MADDPG,45,25,13.618130675827048,4.990154718296056,95.39999999999999,1000
MADDPG,45,26,12.190350242535041,4.165946713858708,97.8,1000
MADDPG,45,27,20.536074786029676,9.002809693129938,89.7,1000
MADDPG,45,28,13.922138562098114,4.172071677128169,96.6,1000
MADDPG,45,29,12.024414945400315,4.140673998543915,97.7,1000
MADDPG,45,30,11.676371678510783,4.40838865649793,97.2,1000
MADDPG,45,31,12.343065068977971,4.38948609729923,97.0,1000
MADDPG,45,32,11.755311946082738,4.344707791799182,98.7,1000
MADDPG,45,33,11.582952074313399,4.290009570327979,97.6,1000
MADDPG,45,34,19.319682910603404,4.3012691148475355,88.1,1000
MADDPG,45,35,12.27932004691878,4.191755613362893,97.5,1000
MADDPG,45,36,11.91858428215705,4.415585665523643,97.3,1000
MADDPG,45,37,13.360785080265734,4.990547977836184,96.6,1000
MADDPG,45,38,11.39727671477657,4.5516697048590515,96.6,1000
MADDPG,45,39,13.2318911382716,5.443024312768497,96.7,1000
MADDPG,45,40,12.327714852879739,4.170236308709112,97.39999999999999,1000
MADDPG,45,41,23.03149548492612,4.861685905703424,83.39999999999999,1000
MADDPG,45,42,21.892196670826685,4.73203528522442,85.7,1000
MADDPG,45,43,13.945316580618803,5.13547041528122,97.2,1000
MADDPG,45,44,11.521807746063743,4.272969665201995,96.89999999999999,1000
MADDPG,45,45,12.45759709643366,5.272616774534473,97.39999999999999,1000
MADDPG,45,46,17.424116623886118,6.127670505483846,89.9,1000
MADDPG,45,47,14.50520956599888,9.65445029877767,97.7,1000
MADDPG,45,48,17.851684106499672,4.512263862552987,88.6,1000
MADDPG,45,49,12.42153974794311,4.350111618962553,96.6,1000
MADDPG,45,50,11.296146629517404,4.201902622809057,97.89999999999999,1000
MADDPG,45,51,14.450589423315265,4.1026646714901895,98.1,1000
MADDPG,45,52,12.655932904218671,4.148638093334257,97.5,1000
MADDPG,45,53,12.402194654499123,4.669311822551457,97.5,1000
MADDPG,45,54,19.070584398306398,9.285176456254339,91.2,1000
MADDPG,45,55,11.889683405592898,4.305016170895614,98.0,1000
MADDPG,45,56,16.89613389240371,8.689507681743812,95.6,1000
MADDPG,45,57,13.054133505107362,4.271828926055218,96.89999999999999,1000
MADDPG,45,58,13.293595607499821,4.2652789233469806,96.3,1000
MADDPG,45,59,12.832298642625213,4.604643143898856,96.7,1000
MADDPG,45,60,11.984188486015965,4.3942960776920845,97.2,1000
MADDPG,45,61,15.690007150165627,4.246865669701785,92.9,1000
MADDPG,45,62,13.059884053205227,4.213842898977142,97.89999999999999,1000
MADDPG,45,63,13.133884988048399,4.538322162383166,96.5,1000
MADDPG,45,64,12.453292563714909,4.1723836801331515,97.7,1000
MADDPG,45,65,12.043005077563972,4.053831962649412,97.2,1000
MADDPG,45,66,17.1822391733386,5.080126905496893,93.4,1000
MADDPG,45,67,26.886904460644732,4.7056329342850045,74.7,1000
MADDPG,45,68,12.177121184001832,4.171180323661378,96.39999999999999,1000
MADDPG,45,69,17.504618015637387,4.562838313510738,88.2,1000
MADDPG,45,70,17.300153101019422,5.3181014970752765,91.10000000000001,1000
MADDPG,45,71,13.247697907207456,4.724928834679481,97.0,1000
MADDPG,45,72,14.058928327318695,4.58638717627417,96.0,1000
MADDPG,45,73,12.88673958326596,4.297443000393929,96.5,1000
MADDPG,45,74,13.25896171620339,4.503571921066451,97.0,1000
MADDPG,45,75,17.125880818484482,5.158046705293642,90.5,1000
MADDPG,45,76,12.290620584302209,4.034177279356302,96.89999999999999,1000
MADDPG,45,77,12.158062918394638,4.979952633783271,96.0,1000
MADDPG,45,78,12.544102636876254,4.193415763741362,96.89999999999999,1000
MADDPG,45,79,11.724474581438525,4.535922837293311,97.1,1000
MADDPG,45,80,13.547035631394634,4.26680961058388,96.89999999999999,1000
MADDPG,45,81,17.0743619767236,4.388862604149107,90.7,1000
MADDPG,45,82,13.168739634458541,4.132091776542656,97.2,1000
MADDPG,45,83,12.529726686270298,4.311436285033988,97.39999999999999,1000
MADDPG,45,84,12.524799568543651,4.910066591354396,95.89999999999999,1000
MADDPG,45,85,11.554700955738499,4.426532711630661,97.8,1000
MADDPG,45,86,12.417771673296889,4.226788138527095,97.7,1000
MADDPG,45,87,12.232840304311436,4.274986337701931,97.1,1000
MADDPG,45,88,12.122008400116549,4.41438738284427,97.1,1000
MADDPG,45,89,12.88644721978496,4.006863300782341,96.8,1000
MADDPG,45,90,16.553017560056194,5.867123273674886,90.10000000000001,1000
MADDPG,45,91,14.198641668243726,7.170949504792436,97.2,1000
MADDPG,45,92,14.243165256849053,5.444301424748344,96.39999999999999,1000
MADDPG,45,93,17.338570114087524,6.750176351523099,90.10000000000001,1000
MADDPG,45,94,12.82416602944658,4.524540991977834,96.5,1000
MADDPG,45,95,12.631108467351918,4.172910914671009,96.7,1000
MADDPG,45,96,14.223518500058526,4.594219674706293,96.8,1000
MADDPG,45,97,12.81501950806393,4.159922901297,95.7,1000
MADDPG,45,98,13.564826478327017,4.847350782749571,96.89999999999999,1000
MADDPG,45,99,12.130936639295093,4.2579836822852615,96.6,1000
MADDPG,45,100,12.1117407344069,4.263452961755467,97.2,1000
MADDPG,45,101,11.94987027138204,4.449201266023848,95.6,1000
MADDPG,45,102,13.190981228799043,4.295073315734343,97.0,1000
MADDPG,45,103,12.280736829853176,4.0363090508493995,96.8,1000
MADDPG,45,104,11.798556515159532,4.271973341113818,95.89999999999999,1000
MADDPG,45,105,11.590417641961434,4.209355234576063,96.3,1000
MADDPG,45,106,13.10979242520453,4.422037524372524,96.6,1000
MADDPG,45,107,11.692982236083001,4.342373564003223,97.5,1000
MADDPG,45,108,14.482969263392457,4.812963298912294,96.5,1000
MADDPG,45,109,12.509044693298339,4.1255369211901876,97.1,1000
MADDPG,45,110,13.86073519124359,4.122717217418075,95.7,1000
MADDPG,45,111,15.80443898604714,6.296200838343469,92.30000000000001,1000
MADDPG,45,112,18.51154426246752,5.799093506413401,90.2,1000
MADDPG,45,113,20.498493844150325,4.539964039210604,85.3,1000
MADDPG,45,114,16.38979652995336,4.330238354269046,88.0,1000
MADDPG,45,115,24.017194615990423,11.679959939935069,82.38238238238237,999
MADDPG,45,116,11.758756310504731,11.58597239310181,96.3963963963964,999
MADDPG,45,117,14.021038324939086,4.183915164485896,95.8,1000
MADDPG,45,118,13.060942499430755,3.9483328627026584,95.0,1000
MADDPG,45,119,12.768105751574883,4.27439596642908,97.0,1000
MADDPG,45,120,12.852635580249597,4.422996627302264,96.6,1000
MADDPG,45,121,17.37802553522768,5.946857545469381,90.3,1000
MADDPG,45,122,14.118281922494173,4.681607460002536,95.89999999999999,1000
MADDPG,45,123,19.8434670790752,4.895788311460151,90.8,1000
MADDPG,45,124,17.11449806595828,5.042381775999469,90.0,1000
MADDPG,45,125,13.561992014389388,5.067324983590751,95.0,1000
MADDPG,45,126,19.29645627159082,6.7603906956767315,85.39999999999999,1000
MADDPG,45,127,25.68953385808577,4.201046706319465,77.8,1000
MADDPG,45,128,21.84530530067456,4.196256142040468,83.2,1000
MADDPG,45,129,15.912327245313541,4.751074667274293,89.2,1000
MADDPG,45,130,12.696200128633402,4.245936426440907,96.2,1000
MADDPG,45,131,19.84515268626966,4.075769323155225,85.3,1000
MADDPG,45,132,29.966479102573672,9.418156705764613,79.4,1000
MADDPG,45,133,27.739426761641205,7.733688661999866,73.0,1000
MADDPG,45,134,12.758149000775033,4.247752114180327,96.3,1000
MADDPG,45,135,25.05290145728636,6.022688225590596,70.1,1000
MADDPG,45,136,13.286526018911179,4.2436250089451475,94.19999999999999,1000
MADDPG,45,137,13.92724595547028,4.417217027286729,93.89999999999999,1000
MADDPG,45,138,15.357020224074276,4.625012657536419,94.1,1000
MADDPG,45,139,18.489487593316667,5.086785678074855,85.8,1000
MADDPG,45,140,12.070248953943231,4.41693209718059,96.8,1000
MADDPG,45,141,14.366588550252352,4.357091581605371,90.60000000000001,1000
MADDPG,45,142,16.86382986447802,11.848404966126107,88.988988988989,999
MADDPG,45,143,21.238383427802713,5.511958210630713,79.60000000000001,1000
MADDPG,45,144,17.719138066968128,4.382880721247252,82.89999999999999,1000
MADDPG,45,145,17.850649691410123,6.907011883767771,91.3,1000
MADDPG,45,146,14.423760423664197,4.511163214438583,96.6,1000
MADDPG,45,147,16.76754606206239,4.270407900042359,86.7,1000
MADDPG,45,148,14.134974850709943,7.968880956472517,96.89999999999999,1000
MADDPG,45,149,12.610227481640523,4.9198171356645215,97.5,1000
MADDPG,45,150,12.814078742595255,4.603406120253214,96.6,1000
MADDPG,45,151,13.612053628044391,4.308405894632369,97.8,1000
MADDPG,45,152,13.869214101542042,4.365870463522966,96.5,1000
MADDPG,45,153,13.389961582122211,4.33286701405717,95.39999999999999,1000
MADDPG,45,154,12.44129293760166,4.096330931161231,96.8,1000
MADDPG,45,155,14.378201690278157,4.212226174285535,94.19999999999999,1000
MADDPG,45,156,12.89980425991284,4.142654365943026,97.0,1000
MADDPG,45,157,19.29650474735844,4.108505744798963,81.3,1000
MADDPG,45,158,17.318995902655534,4.327069926742917,88.4,1000
MADDPG,45,159,14.300859862314221,4.225519108093989,93.4,1000
MADDPG,45,160,14.4347745236153,4.460291117470209,96.6,1000
MADDPG,45,161,16.76001358735119,9.894150970968793,96.2,1000
MADDPG,45,162,23.665641219985403,4.795678073336336,84.2,1000
MADDPG,45,163,12.995113477452039,4.333724881634221,97.6,1000
MADDPG,45,164,12.764289921756353,4.169911779050067,97.2,1000
MADDPG,45,165,14.272410464678945,4.220934014926564,96.3,1000
MADDPG,45,166,13.975125781917093,4.538594259587981,96.0,1000
MADDPG,45,167,18.702722351945777,4.135264431145658,84.7,1000
MADDPG,45,168,22.612922627493077,5.381778607481807,85.39999999999999,1000
MADDPG,45,169,16.211733048436457,4.514154738840571,93.0,1000
MADDPG,45,170,12.244558851517121,4.3364477630935925,93.5,1000
MADDPG,45,171,13.620038671701874,4.275954515315765,96.0,1000
MADDPG,45,172,23.8135099646057,6.84466395627823,84.3,1000
MADDPG,45,173,18.09855078569259,4.424909191970066,85.5,1000
MADDPG,45,174,13.054231595640754,4.662733622898256,96.0,1000
MADDPG,45,175,12.913292389187736,4.1244104695370165,96.2,1000
MADDPG,45,176,14.23867723165857,4.187192279580218,95.1,1000
MADDPG,45,177,13.655089725929027,4.3204766626141975,94.6,1000
MADDPG,45,178,17.85696647684662,7.7154961004441285,91.7,1000
MADDPG,45,179,15.161051528740213,11.643578524137663,91.09109109109109,999
MADDPG,45,180,19.26175369404507,4.3450534880307075,81.0,1000
MADDPG,45,181,22.85982039099752,6.168151081350173,80.4,1000
MADDPG,45,182,13.051765255497434,4.291522441103942,95.5,1000
MADDPG,45,183,13.99730084919533,4.2340187556764945,96.3,1000
MADDPG,45,184,23.057491963182954,5.395274231376305,78.9,1000
MADDPG,45,185,26.888449548235936,7.51001211233306,79.9,1000
MADDPG,45,186,12.35678834687874,4.7087835675394185,97.5,1000
MADDPG,45,187,15.466252563804096,4.154157956181727,91.4,1000
MADDPG,45,188,13.032061295105459,4.373764865435707,96.89999999999999,1000
MADDPG,45,189,13.10669785238259,4.3417527291970535,96.1,1000
MADDPG,45,190,12.683956637381108,4.296169500650891,96.89999999999999,1000
MADDPG,45,191,13.919347414005674,4.567078669229903,96.1,1000
MADDPG,45,192,13.222819757814374,5.607157316632901,97.1,1000
MADDPG,45,193,13.223989481298345,4.199550651439985,96.7,1000
MADDPG,45,194,11.743091451126906,5.051961438984435,97.3,1000
MADDPG,45,195,14.384649317245545,5.027692648303521,96.6,1000
MADDPG,45,196,13.196388932563353,4.544611471848837,98.9,1000
MADDPG,45,197,12.5048229172465,4.356016975883012,94.3,1000
MADDPG,45,198,14.094029804419913,5.754588953952495,96.3,1000
MADDPG,45,199,15.223408718228493,4.5258300683704515,95.7,1000
MADDPG,46,0,11.937895756854981,4.020322915135993,94.89999999999999,1000
MADDPG,46,1,18.01940498004227,6.717111118656507,90.10000000000001,1000
MADDPG,46,2,16.773634087911365,4.2537957099364805,92.5,1000
MADDPG,46,3,15.906804433765332,4.0178551957214585,95.0,1000
MADDPG,46,4,13.634999162432642,4.347634390945165,96.89999999999999,1000
MADDPG,46,5,13.831994733766495,4.795326935924936,97.1,1000
MADDPG,46,6,12.03252310193768,4.1371871652187835,96.39999999999999,1000
MADDPG,46,7,12.618626215325314,11.449601388753328,98.2982982982983,999
MADDPG,46,8,14.81120893916448,4.31357553239609,97.0,1000
MADDPG,46,9,13.564926408394742,4.220339320689001,96.8,1000
MADDPG,46,10,13.442615333127586,4.126381174759451,96.8,1000
MADDPG,46,11,23.481183371136133,4.248744942356969,79.10000000000001,1000
MADDPG,46,12,21.490211744581305,4.290641545635271,78.60000000000001,1000
MADDPG,46,13,14.634095099973395,4.527919176619272,95.6,1000
MADDPG,46,14,11.828999152445258,4.578629806571463,95.8,1000
MADDPG,46,15,11.880422756304688,4.037858535321143,97.0,1000
MADDPG,46,16,15.642150291694204,4.470931929116936,95.7,1000
MADDPG,46,17,13.064491009786378,4.055998502210276,96.7,1000
MADDPG,46,18,14.006138915233516,4.512718452600337,97.2,1000
MADDPG,46,19,12.738767283982055,4.288135903448147,97.0,1000
MADDPG,46,20,14.696707889194723,4.201198390394746,94.69999999999999,1000
MADDPG,46,21,13.740543773567628,4.452911403861024,96.7,1000
MADDPG,46,22,23.16582646087344,6.19405812596985,79.80000000000001,1000
MADDPG,46,23,13.482248392947714,4.602329462563005,97.5,1000
MADDPG,46,24,13.08583118253616,4.355614376774453,96.7,1000
MADDPG,46,25,13.441232379491218,3.977688021251342,96.7,1000
MADDPG,46,26,18.82342691455777,11.37678829418104,87.38738738738738,999
MADDPG,46,27,13.69462876307495,3.9834239878400024,97.0,1000
MADDPG,46,28,15.38903710395094,5.4717066980540565,96.6,1000
MADDPG,46,29,14.492800635788768,4.346152021376226,91.7,1000
MADDPG,46,30,14.453924353463478,4.224886981394936,93.5,1000
MADDPG,46,31,12.465308898210733,4.016711188851552,96.7,1000
MADDPG,46,32,14.757430962303278,7.3414839733497015,95.39999999999999,1000
MADDPG,46,33,15.928954214126508,4.839684237030028,93.2,1000
MADDPG,46,34,13.361523088806196,4.305747619666311,94.89999999999999,1000
MADDPG,46,35,13.202002704712532,4.280521552317515,96.3,1000
MADDPG,46,36,12.563398086632715,4.762115407090933,96.7,1000
MADDPG,46,37,12.815640262474918,4.216893629368915,96.7,1000
MADDPG,46,38,13.617734913209967,4.07304766237224,96.8,1000
MADDPG,46,39,16.637673311018965,4.010330701404602,90.60000000000001,1000
MADDPG,46,40,12.337702809945629,3.8925993575506297,97.2,1000
MADDPG,46,41,13.773598039484215,4.203125304615485,97.39999999999999,1000
MADDPG,46,42,13.023259630269488,4.087691597261706,96.7,1000
MADDPG,46,43,13.949826023641883,4.1162426441373325,96.5,1000
MADDPG,46,44,13.826909182006764,4.048649536058129,95.89999999999999,1000
MADDPG,46,45,12.965341238381868,4.100764536347994,97.8,1000
MADDPG,46,46,14.000512409248204,4.169198039046701,98.1,1000
MADDPG,46,47,13.268769607063724,4.018925376586624,96.8,1000
MADDPG,46,48,13.513941768264594,4.070394533792984,97.0,1000
MADDPG,46,49,15.734909375726463,4.316803240302656,94.69999999999999,1000
MADDPG,46,50,12.782072851527397,4.125185197833806,96.7,1000
MADDPG,46,51,13.252721899121683,4.347003232758361,94.89999999999999,1000
MADDPG,46,52,19.520506930586382,8.288654870326665,92.10000000000001,1000
MADDPG,46,53,14.842207989336009,4.443952806191762,93.10000000000001,1000
MADDPG,46,54,16.519197526875402,4.251088617545425,89.7,1000
MADDPG,46,55,17.40042484968334,5.70533238097326,87.3,1000
MADDPG,46,56,12.86224255161999,4.298592928602166,96.5,1000
MADDPG,46,57,14.076180989516097,4.045508809541378,92.0,1000
MADDPG,46,58,13.618483444985563,4.131380658646689,93.30000000000001,1000
MADDPG,46,59,21.245916934352124,4.494348675914374,77.8,1000
MADDPG,46,60,13.063199176670503,4.128907471917351,96.8,1000
MADDPG,46,61,15.05680022068898,5.479292427732643,97.6,1000
MADDPG,46,62,14.58865084275929,4.535824840941612,92.5,1000
MADDPG,46,63,12.357851825821749,4.133988049930602,96.7,1000
MADDPG,46,64,17.80721332247334,4.298131821070344,88.4,1000
MADDPG,46,65,16.268716501181544,4.168002853235224,90.5,1000
MADDPG,46,66,17.894292663959614,5.594373187099106,92.10000000000001,1000
MADDPG,46,67,14.439763744221112,4.621609487505237,94.89999999999999,1000
MADDPG,46,68,13.093167097944487,4.26641763852962,97.1,1000
MADDPG,46,69,15.390170227321473,4.134999545158367,91.8,1000
MADDPG,46,70,24.83267140842271,7.6635315867339076,77.60000000000001,1000
MADDPG,46,71,13.740751729151084,4.238172833720002,93.5,1000
MADDPG,46,72,13.370149085724298,4.188215761908486,97.8,1000
MADDPG,46,73,13.08736624000157,4.72305706273131,96.1,1000
MADDPG,46,74,23.369349158896696,11.365423494133376,81.78178178178179,999
MADDPG,46,75,12.824260021981077,3.8771303733446842,96.89999999999999,1000
MADDPG,46,76,14.572224730560231,5.528092346791605,97.39999999999999,1000
MADDPG,46,77,17.406514698559953,8.35783388180239,92.4,1000
MADDPG,46,78,16.555333837788286,5.606962666493345,93.0,1000
MADDPG,46,79,15.400673739962455,4.320992548721523,93.0,1000
MADDPG,46,80,17.701647098594034,4.701039228654244,88.3,1000
MADDPG,46,81,12.127910214949562,4.649042056936352,96.0,1000
MADDPG,46,82,12.386832067004187,4.092479758356353,95.39999999999999,1000
MADDPG,46,83,20.31538212185197,5.149580976404867,82.69999999999999,1000
MADDPG,46,84,15.000206117212604,4.725842255183064,94.5,1000
MADDPG,46,85,14.32737372214575,4.041112446096371,93.2,1000
MADDPG,46,86,12.934021968503563,3.9808767941204564,97.2,1000
MADDPG,46,87,17.567625580197106,7.736262139580743,95.89999999999999,1000
MADDPG,46,88,13.910572340893363,4.8610155985707735,94.3,1000
MADDPG,46,89,15.406109022568915,4.285243949649139,90.0,1000
MADDPG,46,90,12.930870046919926,4.280252343477824,96.5,1000
MADDPG,46,91,19.440248278804106,4.441679141977828,90.0,1000
MADDPG,46,92,12.308355187486317,4.24884283178382,97.39999999999999,1000
MADDPG,46,93,11.529860318591902,4.187833359701194,97.2,1000
MADDPG,46,94,14.681234798719236,4.078336918633643,93.8,1000
MADDPG,46,95,12.105355229793519,4.021358368857374,97.3,1000
MADDPG,46,96,17.220515006199342,4.343100476198156,86.9,1000
MADDPG,46,97,13.370031317965188,11.409717578682006,95.29529529529529,999
MADDPG,46,98,13.535328938675677,4.011458784427198,96.89999999999999,1000
MADDPG,46,99,12.545455306565811,4.083963665478171,95.89999999999999,1000
MADDPG,46,100,14.830339686421365,4.426305882390544,88.6,1000
MADDPG,46,101,13.11912395616263,4.781756992336741,97.1,1000
MADDPG,46,102,15.567029959888856,4.2635836144674215,90.3,1000
MADDPG,46,103,12.049691487902226,3.9200260275083143,96.8,1000
MADDPG,46,104,18.809605695976014,4.44202391105809,84.7,1000
MADDPG,46,105,20.568322975826057,4.902717525004877,80.5,1000
MADDPG,46,106,13.798000205948494,4.236947118769986,94.6,1000
MADDPG,46,107,12.956662515185583,4.00700777627391,94.69999999999999,1000
MADDPG,46,108,21.05378544140157,7.013553406383677,85.5,1000
MADDPG,46,109,20.917235570323495,3.9839111533907583,78.60000000000001,1000
MADDPG,46,110,12.375317838977804,4.343545042207022,96.6,1000
MADDPG,46,111,17.04661723302364,4.307474280494184,86.9,1000
MADDPG,46,112,11.679832030092637,11.527839026427035,97.1971971971972,999
MADDPG,46,113,17.123052832728103,8.570412729808096,96.2,1000
MADDPG,46,114,16.00302648046723,4.971951035587621,96.7,1000
MADDPG,46,115,15.212723393347856,4.225529231667466,94.1,1000
MADDPG,46,116,13.285014875017637,4.142064510919478,95.5,1000
MADDPG,46,117,15.151050569671733,5.951368327165022,96.6,1000
MADDPG,46,118,14.98619038472646,6.43864966133314,98.6,1000
MADDPG,46,119,27.435199403427646,4.747175351874025,74.4,1000
MADDPG,46,120,12.463928123068978,4.135970385642797,96.8,1000
MADDPG,46,121,16.01964703700771,5.623324768838533,94.1,1000
MADDPG,46,122,21.446177237999215,4.3985294666430015,81.6,1000
MADDPG,46,123,15.465175509364151,4.128017286091495,94.6,1000
MADDPG,46,124,25.215472279916103,6.142371656145891,74.8,1000
MADDPG,46,125,13.403829355532169,4.293444035484869,92.60000000000001,1000
MADDPG,46,126,17.99555647897916,4.76151389876527,89.1,1000
MADDPG,46,127,14.387698209974063,3.938912447104933,93.8,1000
MADDPG,46,128,16.145513676121197,4.221987951919889,91.10000000000001,1000
MADDPG,46,129,15.640468991195117,4.157304700310575,89.0,1000
MADDPG,46,130,15.299763148886282,4.158336409311571,91.10000000000001,1000
MADDPG,46,131,15.454927298340689,4.139845213662386,89.7,1000
MADDPG,46,132,32.66083023379318,5.066756766655828,66.5,1000
MADDPG,46,133,14.63121745398995,4.150546504894157,94.3,1000
MADDPG,46,134,14.050182161305981,4.061797346950561,94.0,1000
MADDPG,46,135,12.105260915207305,4.336239966190362,97.6,1000
MADDPG,46,136,12.467402906773437,4.40783881061186,96.7,1000
MADDPG,46,137,12.238682025538223,4.083734046066334,96.89999999999999,1000
MADDPG,46,138,15.323579490122928,4.121657644843347,95.5,1000
MADDPG,46,139,13.716920993813277,4.643093916451098,93.4,1000
MADDPG,46,140,14.250361157166372,4.635248066678307,94.19999999999999,1000
MADDPG,46,141,15.176887905471805,4.293729274918552,92.2,1000
MADDPG,46,142,33.46068759399572,9.353609893362753,64.4,1000
MADDPG,46,143,15.7034750559153,4.489920536118046,89.60000000000001,1000
MADDPG,46,144,22.10878913464873,4.49460430300017,84.5,1000
MADDPG,46,145,16.755253247082692,4.776227957696512,91.9,1000
MADDPG,46,146,16.295008831734975,4.188956448314921,91.10000000000001,1000
MADDPG,46,147,29.01861164841158,5.435534003586557,70.19999999999999,1000
MADDPG,46,148,34.033950808387715,7.190762091787096,61.1,1000
MADDPG,46,149,13.600722543856198,4.613429958285899,96.89999999999999,1000
MADDPG,46,150,23.76560139480158,4.381398808907879,70.8,1000
MADDPG,46,151,24.533723015390617,4.319767557655917,71.39999999999999,1000
MADDPG,46,152,24.32939012692292,6.550592291795919,79.80000000000001,1000
MADDPG,46,153,14.58310714267163,3.9723149747179756,96.39999999999999,1000
MADDPG,46,154,13.58011832245041,4.258071487587805,96.3,1000
MADDPG,46,155,12.215171537860309,4.043500644344963,96.89999999999999,1000
MADDPG,46,156,14.403981708401966,4.035912006512418,96.7,1000
MADDPG,46,157,20.229234645351685,4.772515681815213,88.0,1000
MADDPG,46,158,14.399498161856112,4.155288266139658,95.39999999999999,1000
MADDPG,46,159,17.171516147063187,4.586016835729674,88.7,1000
MADDPG,46,160,12.798917793605984,4.300788086422513,96.0,1000
MADDPG,46,161,19.507995572035252,5.456025076418456,88.5,1000
MADDPG,46,162,15.165150921052815,4.22453678653254,93.2,1000
MADDPG,46,163,15.61495380295455,4.209391461750011,97.0,1000
MADDPG,46,164,30.897821271268924,6.416363855300108,79.60000000000001,1000
MADDPG,46,165,13.829879475766887,4.321223523112689,94.0,1000
MADDPG,46,166,13.516174136809585,11.332915611913073,97.997997997998,999
MADDPG,46,167,25.001458986060126,4.634937065999347,80.30000000000001,1000
MADDPG,46,168,23.17537359917729,4.340503100001638,79.3,1000
MADDPG,46,169,29.395949070843855,9.393925272274439,72.89999999999999,1000
MADDPG,46,170,13.329792657910293,4.2592383963432345,97.89999999999999,1000
MADDPG,46,171,13.372725633545542,4.861386139484325,97.3,1000
MADDPG,46,172,13.732784942802777,4.157631363401867,95.1,1000
MADDPG,46,173,12.370856268953172,4.242579198161223,97.2,1000
MADDPG,46,174,12.893369067407109,4.033384044669114,96.2,1000
MADDPG,46,175,13.271397328780447,4.2806983210547065,95.6,1000
MADDPG,46,176,27.480505462220076,8.349888597301122,69.5,1000
MADDPG,46,177,15.8652663812246,4.104794049544482,90.10000000000001,1000
MADDPG,46,178,18.942471803297927,4.506685955876441,88.3,1000
MADDPG,46,179,21.464427010364396,4.995314878858698,79.3,1000
MADDPG,46,180,20.108537840125205,4.76117647022589,82.8,1000
MADDPG,46,181,13.853767242501878,4.215757403142922,95.7,1000
MADDPG,46,182,13.277887697164937,4.145054158227275,94.89999999999999,1000
MADDPG,46,183,15.798727677029008,4.496013039158137,95.0,1000
MADDPG,46,184,19.690044873615065,4.156690120738531,82.6,1000
MADDPG,46,185,12.490674054245948,3.884860510626463,95.6,1000
MADDPG,46,186,18.571063426117856,4.179318099084028,86.4,1000
MADDPG,46,187,30.440564508964087,4.670974132021147,63.9,1000
MADDPG,46,188,17.242167965026624,3.880859804172387,88.8,1000
MADDPG,46,189,17.38466004514935,4.509547141637309,86.5,1000
MADDPG,46,190,18.789784976693443,6.548623394197974,93.4,1000
MADDPG,46,191,14.477287955598173,11.385298468774923,91.69169169169169,999
MADDPG,46,192,13.306686058359357,4.050674011031133,96.39999999999999,1000
MADDPG,46,193,19.517308136328737,4.0454801407726,83.1,1000
MADDPG,46,194,17.836255598517287,4.106743392750994,86.2,1000
MADDPG,46,195,15.50709308023552,4.267662749494138,93.5,1000
MADDPG,46,196,18.55924271125846,5.701941534616488,87.4,1000
MADDPG,46,197,17.507798042987357,3.8918164031638933,91.4,1000
MADDPG,46,198,30.33814301729273,4.407478807012711,61.0,1000
MADDPG,46,199,14.67102941347993,4.983320307180056,95.1,1000
MAPPO,42,0,15.687297056478556,4.0251483285468845,93.10000000000001,1000
MAPPO,42,1,16.429261022596076,4.489401955432136,93.7,1000
MAPPO,42,2,16.832969762355148,4.263583176376761,87.9,1000
MAPPO,42,3,22.992627269583462,5.178524308320933,82.39999999999999,1000
MAPPO,42,4,20.17507083202374,5.588546547946754,83.39999999999999,1000
MAPPO,42,5,16.59474701387699,4.259866950002558,90.3,1000
MAPPO,42,6,19.826735981601306,4.620898106393858,82.0,1000
MAPPO,42,7,13.440374757787897,4.16755364865859,95.89999999999999,1000
MAPPO,42,8,15.15116291139459,6.860214342414724,97.1,1000
MAPPO,42,9,16.765370766983647,10.093228544579224,93.89999999999999,1000
MAPPO,42,10,16.065687719100683,4.48872335652435,88.7,1000
MAPPO,42,11,13.445726459306272,4.105508864643449,94.69999999999999,1000
MAPPO,42,12,13.013033882398528,4.286471782261093,95.19999999999999,1000
MAPPO,42,13,12.503137284385982,4.239019098707052,97.1,1000
MAPPO,42,14,12.7671535636867,4.552048942713437,96.7,1000
MAPPO,42,15,13.089031766298953,4.2788265472756235,97.3,1000
MAPPO,42,16,15.107650869849445,4.066398186658639,92.7,1000
MAPPO,42,17,15.331731689320495,4.283162487887174,92.2,1000
MAPPO,42,18,13.571864938276544,4.489120857689924,97.2,1000
MAPPO,42,19,11.431140977758318,4.414510370753274,96.8,1000
MAPPO,42,20,16.415473084548548,4.13028894320569,93.0,1000
MAPPO,42,21,12.87192626860123,4.271319371310214,96.6,1000
MAPPO,42,22,13.070999657401256,4.323404704612788,96.8,1000
MAPPO,42,23,14.213917494873069,4.238834836011838,92.10000000000001,1000
MAPPO,42,24,19.758733161298107,5.136391776951125,86.1,1000
MAPPO,42,25,13.520053475253931,4.53279671422618,97.2,1000
MAPPO,42,26,20.810754173485893,5.2063585517573365,85.2,1000
MAPPO,42,27,12.40557674771162,4.401834456179971,96.1,1000
MAPPO,42,28,12.271943081493218,4.077245763604242,96.0,1000
MAPPO,42,29,13.255581491659468,5.167620219819323,96.2,1000
MAPPO,42,30,12.960611074673054,4.075917955426496,96.7,1000
MAPPO,42,31,12.121130362230558,4.236574120795208,98.1,1000
MAPPO,42,32,11.935365955876849,4.37054656607236,96.6,1000
MAPPO,42,33,16.13091899534402,4.318382661809578,91.9,1000
MAPPO,42,34,13.06720016187776,4.820478398568638,95.89999999999999,1000
MAPPO,42,35,13.553528356060532,4.314203769696517,94.19999999999999,1000
MAPPO,42,36,14.387909813876927,4.952774888384031,93.0,1000
MAPPO,42,37,15.94509030133294,4.432585548196313,91.8,1000
MAPPO,42,38,16.20652808115385,4.13892053486984,92.0,1000
MAPPO,42,39,13.1308570579233,4.2512665475555345,97.89999999999999,1000
MAPPO,42,40,14.873437265804275,4.1868097394506885,96.6,1000
MAPPO,42,41,16.396419046373623,8.682513117652286,97.1,1000
MAPPO,42,42,14.951286783757201,4.441276820718427,92.30000000000001,1000
MAPPO,42,43,16.74315098994112,4.220655488374198,89.60000000000001,1000
MAPPO,42,44,12.709468318791002,4.132628729874815,96.89999999999999,1000
MAPPO,42,45,16.164808975949146,4.93823921923446,89.60000000000001,1000
MAPPO,42,46,14.730676451333752,4.1273189547416695,94.1,1000
MAPPO,42,47,14.682527450797245,5.342248186012572,96.89999999999999,1000
MAPPO,42,48,14.415326009744357,8.072234610953668,96.89999999999999,1000
MAPPO,42,49,13.692887780207665,4.229027254935347,97.0,1000
MAPPO,42,50,13.01166486167586,4.280511567879816,96.89999999999999,1000
MAPPO,42,51,14.355425411112469,3.9721488672629746,96.2,1000
MAPPO,42,52,19.35164255030123,4.620107175457017,84.39999999999999,1000
MAPPO,42,53,13.155114503661386,4.2216607980362815,97.1,1000
MAPPO,42,54,13.609677360704609,4.811687791759912,95.7,1000
MAPPO,42,55,14.73714873857945,4.218029024225693,94.5,1000
MAPPO,42,56,14.025523261531136,5.175716402528129,95.19999999999999,1000
MAPPO,42,57,16.038333728563853,4.16198628162822,90.60000000000001,1000
MAPPO,42,58,12.775292513116321,4.1770076134888825,95.89999999999999,1000
MAPPO,42,59,21.592344181832388,5.918093504804524,86.6,1000
MAPPO,42,60,15.463545631495329,4.244714630468924,89.60000000000001,1000
MAPPO,42,61,14.784015800035883,5.328294552173961,94.69999999999999,1000
MAPPO,42,62,12.403452264783228,4.078009909403207,95.89999999999999,1000
MAPPO,42,63,14.45115130925119,4.2599449106689695,92.9,1000
MAPPO,42,64,12.789323589801425,4.234991954176512,97.6,1000
MAPPO,42,65,13.203657487483094,4.360720205470159,97.6,1000
MAPPO,42,66,14.430679153988077,4.351859352661981,93.60000000000001,1000
MAPPO,42,67,12.348621667229123,4.501978558391372,97.39999999999999,1000
MAPPO,42,68,16.65997248582828,4.2417333953342435,90.0,1000
MAPPO,42,69,17.15964171175098,5.153780829523892,91.5,1000
MAPPO,42,70,15.305732773920626,4.233746138169451,93.89999999999999,1000
MAPPO,42,71,12.660591503760422,4.41797109678883,97.5,1000
MAPPO,42,72,12.86275411145875,4.026237788166862,97.1,1000
MAPPO,42,73,12.356177873465352,4.2538899171886495,95.8,1000
MAPPO,42,74,12.46500880283046,4.57781551012223,97.3,1000
MAPPO,42,75,13.79609580461073,4.355105154233353,97.0,1000
MAPPO,42,76,13.751643128456793,4.041717972974059,97.1,1000
MAPPO,42,77,13.859498447059444,4.287669812628321,96.6,1000
MAPPO,42,78,13.452868412893372,5.248527837696574,97.3,1000
MAPPO,42,79,12.630355775034763,4.378703034560732,97.2,1000
MAPPO,42,80,14.191517205439375,4.139725802948091,96.7,1000
MAPPO,42,81,12.483617417000373,4.490720921781345,96.7,1000
MAPPO,42,82,12.658326172805104,4.250399736408266,97.6,1000
MAPPO,42,83,14.104161059471426,4.68014584007652,97.3,1000
MAPPO,42,84,12.13466634118994,4.295976327339307,95.5,1000
MAPPO,42,85,13.422409471854579,3.937055160711482,97.3,1000
MAPPO,42,86,15.924095255887362,5.564155486904218,96.1,1000
MAPPO,42,87,14.395279669277366,4.1818268909696235,95.7,1000
MAPPO,42,88,15.133604263149591,5.012382836455006,97.5,1000
MAPPO,42,89,12.425517559641827,4.243887203362369,96.8,1000
MAPPO,42,90,13.192845537816805,4.166002679132192,97.2,1000
MAPPO,42,91,13.845790020104763,4.3662161333056755,97.0,1000
MAPPO,42,92,14.139823977130684,11.45467753910995,96.1961961961962,999
MAPPO,42,93,12.44133113668001,4.205737787561778,96.39999999999999,1000
MAPPO,42,94,12.763268528888846,4.094544825718684,96.8,1000
MAPPO,42,95,12.679743099903863,4.076242164792188,96.39999999999999,1000
MAPPO,42,96,12.159318667811743,4.3145869903406115,97.3,1000
MAPPO,42,97,12.645909528560358,4.085519928439059,97.39999999999999,1000
MAPPO,42,98,13.288734951979928,4.252944003284042,96.39999999999999,1000
MAPPO,42,99,12.400055705791361,4.65438644885426,97.89999999999999,1000
MAPPO,42,100,13.707750341676725,4.573086516809764,96.89999999999999,1000
MAPPO,42,101,16.2371837362163,8.329484781190205,96.6,1000
MAPPO,42,102,12.577025674337943,4.265743058478688,96.2,1000
MAPPO,42,103,12.535240154745697,4.274027524278257,97.7,1000
MAPPO,42,104,13.027796568848443,4.370290971054433,97.1,1000
MAPPO,42,105,14.577744236216091,6.33215601197721,96.5,1000
MAPPO,42,106,13.312903522295095,5.399352421496595,97.3,1000
MAPPO,42,107,13.110836496164257,4.116845739538109,96.39999999999999,1000
MAPPO,42,108,12.742948614088744,4.329331225161528,96.1,1000
MAPPO,42,109,14.62816136675594,6.1853504669510615,96.39999999999999,1000
MAPPO,42,110,14.8035881597027,6.049537911419762,97.2,1000
MAPPO,42,111,13.258617132564948,4.309148427299819,96.6,1000
MAPPO,42,112,12.83494541558498,4.595351037177528,96.2,1000
MAPPO,42,113,19.970898590880612,4.295771450631347,83.7,1000
MAPPO,42,114,18.334254141154016,5.0992433157824495,86.3,1000
MAPPO,42,115,12.81660765743894,4.504292646558296,97.5,1000
MAPPO,42,116,13.186385545568616,4.616877142275029,97.1,1000
MAPPO,42,117,14.08983032511511,4.412432899730518,97.1,1000
MAPPO,42,118,13.298403417748126,11.421783627444546,97.09709709709709,999
MAPPO,42,119,12.700068549839449,4.22191925183427,97.1,1000
MAPPO,42,120,12.842429433377328,4.2713868878956225,96.7,1000
MAPPO,42,121,12.750861602327504,4.320920889056734,97.0,1000
MAPPO,42,122,12.994833786690043,4.0399894641090555,96.8,1000
MAPPO,42,123,13.367258502714765,4.037308854662616,96.5,1000
MAPPO,42,124,12.9338714099723,4.043319105138399,96.5,1000
MAPPO,42,125,12.127758460580147,4.038549710017322,96.3,1000
MAPPO,42,126,14.919131678082696,5.195004572668462,95.7,1000
MAPPO,42,127,13.805300580645012,4.21465087308539,96.8,1000
MAPPO,42,128,14.385949469294513,5.612098015248426,97.0,1000
MAPPO,42,129,15.967610901834782,4.281748356420576,89.3,1000
MAPPO,42,130,15.215606909683283,4.614271423540326,92.80000000000001,1000
MAPPO,42,131,13.331053679911056,4.086981274970518,96.3,1000
MAPPO,42,132,14.496487564709286,6.7360827999629125,97.6,1000
MAPPO,42,133,18.45907183406101,4.438323800968067,82.0,1000
MAPPO,42,134,12.597607198586157,4.384122305672311,97.89999999999999,1000
MAPPO,42,135,15.048106286204456,6.8245441746821,96.89999999999999,1000
MAPPO,42,136,14.273662157441306,4.628636194456354,96.89999999999999,1000
MAPPO,42,137,14.417903873678474,4.3331444499524,96.5,1000
MAPPO,42,138,13.067528162147125,4.346688819399948,97.2,1000
MAPPO,42,139,13.343609946199146,4.244240273229784,97.2,1000
MAPPO,42,140,12.741763112721689,4.149737344495583,96.8,1000
MAPPO,42,141,11.93844293721863,4.021364761081614,96.39999999999999,1000
MAPPO,42,142,14.93972125128904,5.433155542772808,96.8,1000
MAPPO,42,143,13.305632915307068,4.227407085846864,98.2,1000
MAPPO,42,144,12.924729659572888,4.087798966770751,96.5,1000
MAPPO,42,145,12.643151409952852,4.158222861941803,98.0,1000
MAPPO,42,146,15.857883115983292,4.14024033671416,94.3,1000
MAPPO,42,147,12.021962516149891,3.9959846676525888,97.1,1000
MAPPO,42,148,11.892171191283811,4.1937662934708255,96.3,1000
MAPPO,42,149,13.425569887973154,4.526666024358796,96.39999999999999,1000
MAPPO,42,150,12.695223135313709,4.304548518819445,97.39999999999999,1000
MAPPO,42,151,11.76912063748465,4.338032611242838,96.6,1000
MAPPO,42,152,14.19538820238768,4.7885831928327836,96.7,1000
MAPPO,42,153,13.520369663756595,4.160546274220085,97.6,1000
MAPPO,42,154,12.498228577501372,4.223795818969537,96.6,1000
MAPPO,42,155,15.18547193706247,7.801922759952663,96.3,1000
MAPPO,42,156,12.353633805800083,4.396299316634165,96.89999999999999,1000
MAPPO,42,157,12.499188422917786,4.556830666473074,96.5,1000
MAPPO,42,158,13.86862230914242,4.2125878553675316,96.8,1000
MAPPO,42,159,15.051077025562977,4.470804910607526,97.39999999999999,1000
MAPPO,42,160,14.609284796314519,4.618576432353059,96.8,1000
MAPPO,42,161,13.183476984883571,4.102676449770076,97.6,1000
MAPPO,42,162,12.423154861074597,4.4332212528909585,97.89999999999999,1000
MAPPO,42,163,12.81768935067415,4.2674140287238504,97.0,1000
MAPPO,42,164,20.638432539329145,4.271399127372072,83.5,1000
MAPPO,42,165,17.539788106770057,5.090272832592974,96.6,1000
MAPPO,42,166,12.317254794692388,4.095126422537105,96.1,1000
MAPPO,42,167,14.831369541773322,4.744297631771223,97.5,1000
MAPPO,42,168,15.814391769934806,8.534680050113927,97.6,1000
MAPPO,42,169,13.063723837532594,4.689829787454894,96.89999999999999,1000
MAPPO,42,170,11.869094719925476,4.144357837908842,96.8,1000
MAPPO,42,171,11.859862735331967,4.038719454807876,97.1,1000
MAPPO,42,172,15.461202909924046,5.919515706647208,96.0,1000
MAPPO,42,173,13.574212249482706,4.4352798703904375,96.6,1000
MAPPO,42,174,13.79563317706366,4.372382819347979,96.5,1000
MAPPO,42,175,12.81498324936841,4.099307151423942,95.5,1000
MAPPO,42,176,13.312983799494795,4.110226630156053,97.89999999999999,1000
MAPPO,42,177,12.521221719984576,4.05221617900203,96.7,1000
MAPPO,42,178,12.914782269631248,4.310364531354487,97.8,1000
MAPPO,42,179,12.872945258160042,4.423881613942752,97.8,1000
MAPPO,42,180,13.013363310648256,4.349759171199755,97.5,1000
MAPPO,42,181,12.10632690720724,4.285574593433956,97.8,1000
MAPPO,42,182,13.326235561724829,4.362369840633477,97.39999999999999,1000
MAPPO,42,183,14.037215131739414,5.726529970743411,95.89999999999999,1000
MAPPO,42,184,12.790334956545015,4.384718942921577,97.0,1000
MAPPO,42,185,14.482365962250572,4.206907109941125,92.10000000000001,1000
MAPPO,42,186,13.018452734294382,4.381129009630533,96.2,1000
MAPPO,42,187,13.92924002084211,5.377259475296563,96.0,1000
MAPPO,42,188,13.008195782835548,4.246376906248048,97.3,1000
MAPPO,42,189,14.515427555586138,7.837018308905677,96.39999999999999,1000
MAPPO,42,190,14.309875177682343,4.735907990526594,97.6,1000
MAPPO,42,191,12.941390335174253,4.228879642781798,96.5,1000
MAPPO,42,192,13.033390551589118,4.178368607501181,96.89999999999999,1000
MAPPO,42,193,12.362312341429565,4.20465680631079,95.8,1000
MAPPO,42,194,13.501905603611114,4.190756781742423,96.7,1000
MAPPO,42,195,12.732379914294686,4.172470182162434,97.7,1000
MAPPO,42,196,13.094678037391487,4.163703402730149,97.2,1000
MAPPO,42,197,14.514197798132857,5.71687702133464,96.0,1000
MAPPO,42,198,12.433303500939973,4.246775997498439,96.3,1000
MAPPO,42,199,11.87407245822238,4.2129960500756285,96.8,1000
MAPPO,43,0,19.366889329422342,4.175580913994749,86.4,1000
MAPPO,43,1,14.690011417468304,4.143499485002204,92.30000000000001,1000
MAPPO,43,2,17.473447551285748,4.461245364638234,89.3,1000
MAPPO,43,3,12.943058000528554,4.444497899224598,93.0,1000
MAPPO,43,4,12.317210942798955,3.981274567074462,97.0,1000
MAPPO,43,5,12.784944854614231,3.9694385571805664,96.0,1000
MAPPO,43,6,12.212006245462812,4.612691085959185,97.0,1000
MAPPO,43,7,12.362772987655706,4.01206568913853,96.7,1000
MAPPO,43,8,12.297111823853392,4.208486701566157,98.0,1000
MAPPO,43,9,12.030824657106066,3.991784875754441,97.1,1000
MAPPO,43,10,13.39340940093502,6.057061790468864,97.1,1000
MAPPO,43,11,12.952567178775134,4.078903096311702,97.0,1000
MAPPO,43,12,11.881611328923553,4.112033335478635,96.3,1000
MAPPO,43,13,14.245806029114103,4.138241763419939,97.1,1000
MAPPO,43,14,11.365660201661708,4.139527943981004,97.39999999999999,1000
MAPPO,43,15,14.498755217727743,4.311390715860629,96.39999999999999,1000
MAPPO,43,16,12.199035721947924,4.037207317024593,97.39999999999999,1000
MAPPO,43,17,11.907953935708349,4.623321738390866,96.2,1000
MAPPO,43,18,13.701618756394035,4.538885563022249,95.39999999999999,1000
MAPPO,43,19,11.0553470128854,4.022482402145961,97.39999999999999,1000
MAPPO,43,20,11.782655213431498,4.371041352172821,96.89999999999999,1000
MAPPO,43,21,13.051136879312951,3.969951836255586,97.7,1000
MAPPO,43,22,11.72690131241567,4.301013861026564,96.8,1000
MAPPO,43,23,11.432927206814309,4.356771827376613,97.39999999999999,1000
MAPPO,43,24,13.309909246858199,4.5048935377385595,97.39999999999999,1000
MAPPO,43,25,11.145225481337866,3.989522919999551,97.89999999999999,1000
MAPPO,43,26,12.38582456809852,4.091763964277109,97.39999999999999,1000
MAPPO,43,27,12.473234959746543,4.317783896339064,97.3,1000
MAPPO,43,28,12.23865695180772,4.11467035500672,97.39999999999999,1000
MAPPO,43,29,11.70528064282071,4.148164983164055,97.2,1000
MAPPO,43,30,23.678486285698472,11.165400331804369,83.38338338338338,999
MAPPO,43,31,12.79195059762831,4.166098275781691,96.1,1000
MAPPO,43,32,20.767341122335456,5.346716415491925,80.9,1000
MAPPO,43,33,11.432979135231857,4.247252592329077,97.8,1000
MAPPO,43,34,11.201242770307378,4.048215387094555,97.89999999999999,1000
MAPPO,43,35,11.21754833078467,4.343860103764206,97.3,1000
MAPPO,43,36,11.490801410152287,4.093012390841014,97.7,1000
MAPPO,43,37,13.366000028435344,4.280182185665816,97.3,1000
MAPPO,43,38,11.703791670710467,4.306678614584127,97.7,1000
MAPPO,43,39,13.317174032216615,4.442185716577534,97.5,1000
MAPPO,43,40,11.655243109121553,4.247464883674377,96.89999999999999,1000
MAPPO,43,41,12.165740472399982,4.293603165867818,97.39999999999999,1000
MAPPO,43,42,12.167491175565386,4.430442860450693,97.6,1000
MAPPO,43,43,12.33330546418445,4.2710003326565555,98.3,1000
MAPPO,43,44,11.29791668349477,4.289529589153698,97.6,1000
MAPPO,43,45,26.71797123722601,5.904711956881238,77.4,1000
MAPPO,43,46,10.721564011475204,4.149999021889614,98.1,1000
MAPPO,43,47,18.64920936445066,4.4533531323591395,84.3,1000
MAPPO,43,48,11.356657952278459,4.154090125247271,97.0,1000
MAPPO,43,49,11.727544290308018,4.133620257217292,98.4,1000
MAPPO,43,50,12.628427079727944,4.148404110080774,96.2,1000
MAPPO,43,51,15.677463080396283,4.6376367751318,92.30000000000001,1000
MAPPO,43,52,11.933687639466926,4.155425198422077,97.3,1000
MAPPO,43,53,11.801850938596008,3.9951325873660974,98.1,1000
MAPPO,43,54,13.365016073931882,6.98132982543447,97.8,1000
MAPPO,43,55,12.08311341296895,3.985876993894664,96.89999999999999,1000
MAPPO,43,56,11.531026442099709,4.183398354678777,97.6,1000
MAPPO,43,57,11.357969128888806,3.983084356079889,98.0,1000
MAPPO,43,58,11.754392561797278,4.3334651148097425,98.3,1000
MAPPO,43,59,11.266240372570973,4.013075968346933,98.1,1000
MAPPO,43,60,13.271259108431849,4.306545299274242,97.8,1000
MAPPO,43,61,10.742573524758166,4.060753588660917,96.3,1000
MAPPO,43,62,12.243932926182941,4.256527138976016,97.8,1000
MAPPO,43,63,11.306596345793759,4.241493837351846,97.6,1000
MAPPO,43,64,11.666534184883924,4.216102094618739,97.7,1000
MAPPO,43,65,26.056356005453644,5.760287282149087,76.9,1000
MAPPO,43,66,12.207466106992468,4.27472716100997,96.3,1000
MAPPO,43,67,11.484809191053001,4.0941851579040875,97.3,1000
MAPPO,43,68,14.211156047367218,4.0774971308139225,96.1,1000
MAPPO,43,69,15.508544685510676,4.436425902929496,93.30000000000001,1000
MAPPO,43,70,11.631097572569688,4.268081274946716,96.0,1000
MAPPO,43,71,11.705447922187581,4.280879797257574,97.7,1000
MAPPO,43,72,12.462848647669496,3.992216139643091,96.8,1000
MAPPO,43,73,11.940339201139363,3.9383444796713576,96.7,1000
MAPPO,43,74,12.092174540573781,5.624302735100646,97.5,1000
MAPPO,43,75,16.17686427749066,5.449174830210718,94.0,1000
MAPPO,43,76,11.686757040185656,4.00299819552732,97.7,1000
MAPPO,43,77,20.530324309176905,4.800879782641351,85.3,1000
MAPPO,43,78,12.443498924443324,4.221560772416834,97.6,1000
MAPPO,43,79,14.168825037883918,8.089204144383825,96.6,1000
MAPPO,43,80,12.614683262839845,4.388986219652091,98.0,1000
MAPPO,43,81,11.637759614804391,4.185725193787811,97.3,1000
MAPPO,43,82,11.984118873052466,4.21696545550578,96.6,1000
MAPPO,43,83,12.46239591617601,5.724213603623857,97.1,1000
MAPPO,43,84,28.64083182995507,8.984120740386711,74.0,1000
MAPPO,43,85,14.190256608058414,5.346455608590859,96.0,1000
MAPPO,43,86,11.97515136683964,4.185494775715362,98.3,1000
MAPPO,43,87,11.90653729923905,4.593214977894458,97.7,1000
MAPPO,43,88,11.495032979482264,4.180975932068006,97.39999999999999,1000
MAPPO,43,89,11.689125892657714,4.086605303774564,97.39999999999999,1000
MAPPO,43,90,22.918323305807018,4.365828561103925,83.0,1000
MAPPO,43,91,14.674499568398915,4.322605684534597,95.39999999999999,1000
MAPPO,43,92,11.397272389793615,4.278363884347781,97.2,1000
MAPPO,43,93,12.659737687817174,3.940376109759908,97.6,1000
MAPPO,43,94,10.790760961072069,4.224550004359859,97.8,1000
MAPPO,43,95,12.537643485525274,4.025445759214048,97.5,1000
MAPPO,43,96,13.95922910184585,5.161554157681885,97.89999999999999,1000
MAPPO,43,97,13.204991962543248,4.362264571998904,97.6,1000
MAPPO,43,98,13.603889829186627,4.002582887602412,97.2,1000
MAPPO,43,99,13.897532315301628,5.730856385412142,97.3,1000
MAPPO,43,100,11.954371987795852,4.120626625347658,97.2,1000
MAPPO,43,101,12.233219309027332,4.0769950880212935,97.89999999999999,1000
MAPPO,43,102,13.641943252042024,4.071277307221494,96.1,1000
MAPPO,43,103,15.001510753783776,9.541837383148213,97.7,1000
MAPPO,43,104,11.84392588308471,4.315755594906136,97.5,1000
MAPPO,43,105,11.088890095773662,4.021102011522503,98.0,1000
MAPPO,43,106,12.137729277639945,4.55121625041773,97.1,1000
MAPPO,43,107,11.725664754202684,4.360997080116971,97.6,1000
MAPPO,43,108,11.700552007425614,4.117552595129736,96.89999999999999,1000
MAPPO,43,109,12.637119392809392,4.150619140412639,97.39999999999999,1000
MAPPO,43,110,11.859147656872548,4.173850735763963,98.0,1000
MAPPO,43,111,12.107610476644433,4.443897086562485,97.5,1000
MAPPO,43,112,11.692387706087741,4.330698719344471,97.2,1000
MAPPO,43,113,15.15260854839997,4.669504876943008,92.9,1000
MAPPO,43,114,13.020806296252127,4.627348901731758,97.39999999999999,1000
MAPPO,43,115,12.808683841783727,4.187403381108679,97.3,1000
MAPPO,43,116,12.4264142151637,4.5055602294939225,97.2,1000
MAPPO,43,117,13.439425252403215,3.9566043516338705,97.6,1000
MAPPO,43,118,12.302403136782072,4.037199088932557,97.39999999999999,1000
MAPPO,43,119,12.140197640083471,4.069020647143352,97.2,1000
MAPPO,43,120,11.565845920425811,4.275172910865537,98.1,1000
MAPPO,43,121,11.862580246071706,4.231251903010812,97.8,1000
MAPPO,43,122,14.632162621065955,5.468731886309264,96.7,1000
MAPPO,43,123,11.38089379954136,4.287732162445907,98.0,1000
MAPPO,43,124,11.678123785170166,4.063772764970605,97.6,1000
MAPPO,43,125,12.246380613504748,4.099956290249366,97.0,1000
MAPPO,43,126,13.435603719128283,4.424963339414528,97.3,1000
MAPPO,43,127,11.66156758316146,4.061416789932638,97.39999999999999,1000
MAPPO,43,128,13.663676140570704,4.113326121113927,96.8,1000
MAPPO,43,129,13.085956225057084,4.931887951177661,97.6,1000
MAPPO,43,130,11.865844626178445,4.025227041627142,96.6,1000
MAPPO,43,131,12.588351672450942,4.262647794921036,97.6,1000
MAPPO,43,132,12.659517153073713,4.3521992038876265,97.0,1000
MAPPO,43,133,15.621688489390573,4.5233650084671355,91.2,1000
MAPPO,43,134,12.417244531739291,4.20216892998353,97.89999999999999,1000
MAPPO,43,135,13.032074633519146,3.928292614302183,97.7,1000
MAPPO,43,136,12.620118755225446,5.012449045371704,97.3,1000
MAPPO,43,137,13.196573718461343,5.665285414005142,97.6,1000
MAPPO,43,138,19.101900969611783,7.9515845613638065,92.7,1000
MAPPO,43,139,11.708743572321662,4.1984437037192155,97.3,1000
MAPPO,43,140,12.107075505635494,4.199841745458659,97.0,1000
MAPPO,43,141,12.150128192625182,4.937510533699137,97.6,1000
MAPPO,43,142,13.463732689803576,4.062449123661829,96.6,1000
MAPPO,43,143,12.252471205275517,4.125147039195301,97.5,1000
MAPPO,43,144,13.034481137312984,3.9222094414258803,98.2,1000
MAPPO,43,145,11.954305176599926,4.206355520620835,98.0,1000
MAPPO,43,146,17.948295525639747,5.134882017099601,89.0,1000
MAPPO,43,147,15.027813386127239,4.167984839986297,91.9,1000
MAPPO,43,148,11.990141520580545,4.058477775487036,97.7,1000
MAPPO,43,149,13.268376135085948,11.399828923405105,96.69669669669669,999
MAPPO,43,150,12.093843820715133,4.211111987101687,96.7,1000
MAPPO,43,151,16.243249073764513,5.157019145595571,89.7,1000
MAPPO,43,152,17.11203887431726,9.03843354271926,97.1,1000
MAPPO,43,153,11.791138966796892,4.280736451284938,97.2,1000
MAPPO,43,154,13.80483185443705,4.153029493355326,96.7,1000
MAPPO,43,155,12.52382722374626,4.118063518102274,97.3,1000
MAPPO,43,156,14.149525324982235,4.26569888966455,94.69999999999999,1000
MAPPO,43,157,12.266615079766261,4.011075603580688,97.0,1000
MAPPO,43,158,11.686730429130451,4.192544361025533,97.8,1000
MAPPO,43,159,18.914241991803657,4.585652245769952,85.2,1000
MAPPO,43,160,11.66388851004808,3.8529661075617017,98.0,1000
MAPPO,43,161,23.513140086401382,6.439451917093868,87.1,1000
MAPPO,43,162,11.707923209718825,4.194003033360219,97.3,1000
MAPPO,43,163,11.657252767256846,4.1035801880933525,97.2,1000
MAPPO,43,164,11.779707450519826,3.9941922733886774,96.39999999999999,1000
MAPPO,43,165,16.35464069219251,4.417779546566532,88.9,1000
MAPPO,43,166,13.598009927631738,4.045277277542525,96.3,1000
MAPPO,43,167,11.228872928704757,4.081376139351863,96.5,1000
MAPPO,43,168,14.78958016820121,6.122472309488453,97.89999999999999,1000
MAPPO,43,169,11.76850777301675,4.349774961993193,98.1,1000
MAPPO,43,170,11.497079619668082,4.148841560592269,97.0,1000
MAPPO,43,171,20.16459868271123,4.378792009717773,83.2,1000
MAPPO,43,172,11.950188637085471,4.2783962803029,97.1,1000
MAPPO,43,173,12.493429166431655,3.9235978555254922,98.4,1000
MAPPO,43,174,18.87207075127495,4.340177809645095,89.5,1000
MAPPO,43,175,12.297258929240668,4.259281186411115,97.3,1000
MAPPO,43,176,12.21463185005702,4.392197020663991,96.89999999999999,1000
MAPPO,43,177,13.358385203853908,4.531438288026805,95.7,1000
MAPPO,43,178,13.904587382944902,7.294290620747441,98.1,1000
MAPPO,43,179,11.952925868760733,4.093272302304199,97.1,1000
MAPPO,43,180,11.175564652218199,3.963377319564507,97.39999999999999,1000
MAPPO,43,181,11.692193063141822,4.1188879981459,98.3,1000
MAPPO,43,182,15.371636430599521,9.299355689008515,97.1,1000
MAPPO,43,183,14.803995885525516,4.868859114582149,94.5,1000
MAPPO,43,184,12.685817860503821,4.184183645777593,97.8,1000
MAPPO,43,185,12.689354809492961,4.196534184092057,96.6,1000
MAPPO,43,186,11.787393305309095,4.164636227707991,97.89999999999999,1000
MAPPO,43,187,24.602009720569622,5.969858031264158,76.1,1000
MAPPO,43,188,12.177204499819705,4.948878416248533,97.7,1000
MAPPO,43,189,12.104820564993688,4.1139550269500775,97.1,1000
MAPPO,43,190,11.686257151898307,4.05224429992181,96.6,1000
MAPPO,43,191,17.048467185136317,7.73636281583158,95.8,1000
MAPPO,43,192,13.473390920802697,5.671589744748392,97.1,1000
MAPPO,43,193,12.211235490631312,4.853333307116592,97.0,1000
MAPPO,43,194,11.239892241310798,4.902408024078616,97.5,1000
MAPPO,43,195,13.878545282763817,4.987640774071506,97.3,1000
MAPPO,43,196,11.911993913013129,4.257839754162342,97.39999999999999,1000
MAPPO,43,197,13.083482199863054,4.1165064546979675,97.8,1000
MAPPO,43,198,11.579482538159223,4.6210247439781265,97.7,1000
MAPPO,43,199,25.84938581349188,5.394939857559775,79.80000000000001,1000
MAPPO,44,0,19.57609613532683,5.2191515635101275,90.5,1000
MAPPO,44,1,18.801901398252564,4.052531609372591,87.6,1000
MAPPO,44,2,23.788394678030023,6.305700978021693,81.10000000000001,1000
MAPPO,44,3,15.94344700050124,6.525508716785035,97.0,1000
MAPPO,44,4,16.588296838867397,4.330383311572165,92.0,1000
MAPPO,44,5,13.898472502365339,4.999050278968841,95.7,1000
MAPPO,44,6,17.95059891634438,11.585278163427928,84.98498498498499,999
MAPPO,44,7,12.37180401626054,4.354977149160065,97.0,1000
MAPPO,44,8,19.7758886503094,4.549282933211634,86.9,1000
MAPPO,44,9,16.156841774491415,4.097689915814352,93.10000000000001,1000
MAPPO,44,10,18.968220890147443,4.227347872686805,85.7,1000
MAPPO,44,11,19.990474553121658,4.874726736582644,84.0,1000
MAPPO,44,12,14.294534223594445,4.1721402502716005,93.8,1000
MAPPO,44,13,14.863762808867097,4.783939844025384,95.39999999999999,1000
MAPPO,44,14,17.02792161727946,4.064589459970578,91.10000000000001,1000
MAPPO,44,15,19.115736234283016,6.930562724097838,89.0,1000
MAPPO,44,16,14.931550756452276,11.587780099084837,94.994994994995,999
MAPPO,44,17,16.261158661294584,4.213981332467631,88.5,1000
MAPPO,44,18,15.704816706686392,4.253346916429196,95.0,1000
MAPPO,44,19,12.635188569494343,4.344255596172697,95.89999999999999,1000
MAPPO,44,20,15.316922143110478,4.2280684753634565,89.8,1000
MAPPO,44,21,17.180439993766417,8.713699704134882,92.9,1000
MAPPO,44,22,15.970291631955986,4.145711996185509,87.2,1000
MAPPO,44,23,13.650245113084459,5.152147589194967,96.39999999999999,1000
MAPPO,44,24,11.74723555087397,4.220941140818099,97.1,1000
MAPPO,44,25,13.650098974865116,4.1939712926049255,94.69999999999999,1000
MAPPO,44,26,16.34677163469598,6.356781184527263,92.5,1000
MAPPO,44,27,15.310051214303785,4.013231154010793,91.5,1000
MAPPO,44,28,16.064244034130834,4.643508766027976,90.2,1000
MAPPO,44,29,11.648948905120177,4.457308756862385,96.6,1000
MAPPO,44,30,14.550238445880229,4.091112205356472,91.0,1000
MAPPO,44,31,14.344959859064634,3.9687676920919666,92.2,1000
MAPPO,44,32,12.043937499520077,4.243119629797616,97.7,1000
MAPPO,44,33,15.695698522459752,4.413677095525697,92.10000000000001,1000
MAPPO,44,34,13.07779922391447,4.243850656002824,95.89999999999999,1000
MAPPO,44,35,14.072638604591688,4.440012020436889,94.5,1000
MAPPO,44,36,12.621124694007058,4.404186734594519,97.1,1000
MAPPO,44,37,15.619055120680251,4.8193160821738825,90.0,1000
MAPPO,44,38,16.18875577832947,5.090961025200958,93.10000000000001,1000
MAPPO,44,39,13.17721579317302,4.224434447637824,95.7,1000
MAPPO,44,40,15.94341334925582,11.624849562120668,88.38838838838838,999
MAPPO,44,41,12.992457124379483,4.082872336743966,96.89999999999999,1000
MAPPO,44,42,12.985997671935525,4.4171923835201605,97.6,1000
MAPPO,44,43,13.89759726325412,5.563305752868054,97.39999999999999,1000
MAPPO,44,44,12.393704569962203,4.265571138364179,97.8,1000
MAPPO,44,45,12.966041642018823,4.32704541463853,97.2,1000
MAPPO,44,46,12.628324290207386,4.1633450734284665,97.2,1000
MAPPO,44,47,12.535529267452123,4.073003532293084,97.5,1000
MAPPO,44,48,13.32909251471467,4.5960640128082435,96.6,1000
MAPPO,44,49,13.059031567279376,3.975134036057693,96.39999999999999,1000
MAPPO,44,50,11.374717351038544,4.321481288970404,97.5,1000
MAPPO,44,51,14.667510927764264,4.724909998013401,96.0,1000
MAPPO,44,52,11.587799214023766,4.18784651393969,96.5,1000
MAPPO,44,53,11.263216529356331,4.225869851436644,96.39999999999999,1000
MAPPO,44,54,12.19125505303371,4.12913019541953,96.1,1000
MAPPO,44,55,12.527809145882625,3.966465575320612,96.39999999999999,1000
MAPPO,44,56,13.056500557040714,4.335069319961288,97.6,1000
MAPPO,44,57,14.186796195594171,5.710282043571666,97.5,1000
MAPPO,44,58,12.73724114868995,4.268062087456074,97.5,1000
MAPPO,44,59,12.913812786884893,4.128735605448403,96.5,1000
MAPPO,44,60,12.569179480075734,4.473807326384308,96.7,1000
MAPPO,44,61,13.557627478418539,4.173359104615745,97.0,1000
MAPPO,44,62,11.673263376548498,4.341860700060328,97.5,1000
MAPPO,44,63,12.373373814113492,4.191424438135878,96.8,1000
MAPPO,44,64,11.870384982945762,4.093929871677263,97.0,1000
MAPPO,44,65,13.959478602193597,4.352524672721984,96.89999999999999,1000
MAPPO,44,66,11.938488477323142,4.170292034622027,98.1,1000
MAPPO,44,67,12.256428121864408,4.184413962355549,97.0,1000
MAPPO,44,68,12.523844587446925,4.0768703222390625,97.2,1000
MAPPO,44,69,12.359763742677426,4.056966250151178,97.5,1000
MAPPO,44,70,18.79160957852526,4.359285182852305,85.8,1000
MAPPO,44,71,12.531882983649911,4.227336667565699,97.5,1000
MAPPO,44,72,13.700961070484437,4.296681600180514,96.6,1000
MAPPO,44,73,13.486404085875577,4.217710744668443,96.3,1000
MAPPO,44,74,12.427473155913987,3.8147904364583196,97.5,1000
MAPPO,44,75,16.53064365641443,4.3096746808045285,91.4,1000
MAPPO,44,76,12.616043794652771,4.285652290990893,95.19999999999999,1000
MAPPO,44,77,15.980918074635062,6.963550562520628,96.8,1000
MAPPO,44,78,15.522126492077348,4.223622133096536,93.8,1000
MAPPO,44,79,18.372814395989394,7.021856061030774,92.80000000000001,1000
MAPPO,44,80,12.338367304594907,4.3363194016802415,97.39999999999999,1000
MAPPO,44,81,14.383876585592606,6.248890871831651,96.6,1000
MAPPO,44,82,13.873092122566243,4.947258987046501,97.8,1000
MAPPO,44,83,12.727102357149315,4.091215609410974,97.1,1000
MAPPO,44,84,12.54950710295603,4.458600845019347,97.0,1000
MAPPO,44,85,12.502242563765478,4.194681111104318,97.0,1000
MAPPO,44,86,16.89793135674966,4.560873018721222,89.9,1000
MAPPO,44,87,12.528878257447232,4.262776154282882,96.8,1000
MAPPO,44,88,11.806599278010589,4.263566396722113,97.0,1000
MAPPO,44,89,13.489723671947152,5.198754421852909,97.3,1000
MAPPO,44,90,14.815874342492046,4.188412482443575,96.39999999999999,1000
MAPPO,44,91,11.805225793166741,4.217369597523941,97.0,1000
MAPPO,44,92,12.513907980332553,4.348022572468673,95.7,1000
MAPPO,44,93,13.764531529777633,5.0362028152117375,97.39999999999999,1000
MAPPO,44,94,11.430696859607824,4.045602068363376,96.8,1000
MAPPO,44,95,12.76717511618616,4.1583608258067475,97.5,1000
MAPPO,44,96,11.61210974834579,4.22922077077394,96.5,1000
MAPPO,44,97,12.209431279179038,4.282389602027886,97.3,1000
MAPPO,44,98,12.886556300899974,4.172799806390964,97.5,1000
MAPPO,44,99,11.216832554998733,3.9834559617781937,97.3,1000
MAPPO,44,100,13.326915903307516,4.07068180113213,96.6,1000
MAPPO,44,101,11.796211924247816,3.9773477948329132,96.2,1000
MAPPO,44,102,12.887592657605303,4.6701504274640495,97.89999999999999,1000
MAPPO,44,103,12.246848634758695,4.56153015135732,98.3,1000
MAPPO,44,104,12.326823817416832,4.176097358369401,96.8,1000
MAPPO,44,105,12.24722307261418,4.016910784137646,97.7,1000
MAPPO,44,106,12.06427899797163,4.233003898163205,97.0,1000
MAPPO,44,107,12.603299858737593,4.214369720345768,97.89999999999999,1000
MAPPO,44,108,14.727050303301812,5.584876656277557,96.0,1000
MAPPO,44,109,12.738878808337981,4.408346989481563,97.39999999999999,1000
MAPPO,44,110,13.542942833070915,4.697781220017824,97.3,1000
MAPPO,44,111,12.719965834645027,5.051284671853513,97.2,1000
MAPPO,44,112,12.881309880186993,4.24722174376346,95.6,1000
MAPPO,44,113,12.415626908310529,4.3333964015556745,97.7,1000
MAPPO,44,114,12.5450421342051,4.0645968299386155,97.39999999999999,1000
MAPPO,44,115,12.81194559510623,4.194707164843009,98.5,1000
MAPPO,44,116,13.649795688942602,4.332444816301059,96.2,1000
MAPPO,44,117,12.998043250032,5.685592602659348,97.5,1000
MAPPO,44,118,15.838601603834714,10.389657999429721,96.6,1000
MAPPO,44,119,19.48620441699976,4.44613686623841,85.9,1000
MAPPO,44,120,11.16338139526167,4.077626216703506,96.89999999999999,1000
MAPPO,44,121,15.052831308815973,4.293265476148027,97.3,1000
MAPPO,44,122,12.646691520096086,4.477210827451158,96.8,1000
MAPPO,44,123,13.26394217816543,4.245735940453044,97.2,1000
MAPPO,44,124,12.660762772529662,4.722475382675033,97.5,1000
MAPPO,44,125,11.74430823125361,4.2694244840515205,97.89999999999999,1000
MAPPO,44,126,14.38295626607417,11.6743105814558,92.1921921921922,999
MAPPO,44,127,12.586778543150391,4.613086728973491,96.89999999999999,1000
MAPPO,44,128,12.990392834718659,4.780806412099755,97.6,1000
MAPPO,44,129,12.266612161256212,4.149882329605459,97.2,1000
MAPPO,44,130,12.317299128372895,4.3129130243409985,96.8,1000
MAPPO,44,131,15.226527377439444,7.876274684204452,96.7,1000
MAPPO,44,132,13.981670563924206,4.292125584912137,96.39999999999999,1000
MAPPO,44,133,13.36271543052352,4.359061172930046,96.89999999999999,1000
MAPPO,44,134,14.169415944453544,4.039876269833173,95.19999999999999,1000
MAPPO,44,135,14.335497431701118,6.2850920345642844,96.3,1000
MAPPO,44,136,13.394246328827533,3.9139521943062254,96.6,1000
MAPPO,44,137,13.102484024200697,4.152412595241797,96.7,1000
MAPPO,44,138,13.292925483010166,4.731252336207699,97.6,1000
MAPPO,44,139,12.283728081431315,4.48789920713943,98.2,1000
MAPPO,44,140,12.613280377164168,4.207639703918195,97.2,1000
MAPPO,44,141,13.341542485082345,4.590911720984878,97.5,1000
MAPPO,44,142,13.056365128846897,3.985089036271163,98.2,1000
MAPPO,44,143,14.022856232904159,4.354156593182691,97.5,1000
MAPPO,44,144,12.40476410733223,4.203518496578517,96.2,1000
MAPPO,44,145,15.605040629902138,7.449387953717606,97.1,1000
MAPPO,44,146,12.940334300360611,3.981868330642118,96.6,1000
MAPPO,44,147,12.11802955328758,4.487183777546091,97.3,1000
MAPPO,44,148,13.468723726718348,4.457767304916845,97.0,1000
MAPPO,44,149,14.50167708678908,4.120915445670085,97.0,1000
MAPPO,44,150,13.445225476712267,4.22011303761377,97.0,1000
MAPPO,44,151,12.826289552966813,4.412955191050135,96.0,1000
MAPPO,44,152,13.260729700192547,4.32868611393004,96.8,1000
MAPPO,44,153,12.738889538280896,4.192288986145482,97.0,1000
MAPPO,44,154,11.698798833746899,11.404780148987628,96.29629629629629,999
MAPPO,44,155,13.532123259381242,4.877656017023063,96.1,1000
MAPPO,44,156,14.365639152709056,4.165349697727299,96.0,1000
MAPPO,44,157,13.513290207835709,4.134611375387121,97.7,1000
MAPPO,44,158,13.160642816881095,4.115430762240182,97.1,1000
MAPPO,44,159,12.16778815637884,4.40927113806415,97.3,1000
MAPPO,44,160,12.444189943341785,4.168998456989415,97.8,1000
MAPPO,44,161,13.054352720750774,4.31651292342199,96.7,1000
MAPPO,44,162,14.148803798415033,4.992215324821007,97.7,1000
MAPPO,44,163,13.22009950458087,4.053968669734048,96.89999999999999,1000
MAPPO,44,164,11.676580707186666,4.138285940459807,96.8,1000
MAPPO,44,165,14.324179788872677,4.1978892729871955,95.39999999999999,1000
MAPPO,44,166,13.185060515357538,4.209295003542018,95.39999999999999,1000
MAPPO,44,167,14.738800692621659,4.578180357507851,97.6,1000
MAPPO,44,168,13.281424132689606,4.034766055791496,98.0,1000
MAPPO,44,169,12.003766035974138,4.260877952151632,97.89999999999999,1000
MAPPO,44,170,14.237721252671397,4.937183204032344,97.1,1000
MAPPO,44,171,12.948640041488051,4.19025611990379,97.1,1000
MAPPO,44,172,13.649828281162959,11.504408753885683,97.997997997998,999
MAPPO,44,173,11.53079526070045,4.135668794860642,95.6,1000
MAPPO,44,174,13.10865478665369,4.5702953534545925,97.3,1000
MAPPO,44,175,12.416828614781746,4.252817200657327,98.0,1000
MAPPO,44,176,15.183123003470017,4.380459973858884,93.2,1000
MAPPO,44,177,12.444937662908101,4.390321563577399,96.1,1000
MAPPO,44,178,17.705249529908556,4.020087353438363,85.8,1000
MAPPO,44,179,12.111101501244024,4.079382595680878,97.1,1000
MAPPO,44,180,13.128217097408516,4.9619345986634,97.3,1000
MAPPO,44,181,13.296758136861056,4.17526513562819,98.1,1000
MAPPO,44,182,13.454377602073048,4.39302756626485,96.5,1000
MAPPO,44,183,12.978332467597117,4.313310081544264,97.7,1000
MAPPO,44,184,14.6425847993668,6.222359233462355,97.5,1000
MAPPO,44,185,12.221272797818544,4.118628695605605,96.39999999999999,1000
MAPPO,44,186,12.949518882565997,11.416159400293425,96.29629629629629,999
MAPPO,44,187,12.339431990884117,4.222491151349286,97.7,1000
MAPPO,44,188,12.618984252098308,4.254351896997879,96.89999999999999,1000
MAPPO,44,189,15.45450154598331,7.19380349225079,97.8,1000
MAPPO,44,190,12.028139423977404,3.914954650110976,97.7,1000
MAPPO,44,191,11.738818996800045,4.28170769794712,97.5,1000
MAPPO,44,192,12.410792127955563,4.2699513029294165,96.3,1000
MAPPO,44,193,12.28166144445294,4.2922276708663665,96.39999999999999,1000
MAPPO,44,194,12.897977332324164,4.121962172404547,97.2,1000
MAPPO,44,195,12.465926953450404,4.232689353774065,97.0,1000
MAPPO,44,196,12.762215226157252,4.277452167761864,96.7,1000
MAPPO,44,197,13.343122437302798,4.407621244590915,96.89999999999999,1000
MAPPO,44,198,14.329606109733994,4.475609861533053,96.2,1000
MAPPO,44,199,13.018848114514393,4.014722616070682,97.0,1000
MAPPO,45,0,17.695805617984725,4.178678806981049,88.1,1000
MAPPO,45,1,17.85750752988254,4.375992042726072,93.89999999999999,1000
MAPPO,45,2,17.63379885114437,4.7519860937178695,93.30000000000001,1000
MAPPO,45,3,26.07153909167917,6.2770941268306855,76.5,1000
MAPPO,45,4,22.003028861016393,4.272056302901242,83.0,1000
MAPPO,45,5,12.939020720494348,4.371378733643347,94.69999999999999,1000
MAPPO,45,6,15.513948869764567,5.0737339910969315,95.6,1000
MAPPO,45,7,17.98703492864585,7.257364529504984,90.8,1000
MAPPO,45,8,14.846364162148548,4.640577247467638,96.39999999999999,1000
MAPPO,45,9,12.787082061215795,4.394718534583591,93.60000000000001,1000
MAPPO,45,10,13.473460745656732,4.637085043170215,97.1,1000
MAPPO,45,11,11.771425429070918,4.158209277412359,98.4,1000
MAPPO,45,12,11.92023867739939,4.136211933290859,96.1,1000
MAPPO,45,13,13.645504745582818,4.362356562194281,97.6,1000
MAPPO,45,14,12.398169379853938,4.128687085291289,97.3,1000
MAPPO,45,15,11.879021378071823,4.060360044562128,97.6,1000
MAPPO,45,16,11.960588008826946,4.053715663638554,97.5,1000
MAPPO,45,17,14.773977937187121,4.422938213542285,93.30000000000001,1000
MAPPO,45,18,12.545965179055449,4.132606515243549,97.2,1000
MAPPO,45,19,12.6379086476136,4.355746511698055,95.89999999999999,1000
MAPPO,45,20,14.509856571106141,3.9923472276510896,92.30000000000001,1000
MAPPO,45,21,11.993310049463531,4.6012565379104915,96.0,1000
MAPPO,45,22,13.690714961597557,4.451739305943991,93.0,1000
MAPPO,45,23,21.859498121582057,4.482034483814645,79.3,1000
MAPPO,45,24,12.968602909500477,6.8692962551663905,97.0,1000
MAPPO,45,25,15.883130675827047,4.984815643466005,92.10000000000001,1000
MAPPO,45,26,11.680350242535042,4.157657888550476,98.0,1000
MAPPO,45,27,13.691074786029676,4.768070911767628,97.5,1000
MAPPO,45,28,13.097138562098117,4.15071999164048,97.3,1000
MAPPO,45,29,12.644414945400314,4.161484144523955,97.5,1000
MAPPO,45,30,11.346371678510783,4.405059832231173,97.39999999999999,1000
MAPPO,45,31,11.963065068977969,4.39666787103888,97.39999999999999,1000
MAPPO,45,32,11.665311946082738,4.343157671015465,98.7,1000
MAPPO,45,33,11.587952074313398,4.290409897480865,97.6,1000
MAPPO,45,34,13.934682910603406,4.1587953447980635,97.2,1000
MAPPO,45,35,12.57932004691878,4.2398856049823515,97.5,1000
MAPPO,45,36,11.673584282157051,4.4064129325371,97.3,1000
MAPPO,45,37,12.165785080265733,4.97454319939425,97.6,1000
MAPPO,45,38,11.42727671477657,4.630302369600733,97.1,1000
MAPPO,45,39,12.771891138271602,4.810606196021221,96.8,1000
MAPPO,45,40,12.042714852879739,4.166712335885702,97.5,1000
MAPPO,45,41,12.90149548492612,4.228184654318702,98.1,1000
MAPPO,45,42,12.812196670826685,4.182993937321099,97.39999999999999,1000
MAPPO,45,43,18.965316580618804,5.15611106601678,90.0,1000
MAPPO,45,44,11.146807746063743,4.268363303440773,97.2,1000
MAPPO,45,45,12.222597096433661,5.195677149659858,97.6,1000
MAPPO,45,46,12.17411662388612,4.449143407233939,98.3,1000
MAPPO,45,47,14.760209565998881,9.855693706906397,97.6,1000
MAPPO,45,48,12.236684106499673,4.278273131998877,97.8,1000
MAPPO,45,49,12.286539747943108,4.348338482369243,96.8,1000
MAPPO,45,50,21.451146629517403,4.636677543242177,77.7,1000
MAPPO,45,51,13.695589423315266,4.038466590239105,98.0,1000
MAPPO,45,52,12.860932904218672,4.147594119001541,97.2,1000
MAPPO,45,53,12.247194654499122,4.677416325978319,97.3,1000
MAPPO,45,54,15.205584398306394,9.082774749746473,96.7,1000
MAPPO,45,55,11.384683405592897,4.122547241137945,98.5,1000
MAPPO,45,56,15.996133892403712,9.510419276819546,97.39999999999999,1000
MAPPO,45,57,12.66413350510736,4.330577694534386,97.39999999999999,1000
MAPPO,45,58,17.248595607499826,4.281246139409302,86.4,1000
MAPPO,45,59,12.282298642625213,4.730102968123241,97.3,1000
MAPPO,45,60,11.744188486015965,4.392521624757861,97.2,1000
MAPPO,45,61,13.300007150165627,4.156606426408955,95.8,1000
MAPPO,45,62,12.454884053205225,4.199407574892828,98.3,1000
MAPPO,45,63,11.848884988048399,4.296953032503645,97.39999999999999,1000
MAPPO,45,64,11.803292563714908,4.174569957511673,98.3,1000
MAPPO,45,65,11.248005077563972,4.05474804009712,97.8,1000
MAPPO,45,66,14.957239173338602,4.622843803774898,96.6,1000
MAPPO,45,67,18.73190446064473,4.381723480302754,84.3,1000
MAPPO,45,68,11.087121184001829,4.147191996446308,97.1,1000
MAPPO,45,69,23.779618015637393,7.047962628341697,82.5,1000
MAPPO,45,70,13.710153101019422,5.2424872494669055,97.7,1000
MAPPO,45,71,12.362697907207455,4.0660155529912885,97.5,1000
MAPPO,45,72,12.788928327318692,4.569848217056389,96.7,1000
MAPPO,45,73,11.856739583265961,4.293381097647139,97.1,1000
MAPPO,45,74,13.34396171620339,4.592545782957071,97.1,1000
MAPPO,45,75,12.08588081848448,4.144629605336101,97.2,1000
MAPPO,45,76,12.035620584302208,4.0302621193698736,97.0,1000
MAPPO,45,77,23.34806291839464,4.573802578482618,76.3,1000
MAPPO,45,78,16.714102636876255,4.234390236969058,91.0,1000
MAPPO,45,79,11.159474581438523,4.514382843973891,97.3,1000
MAPPO,45,80,12.617035631394636,4.2554026651066215,97.2,1000
MAPPO,45,81,12.019361976723598,4.294972340662294,97.89999999999999,1000
MAPPO,45,82,12.78873963445854,4.119754231058046,97.8,1000
MAPPO,45,83,12.054726686270298,4.30350180228965,97.5,1000
MAPPO,45,84,12.15979956854365,4.913720963180785,96.89999999999999,1000
MAPPO,45,85,11.0147009557385,4.384934527312542,98.2,1000
MAPPO,45,86,20.39277167329689,4.645163566514288,85.9,1000
MAPPO,45,87,11.427840304311436,4.252363502151942,98.2,1000
MAPPO,45,88,15.282008400116549,6.440756811549738,94.19999999999999,1000
MAPPO,45,89,12.04644721978496,3.995555015381705,97.7,1000
MAPPO,45,90,12.093017560056197,4.619039592473352,97.6,1000
MAPPO,45,91,13.653641668243726,7.167302727223666,97.8,1000
MAPPO,45,92,13.083165256849053,4.982140711434188,96.7,1000
MAPPO,45,93,13.353570114087525,5.449821162425575,96.3,1000
MAPPO,45,94,12.90916602944658,4.625924196159889,96.3,1000
MAPPO,45,95,11.771108467351917,4.134726692301958,97.5,1000
MAPPO,45,96,13.103518500058525,4.5486346871961505,95.6,1000
MAPPO,45,97,11.70001950806393,4.156811029019506,96.1,1000
MAPPO,45,98,12.284826478327018,4.214424939066913,97.39999999999999,1000
MAPPO,45,99,11.795936639295094,4.262897837679004,96.89999999999999,1000
MAPPO,45,100,11.501740734406901,4.252921318028136,98.1,1000
MAPPO,45,101,16.28987027138204,4.461437437947878,87.2,1000
MAPPO,45,102,18.61098122879904,6.141630423150383,88.1,1000
MAPPO,45,103,14.095736829853177,4.59648432355906,94.1,1000
MAPPO,45,104,11.248556515159533,4.261850036929642,97.0,1000
MAPPO,45,105,11.090417641961434,4.199500431807267,97.8,1000
MAPPO,45,106,12.424792425204531,4.410020073984665,97.3,1000
MAPPO,45,107,11.412982236083,4.333291424002186,97.89999999999999,1000
MAPPO,45,108,12.332969263392457,4.1673939211491415,97.7,1000
MAPPO,45,109,11.74404469329834,4.120494540258958,97.6,1000
MAPPO,45,110,12.75573519124359,4.198803817387042,96.3,1000
MAPPO,45,111,14.094438986047141,6.005964286440616,96.39999999999999,1000
MAPPO,45,112,14.15654426246752,4.348363992325709,96.2,1000
MAPPO,45,113,12.813493844150324,4.537180068052189,96.89999999999999,1000
MAPPO,45,114,12.80479652995336,4.410543775015848,96.39999999999999,1000
MAPPO,45,115,14.222399821195626,11.65432267386424,95.995995995996,999
MAPPO,45,116,11.918916470664891,11.597181543789459,96.3963963963964,999
MAPPO,45,117,23.57103832493909,4.809201469665122,79.10000000000001,1000
MAPPO,45,118,11.700942499430756,3.9371547972840624,97.3,1000
MAPPO,45,119,11.963105751574881,4.264325382834701,97.7,1000
MAPPO,45,120,11.542635580249597,4.372062136447256,97.8,1000
MAPPO,45,121,13.863025535227676,6.217459962268445,97.1,1000
MAPPO,45,122,12.08828192249417,4.39048830678747,97.39999999999999,1000
MAPPO,45,123,22.783467079075198,5.03680034284109,85.1,1000
MAPPO,45,124,15.13449806595828,4.384727351980518,94.5,1000
MAPPO,45,125,12.001992014389387,4.842082578329363,97.1,1000
MAPPO,45,126,11.741456271590826,4.893319379225504,97.2,1000
MAPPO,45,127,12.644533858085772,4.116225280486967,97.5,1000
MAPPO,45,128,12.625305300674562,4.0857603401255025,97.89999999999999,1000
MAPPO,45,129,11.977327245313539,4.413874388944418,98.2,1000
MAPPO,45,130,12.051200128633402,4.241694241055979,97.8,1000
MAPPO,45,131,15.055152686269658,4.006617005275402,93.5,1000
MAPPO,45,132,18.096479102573667,4.451653500000144,92.5,1000
MAPPO,45,133,12.504426761641207,4.314635507117193,97.0,1000
MAPPO,45,134,19.243149000775034,5.6877789982905025,84.8,1000
MAPPO,45,135,12.20790145728636,4.342573587040599,97.3,1000
MAPPO,45,136,12.201526018911183,4.236211076978082,97.2,1000
MAPPO,45,137,13.36224595547028,4.183182960716721,96.7,1000
MAPPO,45,138,12.872020224074276,4.251026765774567,98.3,1000
MAPPO,45,139,11.944487593316666,4.39061886947577,97.3,1000
MAPPO,45,140,12.245248953943234,4.421106491431369,96.89999999999999,1000
MAPPO,45,141,11.071588550252352,4.276077380139911,97.5,1000
MAPPO,45,142,12.599565600213756,11.81959928206812,97.4974974974975,999
MAPPO,45,143,11.533383427802713,4.619597198009507,97.89999999999999,1000
MAPPO,45,144,14.28413806696813,4.502938020529994,94.1,1000
MAPPO,45,145,25.795649691410123,6.867979731227799,81.3,1000
MAPPO,45,146,13.203760423664196,4.467934258444771,98.1,1000
MAPPO,45,147,11.60254606206239,4.039812848048353,97.39999999999999,1000
MAPPO,45,148,13.789974850709942,7.963695331157131,97.39999999999999,1000
MAPPO,45,149,11.605227481640522,4.788914058869172,98.0,1000
MAPPO,45,150,11.549078742595254,4.508501008994036,97.6,1000
MAPPO,45,151,13.657053628044391,4.301346620903475,98.3,1000
MAPPO,45,152,12.569214101542043,4.342512690780508,97.7,1000
MAPPO,45,153,12.679961582122212,4.3414365264113135,97.0,1000
MAPPO,45,154,11.85629293760166,4.089232089596578,97.39999999999999,1000
MAPPO,45,155,12.103201690278159,4.127687628675131,96.5,1000
MAPPO,45,156,12.23980425991284,4.103417680513834,97.3,1000
MAPPO,45,157,11.431504747358442,4.100812324624654,97.2,1000
MAPPO,45,158,19.31899590265553,4.758725120849164,80.4,1000
MAPPO,45,159,12.860859862314221,4.591497834071276,96.8,1000
MAPPO,45,160,23.514774523615298,6.217736618989868,82.0,1000
MAPPO,45,161,15.745013587351192,9.125250430863732,96.7,1000
MAPPO,45,162,17.385641219985402,4.888281394741177,92.4,1000
MAPPO,45,163,12.400113477452038,4.326047822879448,97.7,1000
MAPPO,45,164,11.899289921756354,4.155862601155574,97.8,1000
MAPPO,45,165,13.277410464678946,4.616516955435413,96.89999999999999,1000
MAPPO,45,166,11.815125781917093,4.507478999326085,97.39999999999999,1000
MAPPO,45,167,12.057722351945777,4.123803838745838,96.8,1000
MAPPO,45,168,12.327922627493074,4.1733476500255335,97.8,1000
MAPPO,45,169,13.546733048436458,4.589339474789409,97.5,1000
MAPPO,45,170,11.839558851517122,4.339711596965135,96.7,1000
MAPPO,45,171,12.095038671701875,4.221574740948047,97.39999999999999,1000
MAPPO,45,172,14.383509964605699,5.2205046653929434,97.0,1000
MAPPO,45,173,15.013550785692594,4.379265885646536,90.60000000000001,1000
MAPPO,45,174,11.059231595640755,4.4897083725683,97.1,1000
MAPPO,45,175,18.713292389187735,4.1974960650797435,87.7,1000
MAPPO,45,176,12.443677231658572,4.14162320299242,97.5,1000
MAPPO,45,177,11.715089725929024,4.314527902929535,97.8,1000
MAPPO,45,178,13.491966476846619,6.73959923710307,98.1,1000
MAPPO,45,179,11.662553030241712,11.62461985791447,97.4974974974975,999
MAPPO,45,180,11.59675369404507,4.232134302951605,96.39999999999999,1000
MAPPO,45,181,12.709820390997521,4.360646312966951,97.7,1000
MAPPO,45,182,11.636765255497433,4.2332002889561045,96.8,1000
MAPPO,45,183,13.227300849195329,4.225143101249121,97.5,1000
MAPPO,45,184,11.697491963182959,4.186140833973627,97.39999999999999,1000
MAPPO,45,185,19.933449548235938,8.065174379635755,89.7,1000
MAPPO,45,186,12.64178834687874,4.6694032500565426,97.0,1000
MAPPO,45,187,12.146252563804094,4.13903761469186,97.1,1000
MAPPO,45,188,12.622061295105459,4.487202016173504,97.8,1000
MAPPO,45,189,17.17169785238259,4.940852762814215,88.1,1000
MAPPO,45,190,11.958956637381108,4.478580514084569,97.2,1000
MAPPO,45,191,13.869347414005675,4.565809220269347,96.5,1000
MAPPO,45,192,12.647819757814373,5.543613087888524,97.8,1000
MAPPO,45,193,13.243989481298344,4.190435728110819,96.7,1000
MAPPO,45,194,11.513091451126904,4.999563315701603,97.39999999999999,1000
MAPPO,45,195,13.469649317245544,4.841958887031063,97.2,1000
MAPPO,45,196,15.151388932563355,5.232929697563213,95.8,1000
MAPPO,45,197,11.634822917246499,4.30911005124296,95.7,1000
MAPPO,45,198,13.149029804419914,5.049861166873495,97.3,1000
MAPPO,45,199,13.783408718228493,4.247421587950657,96.89999999999999,1000
MAPPO,46,0,19.782895756854977,4.92709051922019,80.7,1000
MAPPO,46,1,23.53440498004227,6.732333005397043,82.1,1000
MAPPO,46,2,16.37863408791136,4.045685599579227,93.2,1000
MAPPO,46,3,14.311804433765332,3.978505649771328,96.3,1000
MAPPO,46,4,13.704999162432639,4.328502758723639,95.7,1000
MAPPO,46,5,15.726994733766496,4.880506406701898,94.1,1000
MAPPO,46,6,20.812523101937682,4.668699196756398,81.6,1000
MAPPO,46,7,14.15516275186185,11.45182290906613,95.7957957957958,999
MAPPO,46,8,14.306208939164483,4.278349246870858,96.3,1000
MAPPO,46,9,17.07992640839474,4.231533429581423,89.2,1000
MAPPO,46,10,15.387615333127586,4.129003355848741,92.4,1000
MAPPO,46,11,20.426183371136133,5.280585899773611,86.3,1000
MAPPO,46,12,15.965211744581305,5.023061543026314,91.10000000000001,1000
MAPPO,46,13,15.924095099973394,4.35085915569027,90.7,1000
MAPPO,46,14,12.448999152445257,4.601166554529602,95.3,1000
MAPPO,46,15,11.520422756304688,4.0708237733326795,97.2,1000
MAPPO,46,16,15.022150291694205,4.45473340925251,96.1,1000
MAPPO,46,17,13.754491009786378,4.034466194590635,94.89999999999999,1000
MAPPO,46,18,13.771138915233516,4.510015534023238,97.2,1000
MAPPO,46,19,16.218767283982054,4.299774345298286,90.4,1000
MAPPO,46,20,12.706707889194725,4.157355173108646,96.7,1000
MAPPO,46,21,14.240543773567628,4.456164775167983,96.5,1000
MAPPO,46,22,14.97582646087344,5.817124438435681,94.89999999999999,1000
MAPPO,46,23,16.572248392947714,4.571060340222117,93.0,1000
MAPPO,46,24,12.65583118253616,4.353969504876066,97.1,1000
MAPPO,46,25,12.681232379491219,3.9723172952738497,97.7,1000
MAPPO,46,26,16.4295015520738,7.494176721002151,97.6,1000
MAPPO,46,27,13.43462876307495,4.6662835607156765,97.6,1000
MAPPO,46,28,14.74403710395094,5.685777945932333,97.39999999999999,1000
MAPPO,46,29,12.342800635788768,4.265088383763199,97.2,1000
MAPPO,46,30,12.863924353463476,3.9695454481501278,96.1,1000
MAPPO,46,31,16.90030889821073,4.257672265360191,86.9,1000
MAPPO,46,32,15.762430962303279,7.608145422879824,94.89999999999999,1000
MAPPO,46,33,13.403954214126511,4.756404237655242,96.2,1000
MAPPO,46,34,12.066523088806196,4.224241517227482,97.1,1000
MAPPO,46,35,13.357002704712531,4.27136146576678,96.2,1000
MAPPO,46,36,13.598398086632715,4.675905350097515,93.7,1000
MAPPO,46,37,12.835640262474922,4.20479018817912,96.5,1000
MAPPO,46,38,12.892734913209965,4.058557285964757,97.1,1000
MAPPO,46,39,13.597673311018962,4.057135353876671,97.5,1000
MAPPO,46,40,11.907702809945631,3.929932272279296,97.39999999999999,1000
MAPPO,46,41,12.868598039484215,4.168522843229811,98.0,1000
MAPPO,46,42,12.498259630269487,4.0738150390144865,97.0,1000
MAPPO,46,43,12.86482602364188,4.097522130678438,97.39999999999999,1000
MAPPO,46,44,12.701909182006766,4.0570265979782505,96.5,1000
MAPPO,46,45,14.190341238381867,4.100983717322166,95.3,1000
MAPPO,46,46,22.145512409248205,4.19359538000061,83.2,1000
MAPPO,46,47,12.943769607063723,3.9739608556038934,96.8,1000
MAPPO,46,48,17.003941768264596,4.1468050806865,90.9,1000
MAPPO,46,49,26.384909375726462,4.355785600413616,76.2,1000
MAPPO,46,50,20.8170728515274,4.154908777046534,81.39999999999999,1000
MAPPO,46,51,16.912721899121685,5.629681596545883,89.1,1000
MAPPO,46,52,17.940506930586384,7.376759734080665,93.10000000000001,1000
MAPPO,46,53,18.207207989336005,5.236454011316703,88.5,1000
MAPPO,46,54,14.199197526875404,4.207455678861605,96.89999999999999,1000
MAPPO,46,55,14.870424849683339,4.626405095336115,95.0,1000
MAPPO,46,56,12.59724255161999,4.307922288810727,97.1,1000
MAPPO,46,57,17.2811809895161,4.066337210006031,87.0,1000
MAPPO,46,58,12.758483444985563,4.135655788802011,96.2,1000
MAPPO,46,59,14.585916934352124,3.907388445628932,91.10000000000001,1000
MAPPO,46,60,12.858199176670503,4.128106131881576,97.3,1000
MAPPO,46,61,19.37680022068898,9.272840846408627,95.8,1000
MAPPO,46,62,12.308650842759288,4.045911075113071,95.89999999999999,1000
MAPPO,46,63,11.607851825821749,4.121567687607726,97.5,1000
MAPPO,46,64,11.782213322473341,4.127473778958659,96.1,1000
MAPPO,46,65,15.078716501181546,4.192708162981177,92.2,1000
MAPPO,46,66,17.71929266395961,6.708959422651609,92.80000000000001,1000
MAPPO,46,67,12.984763744221112,4.610955341042633,97.0,1000
MAPPO,46,68,12.823167097944488,4.25788632698503,97.7,1000
MAPPO,46,69,13.045170227321472,4.12647431297453,97.39999999999999,1000
MAPPO,46,70,13.577671408422708,5.760443712064063,96.8,1000
MAPPO,46,71,13.690751729151083,4.240631004060574,94.1,1000
MAPPO,46,72,14.8201490857243,4.212121149265937,97.1,1000
MAPPO,46,73,12.857366240001568,4.671198547325937,97.0,1000
MAPPO,46,74,18.790403434507212,7.2402885612000825,93.8,1000
MAPPO,46,75,12.314260021981077,3.867632202290559,97.3,1000
MAPPO,46,76,13.867224730560231,5.517041922136418,97.7,1000
MAPPO,46,77,20.80651469855995,6.1219284874737525,85.7,1000
MAPPO,46,78,15.800333837788287,4.414492370252792,95.5,1000
MAPPO,46,79,15.325673739962454,4.325019880018997,96.3,1000
MAPPO,46,80,19.046647098594033,4.229448302387627,82.89999999999999,1000
MAPPO,46,81,18.767910214949563,4.711937189960287,84.2,1000
MAPPO,46,82,13.076832067004187,4.091109136291074,94.39999999999999,1000
MAPPO,46,83,13.210382121851973,4.489622820809268,95.7,1000
MAPPO,46,84,13.235206117212607,4.611954263945418,97.7,1000
MAPPO,46,85,11.872373722145749,4.028645046942351,95.89999999999999,1000
MAPPO,46,86,15.689021968503562,5.249355865614279,92.80000000000001,1000
MAPPO,46,87,15.542625580197107,6.584270090830113,96.6,1000
MAPPO,46,88,13.895572340893363,4.859008637162187,94.6,1000
MAPPO,46,89,13.936109022568917,4.280857520836452,93.10000000000001,1000
MAPPO,46,90,13.445870046919927,4.3059087618098255,97.0,1000
MAPPO,46,91,14.360248278804107,4.522733984468954,97.7,1000
MAPPO,46,92,13.253355187486315,4.254068000712763,95.7,1000
MAPPO,46,93,11.659860318591901,4.178342652619779,96.8,1000
MAPPO,46,94,17.991234798719237,4.17048380763914,87.0,1000
MAPPO,46,95,13.465355229793518,4.08658137733334,96.2,1000
MAPPO,46,96,20.81551500619934,4.4424450888692775,83.89999999999999,1000
MAPPO,46,97,13.47013141806529,11.400440516312292,96.8968968968969,999
MAPPO,46,98,13.420328938675677,4.008564507451393,97.1,1000
MAPPO,46,99,19.16545530656581,4.254106508804307,85.1,1000
MAPPO,46,100,12.660339686421365,4.427802074513344,97.0,1000
MAPPO,46,101,13.89912395616263,4.702833688379094,94.6,1000
MAPPO,46,102,13.407029959888856,4.026242155511722,94.89999999999999,1000
MAPPO,46,103,11.559691487902226,3.9086429676077987,97.0,1000
MAPPO,46,104,15.954605695976014,4.34537816760413,92.9,1000
MAPPO,46,105,22.528322975826057,5.164965961650003,81.0,1000
MAPPO,46,106,12.623000205948495,4.181461726030715,97.0,1000
MAPPO,46,107,12.701662515185582,3.999101435464659,95.7,1000
MAPPO,46,108,16.04878544140157,6.785861344905258,95.8,1000
MAPPO,46,109,11.597235570323493,3.9305350554060032,96.8,1000
MAPPO,46,110,12.165317838977806,4.3360286194701425,97.1,1000
MAPPO,46,111,12.53661723302364,4.123310690227307,97.6,1000
MAPPO,46,112,12.891789338371579,4.282912156935667,97.8,1000
MAPPO,46,113,18.038052832728102,9.246654422949522,95.8,1000
MAPPO,46,114,18.15302648046723,5.157313697976588,93.10000000000001,1000
MAPPO,46,115,13.192723393347856,4.201864199470046,96.6,1000
MAPPO,46,116,13.820014875017637,4.155285611654122,95.5,1000
MAPPO,46,117,16.396050569671733,5.952349157551523,93.89999999999999,1000
MAPPO,46,118,17.50119038472646,6.903745390681889,96.0,1000
MAPPO,46,119,13.610199403427647,4.400274861671361,96.89999999999999,1000
MAPPO,46,120,16.148928123068977,4.461126903791037,89.2,1000
MAPPO,46,121,13.319647037007716,4.6337404103352196,96.7,1000
MAPPO,46,122,13.681177237999215,4.205399305609158,96.89999999999999,1000
MAPPO,46,123,13.200175509364152,4.124127841388758,97.3,1000
MAPPO,46,124,13.7154722799161,6.425684597704832,96.89999999999999,1000
MAPPO,46,125,12.16882935553217,4.303086223811032,96.39999999999999,1000
MAPPO,46,126,22.285556478979164,6.055032584594766,83.8,1000
MAPPO,46,127,12.922698209974063,3.934982104330419,96.89999999999999,1000
MAPPO,46,128,16.6905136761212,5.20679160928082,92.7,1000
MAPPO,46,129,13.790468991195118,4.497713539656975,95.6,1000
MAPPO,46,130,12.309763148886281,4.175229182318653,96.7,1000
MAPPO,46,131,22.624927298340683,4.812919093156357,77.2,1000
MAPPO,46,132,20.315830233793175,4.470164432165184,86.6,1000
MAPPO,46,133,12.886217453989952,4.136879983027235,96.8,1000
MAPPO,46,134,12.360182161305982,3.9275686508843695,97.3,1000
MAPPO,46,135,12.345260915207305,4.33188964789175,97.7,1000
MAPPO,46,136,19.29740290677344,5.906411448792554,88.9,1000
MAPPO,46,137,12.833682025538222,4.0838038432562955,95.7,1000
MAPPO,46,138,13.853579490122927,4.1155716396389055,97.7,1000
MAPPO,46,139,12.081920993813279,4.371896872718564,97.1,1000
MAPPO,46,140,18.43036115716637,4.212982629128209,86.1,1000
MAPPO,46,141,13.771887905471806,4.293855576245292,95.89999999999999,1000
MAPPO,46,142,16.155687593995722,4.04996761415156,91.3,1000
MAPPO,46,143,26.293475055915305,6.010834531979356,71.2,1000
MAPPO,46,144,14.09878913464873,4.400999131973191,96.89999999999999,1000
MAPPO,46,145,13.980253247082693,4.272970690842068,97.39999999999999,1000
MAPPO,46,146,12.755008831734974,4.14880989171659,97.0,1000
MAPPO,46,147,16.278611648411573,4.321319048033706,90.8,1000
MAPPO,46,148,13.373950808387722,4.288871264329981,96.5,1000
MAPPO,46,149,15.150722543856197,5.315952078779276,95.1,1000
MAPPO,46,150,11.71560139480158,4.210632910242535,96.39999999999999,1000
MAPPO,46,151,11.878723015390616,3.977226907448377,96.6,1000
MAPPO,46,152,19.88484792960737,11.149420685319583,83.08308308308308,999
MAPPO,46,153,15.968107142671629,3.9825444130714662,95.3,1000
MAPPO,46,154,13.460118322450409,4.2261962749495074,96.7,1000
MAPPO,46,155,11.97017153786031,4.039591895437147,97.39999999999999,1000
MAPPO,46,156,13.883981708401965,4.028880305311301,97.1,1000
MAPPO,46,157,16.68923464535168,4.627866084244419,90.7,1000
MAPPO,46,158,21.434498161856116,4.9084029272672565,84.5,1000
MAPPO,46,159,12.601516147063187,4.074242039492314,97.7,1000
MAPPO,46,160,12.598917793605985,4.294417949214075,97.39999999999999,1000
MAPPO,46,161,22.86299557203525,4.802305710194949,84.0,1000
MAPPO,46,162,15.790150921052815,4.959577503339273,92.7,1000
MAPPO,46,163,15.899953802954553,4.3904610175159196,96.89999999999999,1000
MAPPO,46,164,23.352821271268926,6.040587129888373,85.3,1000
MAPPO,46,165,25.629879475766884,4.518980016369425,75.7,1000
MAPPO,46,166,14.146804767440216,11.332239697314769,96.996996996997,999
MAPPO,46,167,13.491458986060122,3.934638662664749,96.0,1000
MAPPO,46,168,13.445373599177291,4.354295584565416,97.1,1000
MAPPO,46,169,13.125949070843854,4.243832864033106,98.3,1000
MAPPO,46,170,12.904792657910294,4.246408477885706,98.2,1000
MAPPO,46,171,14.557725633545541,4.8647708524968545,96.39999999999999,1000
MAPPO,46,172,13.292784942802777,4.15966045370256,95.6,1000
MAPPO,46,173,13.250856268953173,4.240380859205323,95.8,1000
MAPPO,46,174,13.19836906740711,4.342865568671955,95.89999999999999,1000
MAPPO,46,175,12.47139732878045,4.628371006766233,97.1,1000
MAPPO,46,176,11.990505462220076,3.997833129441061,96.89999999999999,1000
MAPPO,46,177,12.780266381224603,4.087622844812423,97.2,1000
MAPPO,46,178,20.50247180329793,4.390692894934238,84.39999999999999,1000
MAPPO,46,179,13.359427010364396,4.82737617835785,96.89999999999999,1000
MAPPO,46,180,14.628537840125206,4.433486439873623,93.7,1000
MAPPO,46,181,29.98376724250188,6.959559899890399,72.8,1000
MAPPO,46,182,12.407887697164936,4.127567356641106,97.3,1000
MAPPO,46,183,12.948727677029009,4.501506697734974,97.8,1000
MAPPO,46,184,13.985044873615065,4.138512444954209,95.8,1000
MAPPO,46,185,15.260674054245948,5.198069757684007,91.4,1000
MAPPO,46,186,13.566063426117857,4.1530396544290715,94.8,1000
MAPPO,46,187,12.985564508964083,4.062891401241889,97.39999999999999,1000
MAPPO,46,188,12.302167965026621,3.8730412159311176,96.6,1000
MAPPO,46,189,13.114660045149348,4.923836527031146,96.1,1000
MAPPO,46,190,16.799784976693445,4.198048226906672,92.60000000000001,1000
MAPPO,46,191,13.410776433962743,6.4052581361697865,97.0,1000
MAPPO,46,192,12.881686058359357,4.03003989044927,96.7,1000
MAPPO,46,193,12.747308136328739,4.024907127047376,97.0,1000
MAPPO,46,194,12.686255598517286,4.079265799338636,97.0,1000
MAPPO,46,195,13.13709308023552,4.25904251253775,97.3,1000
MAPPO,46,196,26.50424271125846,9.7555406907861,82.6,1000
MAPPO,46,197,13.177798042987359,3.8599032835895586,97.6,1000
MAPPO,46,198,12.463143017292726,4.094677018914249,97.6,1000
MAPPO,46,199,13.73602941347993,4.945062006660668,97.1,1000
DRL-MADRL,42,0,11.657297056478553,4.009657889422704,98.1,1000
DRL-MADRL,42,1,11.639261022596077,4.435044054154344,97.8,1000
DRL-MADRL,42,2,11.047969762355148,4.240103602898338,97.0,1000
DRL-MADRL,42,3,11.587627269583463,4.202047115104337,97.5,1000
DRL-MADRL,42,4,11.68007083202374,4.2056427783442265,96.39999999999999,1000
DRL-MADRL,42,5,11.744747013876989,4.214144179860509,97.2,1000
DRL-MADRL,42,6,11.306735981601307,4.506504874120694,97.7,1000
DRL-MADRL,42,7,12.260374757787897,4.148607168049432,96.8,1000
DRL-MADRL,42,8,13.011162911394589,5.000064192207455,97.39999999999999,1000
DRL-MADRL,42,9,12.790370766983647,7.3576867598505435,97.1,1000
DRL-MADRL,42,10,11.535687719100684,4.425722765535958,97.2,1000
DRL-MADRL,42,11,11.53572645930627,4.090251935014441,97.39999999999999,1000
DRL-MADRL,42,12,11.53803388239853,4.251809951729244,97.5,1000
DRL-MADRL,42,13,11.433137284385982,4.211559821057121,97.6,1000
DRL-MADRL,42,14,11.657153563686702,4.516016176666691,97.3,1000
DRL-MADRL,42,15,11.899031766298952,4.261606287174638,97.7,1000
DRL-MADRL,42,16,11.737650869849446,3.9867413240617626,98.1,1000
DRL-MADRL,42,17,11.856731689320496,4.2565602811216205,97.2,1000
DRL-MADRL,42,18,12.821864938276544,4.472980185046052,97.5,1000
DRL-MADRL,42,19,10.766140977758317,4.401238694654908,97.3,1000
DRL-MADRL,42,20,11.880473084548544,3.9968281354882453,97.89999999999999,1000
DRL-MADRL,42,21,11.82192626860123,4.2563971744341496,97.5,1000
DRL-MADRL,42,22,11.960999657401254,4.301140207445386,97.5,1000
DRL-MADRL,42,23,11.333917494873068,4.159188438885116,97.2,1000
DRL-MADRL,42,24,11.723733161298107,3.996023270220018,97.2,1000
DRL-MADRL,42,25,12.655053475253931,4.529568422608745,97.89999999999999,1000
DRL-MADRL,42,26,12.07575417348589,4.387249464355768,98.6,1000
DRL-MADRL,42,27,11.23557674771162,4.353932310459518,96.6,1000
DRL-MADRL,42,28,10.946943081493218,4.056615201211936,96.8,1000
DRL-MADRL,42,29,12.435581491659468,5.152556752513165,96.6,1000
DRL-MADRL,42,30,11.650611074673055,4.039301504474568,98.0,1000
DRL-MADRL,42,31,11.536130362230557,4.2218908596213325,98.1,1000
DRL-MADRL,42,32,11.255365955876849,4.34692248978699,97.3,1000
DRL-MADRL,42,33,11.800918995344018,4.1032289907493,97.89999999999999,1000
DRL-MADRL,42,34,11.162200161877761,4.4753737877951165,97.8,1000
DRL-MADRL,42,35,11.183528356060533,4.289658339584079,97.7,1000
DRL-MADRL,42,36,11.202909813876929,4.36175898492368,98.5,1000
DRL-MADRL,42,37,12.270090301332939,4.09323332778895,97.0,1000
DRL-MADRL,42,38,11.366528081153847,4.035398769760576,98.6,1000
DRL-MADRL,42,39,11.6708570579233,4.227899415256158,98.7,1000
DRL-MADRL,42,40,13.153437265804278,4.103688018230485,97.5,1000
DRL-MADRL,42,41,15.211419046373623,8.509316061480524,97.8,1000
DRL-MADRL,42,42,11.6312867837572,4.173303450356332,98.3,1000
DRL-MADRL,42,43,11.69815098994112,4.179106914770087,98.3,1000
DRL-MADRL,42,44,11.454468318791001,4.104285493761072,97.5,1000
DRL-MADRL,42,45,11.439808975949148,4.3801512536622695,97.39999999999999,1000
DRL-MADRL,42,46,11.570676451333751,4.108033429609695,97.2,1000
DRL-MADRL,42,47,13.137527450797243,5.245176842047749,97.3,1000
DRL-MADRL,42,48,13.290326009744357,7.359647432586573,97.1,1000
DRL-MADRL,42,49,12.892887780207662,4.212329135440678,97.3,1000
DRL-MADRL,42,50,11.611664861675859,4.242047294973642,97.8,1000
DRL-MADRL,42,51,12.405425411112468,3.9559271368112428,97.7,1000
DRL-MADRL,42,52,10.991642550301227,4.09513147034795,98.4,1000
DRL-MADRL,42,53,12.290114503661385,4.205310519181541,97.6,1000
DRL-MADRL,42,54,11.559677360704608,4.274114343705337,97.0,1000
DRL-MADRL,42,55,12.15714873857945,4.186679030846108,97.7,1000
DRL-MADRL,42,56,11.410523261531138,4.654374211744157,97.6,1000
DRL-MADRL,42,57,11.648333728563856,4.120826648742376,98.2,1000
DRL-MADRL,42,58,11.68029251311632,4.129153351238198,97.2,1000
DRL-MADRL,42,59,12.207344181832388,4.512061259117577,97.89999999999999,1000
DRL-MADRL,42,60,11.903545631495327,4.203008592699324,97.8,1000
DRL-MADRL,42,61,12.004015800035884,4.644981613535482,97.39999999999999,1000
DRL-MADRL,42,62,11.473452264783226,4.063972365448335,96.3,1000
DRL-MADRL,42,63,11.511151309251188,4.239509584522549,98.0,1000
DRL-MADRL,42,64,11.589323589801424,4.202947138573821,98.0,1000
DRL-MADRL,42,65,11.798657487483093,4.299395576210075,98.0,1000
DRL-MADRL,42,66,11.47567915398808,4.324886340313746,98.0,1000
DRL-MADRL,42,67,11.618621667229123,4.454038491490964,97.7,1000
DRL-MADRL,42,68,11.91997248582828,4.169329830799507,98.2,1000
DRL-MADRL,42,69,12.174641711750978,4.252706394880435,98.1,1000
DRL-MADRL,42,70,12.630732773920627,4.203041536509699,97.89999999999999,1000
DRL-MADRL,42,71,11.735591503760425,4.379693924248899,98.0,1000
DRL-MADRL,42,72,11.137754111458753,3.984233963279317,97.7,1000
DRL-MADRL,42,73,11.126177873465352,4.235020146907286,97.39999999999999,1000
DRL-MADRL,42,74,11.310008802830462,4.485701436978639,97.6,1000
DRL-MADRL,42,75,12.49109580461073,4.323762429836455,97.5,1000
DRL-MADRL,42,76,11.856643128456794,3.9959044658242493,98.1,1000
DRL-MADRL,42,77,11.764498447059443,4.2103930632643385,97.89999999999999,1000
DRL-MADRL,42,78,12.232868412893371,5.068501152164986,97.6,1000
DRL-MADRL,42,79,11.450355775034762,4.349579059657434,97.6,1000
DRL-MADRL,42,80,12.601517205439377,4.102004584293148,97.6,1000
DRL-MADRL,42,81,11.223617417000373,4.439149356338973,97.5,1000
DRL-MADRL,42,82,11.348326172805104,4.227271628224862,97.89999999999999,1000
DRL-MADRL,42,83,13.334161059471423,4.538301317716221,97.5,1000
DRL-MADRL,42,84,10.739666341189938,4.264980426210038,96.3,1000
DRL-MADRL,42,85,11.872409471854578,3.904251052521042,97.89999999999999,1000
DRL-MADRL,42,86,13.294095255887362,5.278430416285017,97.3,1000
DRL-MADRL,42,87,11.960279669277366,4.073653366441032,98.7,1000
DRL-MADRL,42,88,13.503604263149594,4.92330927540204,98.0,1000
DRL-MADRL,42,89,11.625517559641827,4.216004099934662,97.3,1000
DRL-MADRL,42,90,11.637845537816803,4.073570708062917,97.89999999999999,1000
DRL-MADRL,42,91,12.625790020104763,4.34443900754479,97.6,1000
DRL-MADRL,42,92,11.392076229382937,11.429394647875677,97.8978978978979,999
DRL-MADRL,42,93,11.83133113668001,4.178305848666228,96.7,1000
DRL-MADRL,42,94,11.518268528888846,4.043502636466936,97.5,1000
DRL-MADRL,42,95,11.824743099903863,4.047310866582846,97.0,1000
DRL-MADRL,42,96,11.189318667811742,4.278399546727689,97.7,1000
DRL-MADRL,42,97,11.285909528560357,4.064546571845916,98.3,1000
DRL-MADRL,42,98,11.918734951979928,4.220156160340455,97.5,1000
DRL-MADRL,42,99,11.410055705791361,4.615596375400567,98.3,1000
DRL-MADRL,42,100,12.252750341676725,4.395672243162382,97.5,1000
DRL-MADRL,42,101,14.302183736216298,7.434227723966902,97.6,1000
DRL-MADRL,42,102,11.137025674337943,4.234449534131119,96.89999999999999,1000
DRL-MADRL,42,103,11.190240154745698,4.234531015106306,98.5,1000
DRL-MADRL,42,104,11.942796568848442,4.3288097915420725,97.7,1000
DRL-MADRL,42,105,13.60774423621609,6.023687634724755,96.89999999999999,1000
DRL-MADRL,42,106,11.887903522295096,5.161336581411088,97.8,1000
DRL-MADRL,42,107,12.230836496164258,4.093717124403858,96.6,1000
DRL-MADRL,42,108,11.562948614088743,4.2973028427971895,96.89999999999999,1000
DRL-MADRL,42,109,13.023161366755938,5.883486299810049,97.1,1000
DRL-MADRL,42,110,12.5385881597027,4.539674250665678,97.5,1000
DRL-MADRL,42,111,11.843617132564948,4.2538867127653655,97.2,1000
DRL-MADRL,42,112,11.754945415584979,4.503744021838603,96.7,1000
DRL-MADRL,42,113,11.895898590880613,3.921828588154501,96.89999999999999,1000
DRL-MADRL,42,114,11.259254141154015,4.205974197655945,97.7,1000
DRL-MADRL,42,115,11.596607657438941,4.45227505833417,97.8,1000
DRL-MADRL,42,116,11.831385545568615,4.370628404875058,97.89999999999999,1000
DRL-MADRL,42,117,12.60983032511511,4.346487857909421,97.89999999999999,1000
DRL-MADRL,42,118,16.062933218490254,11.358827483271842,97.7,1000
DRL-MADRL,42,119,11.44506854983945,4.168510009991905,97.8,1000
DRL-MADRL,42,120,11.557429433377331,4.218790018684027,97.1,1000
DRL-MADRL,42,121,11.640861602327504,4.3011341734291415,97.6,1000
DRL-MADRL,42,122,11.12983378669004,4.019610966131338,97.89999999999999,1000
DRL-MADRL,42,123,11.897258502714765,4.014527737000334,97.39999999999999,1000
DRL-MADRL,42,124,11.9038714099723,4.023194630252678,96.7,1000
DRL-MADRL,42,125,11.017758460580145,4.011999937309709,97.1,1000
DRL-MADRL,42,126,12.369131678082697,4.952039444145456,97.7,1000
DRL-MADRL,42,127,12.225300580645014,4.180628203124228,97.2,1000
DRL-MADRL,42,128,12.745949469294512,5.44313886736686,97.8,1000
DRL-MADRL,42,129,11.662610901834782,4.240914922059926,97.5,1000
DRL-MADRL,42,130,12.795606909683283,4.5089824951127495,97.1,1000
DRL-MADRL,42,131,11.981053679911057,4.054779480655243,96.89999999999999,1000
DRL-MADRL,42,132,13.341487564709285,6.411314827530437,97.89999999999999,1000
DRL-MADRL,42,133,10.759071834061011,4.2842526638327305,98.0,1000
DRL-MADRL,42,134,11.697607198586159,4.36253046338756,98.0,1000
DRL-MADRL,42,135,13.543106286204454,6.259726176670756,97.6,1000
DRL-MADRL,42,136,12.698662157441303,4.4195482991613915,97.39999999999999,1000
DRL-MADRL,42,137,12.537903873678475,4.205446107598849,97.7,1000
DRL-MADRL,42,138,11.892528162147126,4.3240630885600275,97.7,1000
DRL-MADRL,42,139,11.928609946199145,4.221879564702493,97.89999999999999,1000
DRL-MADRL,42,140,11.411763112721689,4.116265472868386,97.8,1000
DRL-MADRL,42,141,11.078442937218627,4.0018259390100495,96.8,1000
DRL-MADRL,42,142,13.50472125128904,5.160441238949401,97.1,1000
DRL-MADRL,42,143,12.05063291530707,4.156181869518534,98.3,1000
DRL-MADRL,42,144,11.604729659572891,4.054850764031715,97.3,1000
DRL-MADRL,42,145,11.863151409952852,4.129569977936517,98.6,1000
DRL-MADRL,42,146,12.217883115983293,3.955151460440341,98.6,1000
DRL-MADRL,42,147,10.866962516149892,3.977319288754472,97.5,1000
DRL-MADRL,42,148,11.13717119128381,4.177154717269972,96.8,1000
DRL-MADRL,42,149,12.065569887973153,4.464946929880389,97.39999999999999,1000
DRL-MADRL,42,150,11.865223135313707,4.262383948372137,98.2,1000
DRL-MADRL,42,151,10.899120637484652,4.318775656238699,97.2,1000
DRL-MADRL,42,152,12.58038820238768,4.685113141424339,97.39999999999999,1000
DRL-MADRL,42,153,12.025369663756596,4.136293969133317,98.3,1000
DRL-MADRL,42,154,11.258228577501374,4.203049379374371,97.1,1000
DRL-MADRL,42,155,13.80047193706247,7.019350906466962,97.1,1000
DRL-MADRL,42,156,11.268633805800084,4.3675698026638,97.2,1000
DRL-MADRL,42,157,11.524188422917787,4.515780730082466,97.39999999999999,1000
DRL-MADRL,42,158,12.35362230914242,4.159484367528501,98.1,1000
DRL-MADRL,42,159,13.18107702556298,4.4142808598801935,98.2,1000
DRL-MADRL,42,160,12.97428479631452,4.562798344833857,97.8,1000
DRL-MADRL,42,161,12.27347698488357,4.084837683176552,97.6,1000
DRL-MADRL,42,162,11.288154861074597,4.391720303633881,98.6,1000
DRL-MADRL,42,163,11.697689350674151,4.246636379158334,97.7,1000
DRL-MADRL,42,164,12.288432539329143,4.02609265583758,97.1,1000
DRL-MADRL,42,165,15.269788106770054,4.769184029751736,97.1,1000
DRL-MADRL,42,166,11.072254794692387,4.074214269528441,97.2,1000
DRL-MADRL,42,167,13.04136954177332,4.332419502604304,98.0,1000
DRL-MADRL,42,168,14.824391769934802,8.02542974916489,98.1,1000
DRL-MADRL,42,169,11.358723837532594,4.607171344237424,98.2,1000
DRL-MADRL,42,170,11.084094719925478,4.125540243013657,97.2,1000
DRL-MADRL,42,171,10.92486273533197,4.019614852765637,97.6,1000
DRL-MADRL,42,172,13.501202909924046,5.305159403529015,96.89999999999999,1000
DRL-MADRL,42,173,12.129212249482705,4.320847445746566,97.0,1000
DRL-MADRL,42,174,12.290633177063661,4.233218047240598,97.3,1000
DRL-MADRL,42,175,11.74998324936841,4.078248489163229,96.39999999999999,1000
DRL-MADRL,42,176,11.782983799494795,4.075525636207006,98.6,1000
DRL-MADRL,42,177,11.376221719984576,4.021717580278928,97.1,1000
DRL-MADRL,42,178,11.569782269631247,4.277973145378091,98.3,1000
DRL-MADRL,42,179,11.657945258160042,4.402286520514408,98.5,1000
DRL-MADRL,42,180,12.018363310648256,4.279747760983066,97.7,1000
DRL-MADRL,42,181,11.35632690720724,4.25691716541191,98.5,1000
DRL-MADRL,42,182,12.161235561724828,4.330742221858219,97.7,1000
DRL-MADRL,42,183,12.522215131739413,5.453003699414988,96.7,1000
DRL-MADRL,42,184,12.070334956545015,4.3799991410270325,97.5,1000
DRL-MADRL,42,185,11.337365962250573,4.097832909717024,97.0,1000
DRL-MADRL,42,186,11.703452734294382,4.350345977222434,96.7,1000
DRL-MADRL,42,187,11.984240020842112,5.231309848187303,97.8,1000
DRL-MADRL,42,188,11.838195782835548,4.228067978144919,97.7,1000
DRL-MADRL,42,189,13.140427555586138,7.212162185358361,97.0,1000
DRL-MADRL,42,190,12.514875177682342,4.121351259511725,97.7,1000
DRL-MADRL,42,191,11.416390335174253,4.197540157200657,97.8,1000
DRL-MADRL,42,192,12.053390551589118,4.1271781502741085,97.2,1000
DRL-MADRL,42,193,10.947312341429564,4.184258859148686,96.7,1000
DRL-MADRL,42,194,11.676905603611115,4.13546637531772,97.7,1000
DRL-MADRL,42,195,11.602379914294687,4.1447223026438875,98.0,1000
DRL-MADRL,42,196,11.79467803739149,4.109535104821574,98.0,1000
DRL-MADRL,42,197,12.544197798132856,4.272225740032285,97.39999999999999,1000
DRL-MADRL,42,198,11.063303500939972,4.225835840333518,97.3,1000
DRL-MADRL,42,199,11.009072458222379,4.194934042281486,97.2,1000
DRL-MADRL,43,0,11.49688932942234,4.127063799180492,97.39999999999999,1000
DRL-MADRL,43,1,11.370011417468303,4.11082252657188,97.1,1000
DRL-MADRL,43,2,12.498447551285746,4.297086843949698,97.7,1000
DRL-MADRL,43,3,11.493058000528553,4.34834594365697,96.39999999999999,1000
DRL-MADRL,43,4,11.627210942798955,3.978567908521789,98.2,1000
DRL-MADRL,43,5,10.979944854614232,3.9426235269622247,97.39999999999999,1000
DRL-MADRL,43,6,12.072006245462811,4.626885639098339,97.1,1000
DRL-MADRL,43,7,12.087772987655704,4.011417787105205,96.89999999999999,1000
DRL-MADRL,43,8,12.132111823853393,4.220989880458334,98.1,1000
DRL-MADRL,43,9,11.935824657106064,4.024711316987024,97.1,1000
DRL-MADRL,43,10,13.013409400935023,6.118558765130556,97.3,1000
DRL-MADRL,43,11,11.527567178775135,4.060253451981566,97.3,1000
DRL-MADRL,43,12,11.976611328923555,4.128899125339898,96.3,1000
DRL-MADRL,43,13,12.675806029114105,4.093451655282078,97.89999999999999,1000
DRL-MADRL,43,14,11.430660201661707,4.143955670964192,97.39999999999999,1000
DRL-MADRL,43,15,12.888755217727743,4.2473678461293485,97.7,1000
DRL-MADRL,43,16,11.989035721947925,4.038164019978897,97.5,1000
DRL-MADRL,43,17,11.812953935708347,4.624986570801162,96.3,1000
DRL-MADRL,43,18,12.006618756394035,4.483651168108408,96.6,1000
DRL-MADRL,43,19,10.9403470128854,4.024025643265247,97.5,1000
DRL-MADRL,43,20,11.667655213431498,4.385144132673108,97.1,1000
DRL-MADRL,43,21,12.706136879312952,3.970312625544091,98.2,1000
DRL-MADRL,43,22,11.62690131241567,4.305568672899194,96.8,1000
DRL-MADRL,43,23,11.402927206814308,4.36038040500323,97.39999999999999,1000
DRL-MADRL,43,24,13.349909246858198,4.522536465526932,97.5,1000
DRL-MADRL,43,25,11.145225481337866,3.993195280572105,97.89999999999999,1000
DRL-MADRL,43,26,12.48582456809852,4.098587729846729,97.5,1000
DRL-MADRL,43,27,11.308234959746544,4.298135473030833,97.6,1000
DRL-MADRL,43,28,12.21865695180772,4.117120006305606,97.39999999999999,1000
DRL-MADRL,43,29,11.725280642820714,4.1522758300493905,97.2,1000
DRL-MADRL,43,30,12.885136406980612,3.8704710191941656,98.2,1000
DRL-MADRL,43,31,11.431950597628306,4.141374625936893,96.89999999999999,1000
DRL-MADRL,43,32,11.75234112233546,4.635809043703665,97.5,1000
DRL-MADRL,43,33,11.442979135231857,4.250514812723192,97.8,1000
DRL-MADRL,43,34,11.276242770307377,4.05373702662201,97.89999999999999,1000
DRL-MADRL,43,35,11.19254833078467,4.348277420787128,97.3,1000
DRL-MADRL,43,36,11.510801410152286,4.097921256735314,97.7,1000
DRL-MADRL,43,37,13.356000028435345,4.282021081032407,97.3,1000
DRL-MADRL,43,38,11.763791670710466,4.311993407341657,97.7,1000
DRL-MADRL,43,39,13.172174032216613,4.439745558143034,97.5,1000
DRL-MADRL,43,40,11.560243109121553,4.248131813141104,97.1,1000
DRL-MADRL,43,41,12.090740472399984,4.294334460761253,97.5,1000
DRL-MADRL,43,42,12.207491175565389,4.434752766409923,97.8,1000
DRL-MADRL,43,43,12.26330546418445,4.271834360740498,98.4,1000
DRL-MADRL,43,44,11.087916683494768,4.288776329470553,97.7,1000
DRL-MADRL,43,45,12.327971237226015,4.404384512990255,97.5,1000
DRL-MADRL,43,46,10.771564011475204,4.154046797407479,98.1,1000
DRL-MADRL,43,47,11.624209364450662,4.32979856158954,97.39999999999999,1000
DRL-MADRL,43,48,11.27165795227846,4.157089204797823,97.2,1000
DRL-MADRL,43,49,11.747544290308019,4.150024328492551,98.4,1000
DRL-MADRL,43,50,11.678427079727943,4.143910804513608,97.0,1000
DRL-MADRL,43,51,12.332463080396282,4.110998501712307,97.5,1000
DRL-MADRL,43,52,11.873687639466928,4.158894439704539,97.3,1000
DRL-MADRL,43,53,11.77185093859601,3.997507198446178,98.1,1000
DRL-MADRL,43,54,13.515016073931882,7.095244654949196,97.8,1000
DRL-MADRL,43,55,12.013113412968949,3.9877796962533396,96.89999999999999,1000
DRL-MADRL,43,56,11.601026442099709,4.188713668456325,97.6,1000
DRL-MADRL,43,57,11.327969128888807,3.9854074442227634,98.0,1000
DRL-MADRL,43,58,11.594392561797278,4.334189609829694,98.3,1000
DRL-MADRL,43,59,11.246240372570973,4.014991698880446,98.1,1000
DRL-MADRL,43,60,13.201259108431849,4.306637805404543,97.8,1000
DRL-MADRL,43,61,10.797573524758166,4.066282610751883,96.3,1000
DRL-MADRL,43,62,12.37393292618294,4.2658961818281265,97.8,1000
DRL-MADRL,43,63,11.37159634579376,4.249144830403236,97.6,1000
DRL-MADRL,43,64,11.511534184883924,4.219513993454756,97.7,1000
DRL-MADRL,43,65,13.711356005453643,4.7254007603491015,96.89999999999999,1000
DRL-MADRL,43,66,11.312466106992467,4.261746704111088,97.1,1000
DRL-MADRL,43,67,11.569809191053002,4.1026135042644984,97.3,1000
DRL-MADRL,43,68,12.361156047367219,3.998198394134905,97.2,1000
DRL-MADRL,43,69,11.828544685510675,4.383744223147616,97.7,1000
DRL-MADRL,43,70,11.466097572569687,4.270746667059617,96.0,1000
DRL-MADRL,43,71,11.690447922187582,4.285344066736577,97.7,1000
DRL-MADRL,43,72,12.172848647669497,3.992831170912918,96.89999999999999,1000
DRL-MADRL,43,73,11.225339201139363,3.936264518909138,97.0,1000
DRL-MADRL,43,74,11.982174540573782,5.473949596485389,97.5,1000
DRL-MADRL,43,75,12.536864277490663,4.4455885640218495,97.3,1000
DRL-MADRL,43,76,11.581757040185657,4.00508309085731,97.7,1000
DRL-MADRL,43,77,13.525324309176904,4.198632324232386,97.2,1000
DRL-MADRL,43,78,12.343498924443324,4.22029903365988,97.6,1000
DRL-MADRL,43,79,14.293825037883918,8.290009437001144,96.6,1000
DRL-MADRL,43,80,11.724683262839847,4.3720907634771295,98.2,1000
DRL-MADRL,43,81,11.602759614804393,4.180470701975185,97.3,1000
DRL-MADRL,43,82,11.949118873052466,4.219865178978574,96.6,1000
DRL-MADRL,43,83,12.42239591617601,5.7313240246728805,97.2,1000
DRL-MADRL,43,84,13.060831829955067,5.52018392682618,97.2,1000
DRL-MADRL,43,85,13.120256608058416,5.242138248420929,96.5,1000
DRL-MADRL,43,86,11.99015136683964,4.190584429761582,98.3,1000
DRL-MADRL,43,87,11.926537299239051,4.598595400065436,97.7,1000
DRL-MADRL,43,88,11.320032979482265,4.184775747355753,97.6,1000
DRL-MADRL,43,89,11.599125892657714,4.090827446278115,97.39999999999999,1000
DRL-MADRL,43,90,13.503323305807019,4.1740659304254315,97.7,1000
DRL-MADRL,43,91,13.034499568398914,4.2899546234848875,95.89999999999999,1000
DRL-MADRL,43,92,11.262272389793615,4.2770451213724705,97.3,1000
DRL-MADRL,43,93,12.669737687817173,3.947992250730066,97.6,1000
DRL-MADRL,43,94,10.675760961072067,4.223729254477396,97.8,1000
DRL-MADRL,43,95,12.362643485525274,4.028173531537033,97.6,1000
DRL-MADRL,43,96,14.179229101845849,5.273174228925484,97.89999999999999,1000
DRL-MADRL,43,97,13.014991962543249,4.361855815686902,97.7,1000
DRL-MADRL,43,98,11.863889829186627,3.9897026967897227,98.4,1000
DRL-MADRL,43,99,14.067532315301628,5.801496362273413,97.3,1000
DRL-MADRL,43,100,11.599371987795854,4.120986852369205,97.6,1000
DRL-MADRL,43,101,12.138219309027333,4.079534450383553,97.89999999999999,1000
DRL-MADRL,43,102,11.616943252042025,4.043308585873328,97.2,1000
DRL-MADRL,43,103,14.961510753783777,9.745623962812283,97.89999999999999,1000
DRL-MADRL,43,104,11.78392588308471,4.3174787636105005,97.5,1000
DRL-MADRL,43,105,10.993890095773661,4.021177437915151,98.0,1000
DRL-MADRL,43,106,12.227729277639945,4.582273142168224,97.0,1000
DRL-MADRL,43,107,11.445664754202683,4.359004830719038,97.6,1000
DRL-MADRL,43,108,11.655552007425612,4.119942604336967,97.0,1000
DRL-MADRL,43,109,12.032119392809392,4.154611339512975,98.3,1000
DRL-MADRL,43,110,11.974147656872548,4.183731767418769,98.0,1000
DRL-MADRL,43,111,12.012610476644433,4.452129860738678,97.7,1000
DRL-MADRL,43,112,11.79238770608774,4.335510160904585,97.1,1000
DRL-MADRL,43,113,11.24260854839997,4.641106101018553,97.5,1000
DRL-MADRL,43,114,13.070806296252128,4.6437619779086265,97.39999999999999,1000
DRL-MADRL,43,115,12.783683841783729,4.191415087823051,97.3,1000
DRL-MADRL,43,116,12.616414215163699,4.58520774931402,97.2,1000
DRL-MADRL,43,117,12.424425252403214,3.95303044526168,97.8,1000
DRL-MADRL,43,118,12.052403136782072,4.033280149264359,97.5,1000
DRL-MADRL,43,119,11.815197640083472,4.065118004739265,97.2,1000
DRL-MADRL,43,120,11.44584592042581,4.276112967876636,98.1,1000
DRL-MADRL,43,121,11.812580246071706,4.229240191363459,97.8,1000
DRL-MADRL,43,122,13.997162621065955,5.252045094432046,97.1,1000
DRL-MADRL,43,123,11.31089379954136,4.290419109758106,98.1,1000
DRL-MADRL,43,124,11.528123785170166,4.065348631832259,97.6,1000
DRL-MADRL,43,125,11.616380613504745,4.096573289127179,97.2,1000
DRL-MADRL,43,126,13.315603719128283,4.445966823436191,97.39999999999999,1000
DRL-MADRL,43,127,11.681567583161462,4.064632848530492,97.39999999999999,1000
DRL-MADRL,43,128,12.108676140570704,4.101546444987016,97.7,1000
DRL-MADRL,43,129,13.005956225057083,4.929118244616534,97.6,1000
DRL-MADRL,43,130,11.430844626178448,4.023246062497806,96.89999999999999,1000
DRL-MADRL,43,131,12.353351672450943,4.260677430925757,97.8,1000
DRL-MADRL,43,132,12.694517153073713,4.354892011216274,97.0,1000
DRL-MADRL,43,133,11.931688489390574,4.5245233667741,97.39999999999999,1000
DRL-MADRL,43,134,12.112244531739291,4.200291472034321,98.1,1000
DRL-MADRL,43,135,12.832074633519147,3.92511554677039,97.7,1000
DRL-MADRL,43,136,12.220118755225446,4.957277454467162,97.8,1000
DRL-MADRL,43,137,12.696573718461343,5.66235315736138,97.8,1000
DRL-MADRL,43,138,12.991900969611782,4.151779254754768,97.5,1000
DRL-MADRL,43,139,11.603743572321662,4.19736792927349,97.3,1000
DRL-MADRL,43,140,11.922075505635494,4.188312453940594,97.1,1000
DRL-MADRL,43,141,11.930128192625181,4.935267310007041,97.7,1000
DRL-MADRL,43,142,11.608732689803578,4.034595117763488,97.2,1000
DRL-MADRL,43,143,12.327471205275517,4.128725386006914,97.5,1000
DRL-MADRL,43,144,12.814481137312981,3.9177776367777053,98.2,1000
DRL-MADRL,43,145,11.929305176599927,4.207724401016221,97.89999999999999,1000
DRL-MADRL,43,146,11.498295525639747,4.109975781570172,98.1,1000
DRL-MADRL,43,147,11.392813386127239,4.11458864678189,98.0,1000
DRL-MADRL,43,148,11.735141520580546,4.052002399572792,97.7,1000
DRL-MADRL,43,149,13.208316075025888,11.398593594771985,96.69669669669669,999
DRL-MADRL,43,150,11.59884382071513,4.205084834236213,96.8,1000
DRL-MADRL,43,151,10.953249073764512,4.112413409154684,97.7,1000
DRL-MADRL,43,152,16.74703887431726,8.747102728925991,97.2,1000
DRL-MADRL,43,153,11.551138966796893,4.264032794304776,97.39999999999999,1000
DRL-MADRL,43,154,12.204831854437048,4.113124181527039,97.5,1000
DRL-MADRL,43,155,12.383827223746259,4.114721744002751,97.39999999999999,1000
DRL-MADRL,43,156,11.829525324982237,4.249736801828781,97.3,1000
DRL-MADRL,43,157,12.236615079766262,4.010749295231599,97.0,1000
DRL-MADRL,43,158,11.571730429130453,4.190049268030165,97.89999999999999,1000
DRL-MADRL,43,159,11.524241991803658,4.162777519915132,97.8,1000
DRL-MADRL,43,160,10.93388851004808,3.8445095424324904,98.4,1000
DRL-MADRL,43,161,12.838140086401383,4.075486234552205,97.5,1000
DRL-MADRL,43,162,11.602923209718826,4.181780247958453,97.3,1000
DRL-MADRL,43,163,11.347252767256848,4.097756956200741,97.2,1000
DRL-MADRL,43,164,11.404707450519826,3.9878805128342054,96.5,1000
DRL-MADRL,43,165,11.01464069219251,4.037062463816964,97.1,1000
DRL-MADRL,43,166,11.608009927631738,4.010900478633976,98.1,1000
DRL-MADRL,43,167,11.103872928704757,4.068979610280539,96.5,1000
DRL-MADRL,43,168,14.44958016820121,5.9994174694266045,97.89999999999999,1000
DRL-MADRL,43,169,11.49350777301675,4.343974270898348,98.2,1000
DRL-MADRL,43,170,11.212079619668081,4.141387780272909,97.1,1000
DRL-MADRL,43,171,11.56459868271123,3.8978525396719355,96.7,1000
DRL-MADRL,43,172,11.795188637085472,4.274564278264293,97.2,1000
DRL-MADRL,43,173,12.433429166431655,3.9235153404643666,98.4,1000
DRL-MADRL,43,174,12.862070751274949,4.093033465347703,97.0,1000
DRL-MADRL,43,175,12.062258929240668,4.252511565187251,97.3,1000
DRL-MADRL,43,176,11.97463185005702,4.373174161686799,96.89999999999999,1000
DRL-MADRL,43,177,11.348385203853908,4.394126057051526,98.0,1000
DRL-MADRL,43,178,13.239587382944901,7.185425056508355,98.2,1000
DRL-MADRL,43,179,11.842925868760732,4.0902537097135285,97.2,1000
DRL-MADRL,43,180,10.9305646522182,3.957140361726004,97.39999999999999,1000
DRL-MADRL,43,181,11.367193063141821,4.102651293411846,98.4,1000
DRL-MADRL,43,182,15.216636430599522,9.293578336020841,97.1,1000
DRL-MADRL,43,183,11.638995885525517,4.4579712109389185,97.5,1000
DRL-MADRL,43,184,12.480817860503823,4.168701673346124,97.8,1000
DRL-MADRL,43,185,11.509354809492962,4.183238019230483,97.0,1000
DRL-MADRL,43,186,11.582393305309093,4.161719764852273,97.89999999999999,1000
DRL-MADRL,43,187,12.252009720569623,4.760704553107851,97.6,1000
DRL-MADRL,43,188,12.067204499819706,4.945038957923032,97.7,1000
DRL-MADRL,43,189,11.67482056499369,4.104384552043285,97.3,1000
DRL-MADRL,43,190,11.651257151898307,4.05237957489891,96.6,1000
DRL-MADRL,43,191,13.583467185136316,6.88051340794874,97.89999999999999,1000
DRL-MADRL,43,192,13.348390920802697,5.668490703231944,97.2,1000
DRL-MADRL,43,193,11.916235490631312,4.804549624260315,97.1,1000
DRL-MADRL,43,194,11.184892241310797,4.901217787144914,97.5,1000
DRL-MADRL,43,195,13.393545282763819,4.91742383754067,97.6,1000
DRL-MADRL,43,196,11.68699391301313,4.251022481527781,97.39999999999999,1000
DRL-MADRL,43,197,12.638482199863054,4.077361762313666,97.8,1000
DRL-MADRL,43,198,11.524482538159221,4.620219570226662,97.7,1000
DRL-MADRL,43,199,12.77438581349188,5.026761944226297,97.6,1000
DRL-MADRL,44,0,15.271096135326832,5.136299176817588,97.39999999999999,1000
DRL-MADRL,44,1,11.886901398252562,4.021046787778085,98.4,1000
DRL-MADRL,44,2,12.733394678030026,4.773277518184664,96.89999999999999,1000
DRL-MADRL,44,3,13.948447000501243,5.837082196430814,98.1,1000
DRL-MADRL,44,4,13.058296838867397,4.3159950552383455,96.8,1000
DRL-MADRL,44,5,12.303472502365338,4.742616936855864,97.7,1000
DRL-MADRL,44,6,11.083732049477513,11.558519310412812,97.7977977977978,999
DRL-MADRL,44,7,11.48680401626054,4.098286700273528,97.89999999999999,1000
DRL-MADRL,44,8,12.4658886503094,4.48232969548377,96.5,1000
DRL-MADRL,44,9,11.881841774491415,4.043153979511873,96.7,1000
DRL-MADRL,44,10,12.068220890147444,4.182693856096215,98.1,1000
DRL-MADRL,44,11,11.680474553121657,4.240244317052628,97.0,1000
DRL-MADRL,44,12,11.564534223594444,4.168141472240844,97.2,1000
DRL-MADRL,44,13,13.183762808867098,4.35217781406266,97.3,1000
DRL-MADRL,44,14,12.717921617279465,3.8983703755720205,97.8,1000
DRL-MADRL,44,15,13.950736234283017,6.582526510989732,97.2,1000
DRL-MADRL,44,16,13.915694655233281,4.806452060320402,97.7,1000
DRL-MADRL,44,17,11.591158661294584,4.136475400757912,96.6,1000
DRL-MADRL,44,18,13.139816706686391,4.139139646584059,97.39999999999999,1000
DRL-MADRL,44,19,11.395188569494342,4.333692684792091,97.5,1000
DRL-MADRL,44,20,11.116922143110479,4.170828803079134,97.2,1000
DRL-MADRL,44,21,14.315439993766415,8.320768154433793,97.8,1000
DRL-MADRL,44,22,11.280291631955984,4.047696087210022,97.39999999999999,1000
DRL-MADRL,44,23,12.78024511308446,5.0619483377062,97.3,1000
DRL-MADRL,44,24,11.10223555087397,4.219829133499688,97.5,1000
DRL-MADRL,44,25,11.200098974865119,4.1913850009516755,98.4,1000
DRL-MADRL,44,26,12.356771634695981,4.387739684760949,97.1,1000
DRL-MADRL,44,27,11.945051214303783,3.999580741834633,97.6,1000
DRL-MADRL,44,28,11.584244034130833,4.472134540635124,98.0,1000
DRL-MADRL,44,29,11.228948905120177,4.459189464162389,96.6,1000
DRL-MADRL,44,30,10.77523844588023,4.065164661810408,97.6,1000
DRL-MADRL,44,31,11.059959859064636,3.952469798370465,97.89999999999999,1000
DRL-MADRL,44,32,11.558937499520077,4.245018170005441,97.8,1000
DRL-MADRL,44,33,11.880698522459753,4.396691395109449,97.89999999999999,1000
DRL-MADRL,44,34,11.627799223914469,4.233908749259625,97.8,1000
DRL-MADRL,44,35,11.722638604591689,4.346358904777488,97.89999999999999,1000
DRL-MADRL,44,36,11.861124694007058,4.398059218503393,98.0,1000
DRL-MADRL,44,37,11.869055120680251,4.313235453843051,96.8,1000
DRL-MADRL,44,38,12.33875577832947,4.073493961615902,98.8,1000
DRL-MADRL,44,39,11.97221579317302,4.21404557860978,96.89999999999999,1000
DRL-MADRL,44,40,15.359544970140396,9.691723048576332,97.7,1000
DRL-MADRL,44,41,12.162457124379484,4.091112027272088,97.89999999999999,1000
DRL-MADRL,44,42,12.095997671935525,4.387169359969055,98.4,1000
DRL-MADRL,44,43,12.30259726325412,5.067035475935632,98.2,1000
DRL-MADRL,44,44,11.888704569962202,4.267930302273527,97.89999999999999,1000
DRL-MADRL,44,45,11.791041642018824,4.325625729194017,98.1,1000
DRL-MADRL,44,46,11.593324290207388,4.16262931525707,97.89999999999999,1000
DRL-MADRL,44,47,11.580529267452123,4.072586033380035,97.8,1000
DRL-MADRL,44,48,12.129092514714669,4.538315243784533,97.5,1000
DRL-MADRL,44,49,12.324031567279377,3.962983401242321,96.89999999999999,1000
DRL-MADRL,44,50,11.194717351038543,4.320788281172025,97.7,1000
DRL-MADRL,44,51,13.127510927764265,4.693477510773846,97.39999999999999,1000
DRL-MADRL,44,52,11.137799214023765,4.187550835986416,96.7,1000
DRL-MADRL,44,53,10.86821652935633,4.226305422034501,96.5,1000
DRL-MADRL,44,54,11.62625505303371,4.1304562145303665,96.3,1000
DRL-MADRL,44,55,11.867809145882626,3.9355062732276735,96.7,1000
DRL-MADRL,44,56,11.961500557040713,4.30646245314379,98.4,1000
DRL-MADRL,44,57,12.856796195594171,5.366137583880167,97.8,1000
DRL-MADRL,44,58,11.78224114868995,4.268201383791226,98.0,1000
DRL-MADRL,44,59,11.773812786884893,4.097178628413805,96.89999999999999,1000
DRL-MADRL,44,60,11.554179480075735,4.452798665197185,97.2,1000
DRL-MADRL,44,61,12.162627478418539,4.029132511719759,97.8,1000
DRL-MADRL,44,62,11.363263376548497,4.344091171850419,97.5,1000
DRL-MADRL,44,63,11.593373814113493,4.191405166772261,97.3,1000
DRL-MADRL,44,64,11.435384982945761,4.095101325826117,97.1,1000
DRL-MADRL,44,65,12.2594786021936,4.338596509315857,97.7,1000
DRL-MADRL,44,66,11.563488477323142,4.151849317624725,98.1,1000
DRL-MADRL,44,67,11.951428121864407,4.185145336046141,97.1,1000
DRL-MADRL,44,68,11.523844587446927,3.9989091511385664,97.5,1000
DRL-MADRL,44,69,11.749763742677427,4.057374227710569,97.6,1000
DRL-MADRL,44,70,11.666609578525266,4.095933508787623,97.89999999999999,1000
DRL-MADRL,44,71,12.061882983649912,4.228802145302714,97.5,1000
DRL-MADRL,44,72,12.615961070484438,4.2821803754467584,97.0,1000
DRL-MADRL,44,73,11.966404085875578,4.199682484275437,97.1,1000
DRL-MADRL,44,74,11.807473155913987,3.8135622827453437,98.0,1000
DRL-MADRL,44,75,11.37064365641443,4.099262283341599,97.5,1000
DRL-MADRL,44,76,11.136043794652771,4.207751962457061,97.7,1000
DRL-MADRL,44,77,14.775918074635062,6.1441178297712815,97.8,1000
DRL-MADRL,44,78,12.79712649207735,4.059969541326652,97.8,1000
DRL-MADRL,44,79,13.697814395989392,6.51552297628293,97.8,1000
DRL-MADRL,44,80,11.908367304594908,4.336410718303801,97.5,1000
DRL-MADRL,44,81,12.638876585592609,4.104565025037592,97.7,1000
DRL-MADRL,44,82,13.368092122566242,4.9169095026939775,97.89999999999999,1000
DRL-MADRL,44,83,12.292102357149314,4.090272976661994,97.2,1000
DRL-MADRL,44,84,11.819507102956031,4.425922430412511,97.3,1000
DRL-MADRL,44,85,12.077242563765479,4.194740715308632,97.1,1000
DRL-MADRL,44,86,11.62793135674966,4.110206358802451,97.6,1000
DRL-MADRL,44,87,11.71387825744723,4.260791989451154,97.3,1000
DRL-MADRL,44,88,11.291599278010588,4.250293428380398,97.1,1000
DRL-MADRL,44,89,12.79972367194715,5.0957830383707305,97.89999999999999,1000
DRL-MADRL,44,90,13.030874342492046,4.155054231149789,97.7,1000
DRL-MADRL,44,91,11.365225793166742,4.205321277228085,97.5,1000
DRL-MADRL,44,92,11.393907980332553,4.333141638918515,96.7,1000
DRL-MADRL,44,93,12.864531529777633,4.983076389063272,97.6,1000
DRL-MADRL,44,94,11.195696859607827,4.045755114734589,97.0,1000
DRL-MADRL,44,95,12.297175116186159,4.15731896399696,97.89999999999999,1000
DRL-MADRL,44,96,10.89210974834579,4.207020314041877,97.0,1000
DRL-MADRL,44,97,11.744431279179038,4.281775254247345,97.6,1000
DRL-MADRL,44,98,12.221556300899977,4.16726847775244,97.6,1000
DRL-MADRL,44,99,11.056832554998733,3.9832221130595413,97.39999999999999,1000
DRL-MADRL,44,100,12.496915903307515,4.05896256950157,97.2,1000
DRL-MADRL,44,101,11.081211924247814,3.9697386614304055,97.5,1000
DRL-MADRL,44,102,12.472592657605302,4.62546887290327,98.1,1000
DRL-MADRL,44,103,12.076848634758695,4.560957374022636,98.3,1000
DRL-MADRL,44,104,11.336823817416832,4.166564638979963,97.89999999999999,1000
DRL-MADRL,44,105,11.767223072614179,4.016653099898338,97.7,1000
DRL-MADRL,44,106,11.31427899797163,4.229554811876565,97.5,1000
DRL-MADRL,44,107,11.993299858737593,4.213116342604901,97.89999999999999,1000
DRL-MADRL,44,108,13.117050303301811,5.351917346133676,96.8,1000
DRL-MADRL,44,109,11.75387880833798,4.3575629083343985,97.7,1000
DRL-MADRL,44,110,13.232942833070917,4.69748073812422,97.3,1000
DRL-MADRL,44,111,12.284965834645027,5.04997658585606,97.3,1000
DRL-MADRL,44,112,11.736309880186992,4.221746226889569,96.7,1000
DRL-MADRL,44,113,12.12562690831053,4.332147509923605,97.8,1000
DRL-MADRL,44,114,11.9650421342051,4.063227779798483,97.5,1000
DRL-MADRL,44,115,12.37194559510623,4.193829013251845,98.6,1000
DRL-MADRL,44,116,12.264795688942602,4.267723023103568,97.39999999999999,1000
DRL-MADRL,44,117,12.668043250032,5.635206618075445,97.6,1000
DRL-MADRL,44,118,14.663601603834714,9.648903908682824,97.3,1000
DRL-MADRL,44,119,12.31620441699976,4.377833096698974,97.1,1000
DRL-MADRL,44,120,10.93338139526167,4.073967706118052,97.5,1000
DRL-MADRL,44,121,13.947831308815974,4.290261557578504,97.89999999999999,1000
DRL-MADRL,44,122,12.271691520096088,4.4764167205326695,97.1,1000
DRL-MADRL,44,123,12.40394217816543,4.23409523234037,97.3,1000
DRL-MADRL,44,124,11.930762772529663,4.628659986520709,98.1,1000
DRL-MADRL,44,125,11.32430823125361,4.2564992883924635,98.3,1000
DRL-MADRL,44,126,11.339913223031127,11.618712818325628,97.1971971971972,999
DRL-MADRL,44,127,12.111778543150391,4.611847261699148,97.1,1000
DRL-MADRL,44,128,12.080392834718658,4.66862329933109,98.1,1000
DRL-MADRL,44,129,11.521612161256213,4.148478770627721,97.8,1000
DRL-MADRL,44,130,11.487299128372895,4.300768576076795,97.2,1000
DRL-MADRL,44,131,12.931527377439444,5.011428440951277,97.5,1000
DRL-MADRL,44,132,12.776670563924208,4.1943725939697565,97.0,1000
DRL-MADRL,44,133,12.61771543052352,4.337497285032051,97.39999999999999,1000
DRL-MADRL,44,134,12.119415944453543,3.9451113716793613,97.7,1000
DRL-MADRL,44,135,13.645497431701118,5.992819373621064,96.7,1000
DRL-MADRL,44,136,11.989246328827535,3.8951161941583448,97.6,1000
DRL-MADRL,44,137,12.227484024200697,4.15049575693471,97.0,1000
DRL-MADRL,44,138,12.182925483010168,4.667267113197137,97.8,1000
DRL-MADRL,44,139,11.718728081431316,4.464438966967903,98.2,1000
DRL-MADRL,44,140,11.93828037716417,4.2033943434716665,97.5,1000
DRL-MADRL,44,141,12.271542485082344,4.53872287162725,98.0,1000
DRL-MADRL,44,142,12.371365128846897,3.984145178549204,98.4,1000
DRL-MADRL,44,143,13.51285623290416,4.329102224115245,97.8,1000
DRL-MADRL,44,144,11.499764107332231,4.161607472764915,96.6,1000
DRL-MADRL,44,145,15.095040629902137,7.448032732237022,97.39999999999999,1000
DRL-MADRL,44,146,12.100334300360613,3.9684841589899422,96.89999999999999,1000
DRL-MADRL,44,147,11.26802955328758,4.464145586876227,97.7,1000
DRL-MADRL,44,148,12.138723726718348,4.394073732715395,97.8,1000
DRL-MADRL,44,149,13.516677086789079,4.027938001825241,97.5,1000
DRL-MADRL,44,150,12.195225476712269,4.199566443699871,97.7,1000
DRL-MADRL,44,151,12.271289552966815,4.4111918013178055,96.89999999999999,1000
DRL-MADRL,44,152,12.670729700192547,4.313641299881392,97.1,1000
DRL-MADRL,44,153,12.258889538280895,4.190914624934145,97.5,1000
DRL-MADRL,44,154,11.343443478391544,11.405106037929905,96.29629629629629,999
DRL-MADRL,44,155,12.82712325938124,4.749792646678215,96.7,1000
DRL-MADRL,44,156,13.140639152709054,4.144655620447148,96.8,1000
DRL-MADRL,44,157,12.61829020783571,4.112247405259753,98.1,1000
DRL-MADRL,44,158,12.585642816881096,4.113485225691481,97.3,1000
DRL-MADRL,44,159,11.787788156378838,4.408237129248437,97.39999999999999,1000
DRL-MADRL,44,160,11.664189943341784,4.167714686684812,98.2,1000
DRL-MADRL,44,161,12.209352720750775,4.304852783403726,97.39999999999999,1000
DRL-MADRL,44,162,12.793803798415032,4.318473825233197,98.1,1000
DRL-MADRL,44,163,11.930099504580868,4.017137757132869,97.89999999999999,1000
DRL-MADRL,44,164,11.291580707186666,4.136248139055634,97.2,1000
DRL-MADRL,44,165,12.504179788872676,4.157363092674567,96.6,1000
DRL-MADRL,44,166,12.025060515357538,4.1770712458243455,96.2,1000
DRL-MADRL,44,167,14.108800692621658,4.4948763610210865,97.89999999999999,1000
DRL-MADRL,44,168,12.496424132689604,4.033111327046239,98.4,1000
DRL-MADRL,44,169,11.333766035974138,4.226939428916299,98.1,1000
DRL-MADRL,44,170,13.2877212526714,4.677662554926693,98.1,1000
DRL-MADRL,44,171,12.003640041488051,4.186850507511001,97.39999999999999,1000
DRL-MADRL,44,172,13.099277730612405,11.50509460416358,98.09809809809809,999
DRL-MADRL,44,173,11.05079526070045,4.133581812668473,96.1,1000
DRL-MADRL,44,174,12.138654786653689,4.562075968475206,97.8,1000
DRL-MADRL,44,175,11.571828614781746,4.249299705436179,98.2,1000
DRL-MADRL,44,176,11.418123003470017,4.178460243290924,97.8,1000
DRL-MADRL,44,177,11.524937662908101,4.362707480268896,96.6,1000
DRL-MADRL,44,178,11.595249529908557,3.9648663341825565,97.5,1000
DRL-MADRL,44,179,11.336101501244023,4.0761816719999535,97.3,1000
DRL-MADRL,44,180,12.293217097408517,4.839199818178158,97.8,1000
DRL-MADRL,44,181,12.516758136861055,4.162807356786748,98.4,1000
DRL-MADRL,44,182,12.244377602073047,4.3070421694823375,97.1,1000
DRL-MADRL,44,183,11.993332467597115,4.310844359554318,97.89999999999999,1000
DRL-MADRL,44,184,13.2325847993668,5.930774247796008,97.89999999999999,1000
DRL-MADRL,44,185,10.911272797818544,4.082686390652007,97.0,1000
DRL-MADRL,44,186,17.133602092814574,11.373923343802865,96.8,1000
DRL-MADRL,44,187,11.689431990884117,4.220181637530304,98.1,1000
DRL-MADRL,44,188,11.858984252098306,4.241121402158972,97.1,1000
DRL-MADRL,44,189,13.989501545983309,6.770125022938538,98.5,1000
DRL-MADRL,44,190,11.273139423977403,3.9122892467362718,97.89999999999999,1000
DRL-MADRL,44,191,11.128818996800048,4.270527641081527,97.8,1000
DRL-MADRL,44,192,11.285792127955563,4.176818742547874,97.2,1000
DRL-MADRL,44,193,11.436661444452943,4.289620523986581,96.7,1000
DRL-MADRL,44,194,11.457977332324162,4.086579392776359,97.8,1000
DRL-MADRL,44,195,11.810926953450403,4.219626892661917,97.39999999999999,1000
DRL-MADRL,44,196,11.82721522615725,4.232189914168855,97.6,1000
DRL-MADRL,44,197,11.988122437302797,4.312656437641316,97.89999999999999,1000
DRL-MADRL,44,198,12.879606109733995,4.440795072186441,97.1,1000
DRL-MADRL,44,199,12.013848114514392,3.991590253019384,97.7,1000
DRL-MADRL,45,0,11.720805617984723,4.1426624129070255,96.89999999999999,1000
DRL-MADRL,45,1,13.682507529882539,4.307115320771766,98.2,1000
DRL-MADRL,45,2,12.978798851144369,4.301926596503525,97.7,1000
DRL-MADRL,45,3,11.54653909167917,4.104706833370062,97.8,1000
DRL-MADRL,45,4,11.663028861016391,4.221422588352184,98.5,1000
DRL-MADRL,45,5,11.259020720494346,4.345159565248653,97.1,1000
DRL-MADRL,45,6,12.028948869764568,4.816677743605628,98.1,1000
DRL-MADRL,45,7,12.79703492864585,6.84996484431592,98.2,1000
DRL-MADRL,45,8,13.096364162148548,4.603153720237539,97.8,1000
DRL-MADRL,45,9,10.797082061215795,4.332927809480584,96.7,1000
DRL-MADRL,45,10,11.993460745656732,4.485607791464418,98.1,1000
DRL-MADRL,45,11,11.576425429070918,4.161620762203072,98.8,1000
DRL-MADRL,45,12,11.31523867739939,4.135023756706427,96.8,1000
DRL-MADRL,45,13,13.345504745582817,4.36216712900596,97.8,1000
DRL-MADRL,45,14,11.138169379853938,4.100923434833798,98.1,1000
DRL-MADRL,45,15,11.214021378071822,4.01989048347301,98.1,1000
DRL-MADRL,45,16,11.240588008826945,4.03348958103902,98.4,1000
DRL-MADRL,45,17,11.478977937187123,4.191716396361165,97.7,1000
DRL-MADRL,45,18,12.005965179055448,4.118689247601421,97.5,1000
DRL-MADRL,45,19,11.3779086476136,4.34329696875772,96.89999999999999,1000
DRL-MADRL,45,20,11.854856571106142,3.967896351887476,97.1,1000
DRL-MADRL,45,21,10.77331004946353,4.558587795850395,96.8,1000
DRL-MADRL,45,22,10.985714961597557,4.334998189890462,96.89999999999999,1000
DRL-MADRL,45,23,11.844498121582056,4.316973322343492,97.7,1000
DRL-MADRL,45,24,12.57360290950048,6.52985502282506,97.1,1000
DRL-MADRL,45,25,11.223130675827047,4.592749542859204,97.3,1000
DRL-MADRL,45,26,11.660350242535042,4.158219414827231,98.0,1000
DRL-MADRL,45,27,13.571074786029676,4.768168971388326,97.5,1000
DRL-MADRL,45,28,12.792138562098115,4.138186937928903,97.39999999999999,1000
DRL-MADRL,45,29,11.809414945400313,4.131808976083189,97.7,1000
DRL-MADRL,45,30,11.166371678510783,4.398091259757801,97.39999999999999,1000
DRL-MADRL,45,31,11.493065068977968,4.375082478479613,97.89999999999999,1000
DRL-MADRL,45,32,11.475311946082739,4.334873566489724,98.7,1000
DRL-MADRL,45,33,11.387952074313398,4.281879501696372,97.7,1000
DRL-MADRL,45,34,14.064682910603405,4.170209900259726,97.2,1000
DRL-MADRL,45,35,11.889320046918778,4.171843039579985,97.8,1000
DRL-MADRL,45,36,11.673584282157051,4.405753701526385,97.3,1000
DRL-MADRL,45,37,12.130785080265735,4.973622989496451,97.6,1000
DRL-MADRL,45,38,10.78727671477657,4.543351044016932,97.39999999999999,1000
DRL-MADRL,45,39,12.116891138271601,4.7918834424816135,96.89999999999999,1000
DRL-MADRL,45,40,11.407714852879737,4.137861825209172,97.6,1000
DRL-MADRL,45,41,12.62149548492612,4.225616889715997,98.1,1000
DRL-MADRL,45,42,12.552196670826685,4.173934613891702,97.39999999999999,1000
DRL-MADRL,45,43,13.830316580618803,5.12574586026059,97.3,1000
DRL-MADRL,45,44,10.971807746063742,4.26101086015685,97.2,1000
DRL-MADRL,45,45,12.107597096433661,4.945318866169617,97.6,1000
DRL-MADRL,45,46,12.229116623886119,4.459355861466924,98.3,1000
DRL-MADRL,45,47,13.625209565998883,9.11237135713537,97.8,1000
DRL-MADRL,45,48,11.866684106499674,4.265300314295705,98.0,1000
DRL-MADRL,45,49,11.981539747943108,4.305962328331064,96.89999999999999,1000
DRL-MADRL,45,50,11.171146629517404,4.198193648998064,97.89999999999999,1000
DRL-MADRL,45,51,13.280589423315265,4.035042744124516,98.5,1000
DRL-MADRL,45,52,11.565932904218672,4.123373256851033,98.1,1000
DRL-MADRL,45,53,11.342194654499123,4.600521287038317,98.1,1000
DRL-MADRL,45,54,14.280584398306393,8.38744285717229,97.0,1000
DRL-MADRL,45,55,10.649683405592896,4.111558170138562,98.8,1000
DRL-MADRL,45,56,14.741133892403711,8.430352144397151,97.5,1000
DRL-MADRL,45,57,12.35413350510736,4.260773330140856,97.5,1000
DRL-MADRL,45,58,11.808595607499823,4.23683936885265,97.3,1000
DRL-MADRL,45,59,11.627298642625213,4.548270404391304,97.39999999999999,1000
DRL-MADRL,45,60,10.979188486015964,4.362258764567128,98.0,1000
DRL-MADRL,45,61,11.980007150165628,4.150574618289894,97.1,1000
DRL-MADRL,45,62,11.614884053205227,4.179397787481382,98.6,1000
DRL-MADRL,45,63,11.7688849880484,4.287279897169891,97.39999999999999,1000
DRL-MADRL,45,64,11.17329256371491,4.156265580693122,98.3,1000
DRL-MADRL,45,65,11.003005077563971,4.04084712393078,98.0,1000
DRL-MADRL,45,66,14.037239173338602,4.607060927196578,97.5,1000
DRL-MADRL,45,67,12.081904460644731,4.061422269947785,97.1,1000
DRL-MADRL,45,68,11.017121184001832,4.139834048184695,97.1,1000
DRL-MADRL,45,69,12.039618015637393,4.214991029726113,98.4,1000
DRL-MADRL,45,70,13.695153101019425,5.240645594510839,97.7,1000
DRL-MADRL,45,71,11.882697907207456,4.047730384879494,97.6,1000
DRL-MADRL,45,72,12.758928327318692,4.571261425195016,96.89999999999999,1000
DRL-MADRL,45,73,11.61173958326596,4.272736208886568,97.39999999999999,1000
DRL-MADRL,45,74,12.18896171620339,4.469214735593825,97.6,1000
DRL-MADRL,45,75,11.96588081848448,4.129081348398021,97.2,1000
DRL-MADRL,45,76,11.325620584302209,4.015366122992827,97.3,1000
DRL-MADRL,45,77,11.203062918394638,4.302456226458019,96.7,1000
DRL-MADRL,45,78,11.719102636876254,4.180033474393785,97.8,1000
DRL-MADRL,45,79,10.999474581438523,4.495332602916722,97.3,1000
DRL-MADRL,45,80,12.432035631394635,4.244736534978811,97.39999999999999,1000
DRL-MADRL,45,81,12.004361976723597,4.293180804415929,97.89999999999999,1000
DRL-MADRL,45,82,12.378739634458542,4.118510997916556,98.0,1000
DRL-MADRL,45,83,11.879726686270299,4.2952534809100404,97.6,1000
DRL-MADRL,45,84,11.91979956854365,4.902592403369529,97.1,1000
DRL-MADRL,45,85,10.8897009557385,4.381434642585792,98.2,1000
DRL-MADRL,45,86,11.877771673296888,4.219076055702946,98.0,1000
DRL-MADRL,45,87,11.417840304311436,4.250821546918183,98.2,1000
DRL-MADRL,45,88,11.332008400116548,4.4031099761248855,97.6,1000
DRL-MADRL,45,89,12.006447219784961,3.993647975305518,97.7,1000
DRL-MADRL,45,90,11.603017560056196,4.49147539769751,97.8,1000
DRL-MADRL,45,91,13.258641668243724,6.821430292408103,97.8,1000
DRL-MADRL,45,92,12.783165256849056,4.8433367334786865,96.7,1000
DRL-MADRL,45,93,12.093570114087525,5.183716327016652,96.89999999999999,1000
DRL-MADRL,45,94,11.84416602944658,4.500404023844962,97.5,1000
DRL-MADRL,45,95,11.571108467351918,4.125325134805075,97.6,1000
DRL-MADRL,45,96,12.403518500058526,4.546072021042141,97.6,1000
DRL-MADRL,45,97,11.47501950806393,4.135853916462969,96.1,1000
DRL-MADRL,45,98,12.219826478327017,4.212305029050361,97.5,1000
DRL-MADRL,45,99,11.190936639295094,4.246298071544812,97.2,1000
DRL-MADRL,45,100,11.586740734406902,4.252338510097186,98.1,1000
DRL-MADRL,45,101,11.069870271382038,4.434566610260657,96.5,1000
DRL-MADRL,45,102,11.790981228799042,4.0319900366339265,98.0,1000
DRL-MADRL,45,103,11.740736829853176,4.024448752502483,98.0,1000
DRL-MADRL,45,104,11.278556515159533,4.261487800564622,97.0,1000
DRL-MADRL,45,105,10.965417641961434,4.1977112165137624,97.8,1000
DRL-MADRL,45,106,11.47479242520453,4.3766192217431374,97.7,1000
DRL-MADRL,45,107,11.357982236083002,4.331402127673102,97.89999999999999,1000
DRL-MADRL,45,108,11.847969263392457,4.154415545948958,97.7,1000
DRL-MADRL,45,109,11.52404469329834,4.109140603217926,97.6,1000
DRL-MADRL,45,110,11.62073519124359,4.0458194243623025,97.7,1000
DRL-MADRL,45,111,13.49443898604714,5.866267627579403,96.89999999999999,1000
DRL-MADRL,45,112,12.72654426246752,4.310454674314596,96.89999999999999,1000
DRL-MADRL,45,113,11.713493844150324,4.467820233874182,97.3,1000
DRL-MADRL,45,114,11.81479652995336,4.301649671896461,96.6,1000
DRL-MADRL,45,115,12.650828249624054,11.632307071974395,96.69669669669669,999
DRL-MADRL,45,116,11.203200754949174,11.568222702126432,96.996996996997,999
DRL-MADRL,45,117,11.931038324939086,4.13483614471648,97.8,1000
DRL-MADRL,45,118,11.400942499430755,3.932574065641585,97.39999999999999,1000
DRL-MADRL,45,119,11.853105751574882,4.260224094048903,97.89999999999999,1000
DRL-MADRL,45,120,11.217635580249596,4.3323396825991365,98.0,1000
DRL-MADRL,45,121,13.083025535227677,5.919939768443282,97.39999999999999,1000
DRL-MADRL,45,122,11.87328192249417,4.363510876486247,97.5,1000
DRL-MADRL,45,123,12.5534670790752,4.316209718355784,97.8,1000
DRL-MADRL,45,124,12.17949806595828,4.369301160031032,97.7,1000
DRL-MADRL,45,125,11.961992014389386,4.8850492955846105,97.2,1000
DRL-MADRL,45,126,11.361456271590825,4.8663055459352424,97.6,1000
DRL-MADRL,45,127,11.909533858085771,4.087321754351726,98.1,1000
DRL-MADRL,45,128,12.08530530067456,4.08379071972801,98.2,1000
DRL-MADRL,45,129,11.48232724531354,4.394517606291145,98.8,1000
DRL-MADRL,45,130,11.571200128633402,4.2306576373844065,97.89999999999999,1000
DRL-MADRL,45,131,11.995152686269655,3.9955847327202614,97.1,1000
DRL-MADRL,45,132,13.886479102573666,4.427776100853966,97.89999999999999,1000
DRL-MADRL,45,133,12.034426761641207,4.311471343755895,97.1,1000
DRL-MADRL,45,134,11.573149000775032,4.231561107343708,97.1,1000
DRL-MADRL,45,135,11.29290145728636,4.320337908186726,98.0,1000
DRL-MADRL,45,136,11.606526018911179,4.216286446900077,97.7,1000
DRL-MADRL,45,137,12.17724595547028,4.15369060835857,97.7,1000
DRL-MADRL,45,138,12.267020224074278,4.222024966469491,98.6,1000
DRL-MADRL,45,139,12.044487593316665,4.401743313847369,97.3,1000
DRL-MADRL,45,140,11.710248953943232,4.3883493606749395,97.0,1000
DRL-MADRL,45,141,10.68658855025235,4.2661422979934445,97.5,1000
DRL-MADRL,45,142,12.484450485098641,11.816056570874238,97.4974974974975,999
DRL-MADRL,45,143,10.868383427802712,4.557933564087626,98.1,1000
DRL-MADRL,45,144,11.30413806696813,4.247525987503869,97.7,1000
DRL-MADRL,45,145,12.22064969141012,4.699457392093336,97.7,1000
DRL-MADRL,45,146,12.508760423664196,4.420810470945949,98.3,1000
DRL-MADRL,45,147,11.09254606206239,4.01145403838401,97.39999999999999,1000
DRL-MADRL,45,148,13.299974850709942,7.822149526822069,97.5,1000
DRL-MADRL,45,149,11.585227481640523,4.786689001090271,98.0,1000
DRL-MADRL,45,150,11.534078742595256,4.507076629036022,97.6,1000
DRL-MADRL,45,151,12.79705362804439,4.2881089612674925,98.5,1000
DRL-MADRL,45,152,12.044214101542043,4.332714882705469,98.2,1000
DRL-MADRL,45,153,11.579961582122213,4.302177016809504,97.7,1000
DRL-MADRL,45,154,11.026292937601662,4.0729109431787505,97.7,1000
DRL-MADRL,45,155,11.833201690278157,4.126371191694618,96.5,1000
DRL-MADRL,45,156,11.484804259912838,4.064320834406469,97.7,1000
DRL-MADRL,45,157,10.711504747358441,4.072020021332251,97.5,1000
DRL-MADRL,45,158,10.883995902655533,4.109931843136264,98.0,1000
DRL-MADRL,45,159,11.46585986231422,4.212795046452762,97.39999999999999,1000
DRL-MADRL,45,160,13.0347745236153,4.412000534057226,97.5,1000
DRL-MADRL,45,161,14.765013587351191,8.328472831188876,96.89999999999999,1000
DRL-MADRL,45,162,13.070641219985399,4.745647332351662,97.1,1000
DRL-MADRL,45,163,11.895113477452039,4.313295773402664,98.0,1000
DRL-MADRL,45,164,11.429289921756354,4.145547677297106,98.1,1000
DRL-MADRL,45,165,12.207410464678945,4.107881581953466,97.6,1000
DRL-MADRL,45,166,11.310125781917094,4.475283182216843,97.5,1000
DRL-MADRL,45,167,11.467722351945774,4.098556006072362,97.39999999999999,1000
DRL-MADRL,45,168,12.152922627493073,4.108481324777835,97.8,1000
DRL-MADRL,45,169,12.621733048436457,4.453967141781216,98.0,1000
DRL-MADRL,45,170,11.134558851517122,4.3214386684637685,96.8,1000
DRL-MADRL,45,171,11.565038671701876,4.21058467580695,97.8,1000
DRL-MADRL,45,172,13.3435099646057,5.04247998072391,97.3,1000
DRL-MADRL,45,173,10.968550785692592,4.289955581162334,97.3,1000
DRL-MADRL,45,174,11.104231595640755,4.489591699101303,97.1,1000
DRL-MADRL,45,175,11.358292389187737,4.09482785028085,97.3,1000
DRL-MADRL,45,176,12.58867723165857,4.142670398212858,97.5,1000
DRL-MADRL,45,177,11.135089725929026,4.302168575329032,97.8,1000
DRL-MADRL,45,178,13.391966476846617,6.738408269442445,98.2,1000
DRL-MADRL,45,179,11.462352830041512,11.620630080668603,97.8978978978979,999
DRL-MADRL,45,180,11.071753694045071,4.21890069507523,96.5,1000
DRL-MADRL,45,181,11.779820390997521,4.347229400062132,97.89999999999999,1000
DRL-MADRL,45,182,11.361765255497431,4.227488368435534,97.1,1000
DRL-MADRL,45,183,12.432300849195329,4.204759905867853,97.7,1000
DRL-MADRL,45,184,11.367491963182959,4.168490831170295,97.6,1000
DRL-MADRL,45,185,14.188449548235937,5.516115774436768,97.89999999999999,1000
DRL-MADRL,45,186,11.881788346878741,4.636416659828555,97.6,1000
DRL-MADRL,45,187,11.811252563804093,4.105124892163561,97.39999999999999,1000
DRL-MADRL,45,188,12.01206129510546,4.353737965272879,97.8,1000
DRL-MADRL,45,189,11.666697852382589,4.304383535111677,97.8,1000
DRL-MADRL,45,190,11.60895663738111,4.271186836450564,97.3,1000
DRL-MADRL,45,191,13.099347414005676,4.51302139186827,96.8,1000
DRL-MADRL,45,192,12.682819757814373,5.595602662391368,97.89999999999999,1000
DRL-MADRL,45,193,12.778989481298344,4.18432126122208,96.89999999999999,1000
DRL-MADRL,45,194,11.273091451126906,4.999387664356416,97.5,1000
DRL-MADRL,45,195,12.699649317245544,4.550134449023629,97.39999999999999,1000
DRL-MADRL,45,196,12.731388932563354,4.501821015675745,98.9,1000
DRL-MADRL,45,197,11.1048229172465,4.298365002214299,96.1,1000
DRL-MADRL,45,198,12.294029804419914,4.9434969584453485,97.39999999999999,1000
DRL-MADRL,45,199,13.463408718228493,4.223842427079906,97.0,1000
DRL-MADRL,46,0,11.437895756854981,4.086837554472318,97.3,1000
DRL-MADRL,46,1,12.859404980042273,5.2297200900064595,98.0,1000
DRL-MADRL,46,2,12.843634087911363,4.017441141239975,97.7,1000
DRL-MADRL,46,3,13.001804433765331,3.9692499983400804,97.39999999999999,1000
DRL-MADRL,46,4,12.16499916243264,4.276447663523856,97.8,1000
DRL-MADRL,46,5,12.421994733766496,4.642848553955199,98.1,1000
DRL-MADRL,46,6,11.21252310193768,4.131712869333984,97.5,1000
DRL-MADRL,46,7,11.752760349459448,11.438728178230152,98.49849849849849,999
DRL-MADRL,46,8,13.376208939164483,4.271783343946311,98.0,1000
DRL-MADRL,46,9,11.999926408394742,4.200526772403345,97.6,1000
DRL-MADRL,46,10,12.357615333127585,4.1185258250573895,97.8,1000
DRL-MADRL,46,11,12.54118337113613,4.102336277272198,97.1,1000
DRL-MADRL,46,12,12.355211744581306,4.262262636013448,96.3,1000
DRL-MADRL,46,13,12.779095099973397,4.316207543573011,97.39999999999999,1000
DRL-MADRL,46,14,10.893999152445257,4.399856838676869,96.7,1000
DRL-MADRL,46,15,11.220422756304687,4.031864396473135,97.39999999999999,1000
DRL-MADRL,46,16,14.072150291694204,4.438196680252015,96.89999999999999,1000
DRL-MADRL,46,17,12.074491009786378,4.027913024595713,97.5,1000
DRL-MADRL,46,18,12.806138915233516,4.35116449827569,98.0,1000
DRL-MADRL,46,19,11.883767283982055,4.2711817943085,97.7,1000
DRL-MADRL,46,20,12.301707889194724,4.152797382816344,97.39999999999999,1000
DRL-MADRL,46,21,13.14554377356763,4.357533525149321,97.0,1000
DRL-MADRL,46,22,13.01582646087344,5.8656367644273155,97.0,1000
DRL-MADRL,46,23,12.657248392947713,4.555933894933882,98.1,1000
DRL-MADRL,46,24,12.00083118253616,4.340153282032016,97.89999999999999,1000
DRL-MADRL,46,25,12.306232379491219,3.9702191557826376,97.8,1000
DRL-MADRL,46,26,15.594501552073796,7.489736771669579,97.7,1000
DRL-MADRL,46,27,12.514628763074949,3.966015750515141,97.8,1000
DRL-MADRL,46,28,13.314037103950941,4.402505170828652,97.8,1000
DRL-MADRL,46,29,11.767800635788769,4.2604490270972075,97.39999999999999,1000
DRL-MADRL,46,30,12.708924353463477,3.9773505914432823,96.39999999999999,1000
DRL-MADRL,46,31,11.480308898210733,4.011316563647956,97.39999999999999,1000
DRL-MADRL,46,32,13.637430962303279,7.114028912089095,96.5,1000
DRL-MADRL,46,33,13.12895421412651,4.757349545743643,96.5,1000
DRL-MADRL,46,34,11.746523088806196,4.229846320184495,97.2,1000
DRL-MADRL,46,35,12.217002704712531,4.266583046050997,97.3,1000
DRL-MADRL,46,36,11.928398086632715,4.718348925128889,96.89999999999999,1000
DRL-MADRL,46,37,11.96564026247492,4.201683284213555,97.39999999999999,1000
DRL-MADRL,46,38,12.602734913209966,4.065688200467301,97.39999999999999,1000
DRL-MADRL,46,39,12.827673311018964,3.986180554022867,97.7,1000
DRL-MADRL,46,40,11.34770280994563,3.886537576357382,97.8,1000
DRL-MADRL,46,41,12.758598039484216,4.176095430622397,98.1,1000
DRL-MADRL,46,42,12.013259630269488,4.071794821729114,97.3,1000
DRL-MADRL,46,43,12.394826023641881,4.09526058486578,97.8,1000
DRL-MADRL,46,44,12.486909182006766,4.042232184777832,96.8,1000
DRL-MADRL,46,45,12.290341238381867,4.094530745758686,98.3,1000
DRL-MADRL,46,46,13.105512409248204,4.155009785464295,98.5,1000
DRL-MADRL,46,47,12.303769607063725,3.9714710164666456,97.2,1000
DRL-MADRL,46,48,12.358941768264597,4.064157423782238,98.1,1000
DRL-MADRL,46,49,13.539909375726463,4.298614145098292,97.3,1000
DRL-MADRL,46,50,12.172072851527394,4.120040755234102,97.6,1000
DRL-MADRL,46,51,11.712721899121684,4.311603745646947,96.6,1000
DRL-MADRL,46,52,14.135506930586384,6.950813962900639,98.1,1000
DRL-MADRL,46,53,12.552207989336008,3.9998527896483744,96.6,1000
DRL-MADRL,46,54,13.279197526875405,4.204315434789987,97.8,1000
DRL-MADRL,46,55,12.835424849683335,4.385074415144959,97.1,1000
DRL-MADRL,46,56,12.262242551619991,4.305968828246474,97.6,1000
DRL-MADRL,46,57,11.966180989516095,4.028121139996273,97.6,1000
DRL-MADRL,46,58,12.128483444985562,4.1315871528652535,96.7,1000
DRL-MADRL,46,59,11.480916934352125,3.883556164565028,96.3,1000
DRL-MADRL,46,60,12.418199176670504,4.125779787039687,97.3,1000
DRL-MADRL,46,61,15.056800220688979,5.542105729094025,97.5,1000
DRL-MADRL,46,62,11.948650842759289,4.044231917538477,96.0,1000
DRL-MADRL,46,63,11.602851825821746,4.131168983837165,97.5,1000
DRL-MADRL,46,64,11.317213322473341,4.125843039170669,96.5,1000
DRL-MADRL,46,65,12.213716501181546,4.0399176675810295,97.3,1000
DRL-MADRL,46,66,13.639292663959612,5.40217808109973,97.3,1000
DRL-MADRL,46,67,12.659763744221113,4.657517825399822,97.2,1000
DRL-MADRL,46,68,12.128167097944486,4.253915298877584,98.2,1000
DRL-MADRL,46,69,12.565170227321472,4.124760517896874,97.7,1000
DRL-MADRL,46,70,12.947671408422709,5.821405089418495,97.2,1000
DRL-MADRL,46,71,11.835751729151081,4.19145793259434,96.39999999999999,1000
DRL-MADRL,46,72,12.630149085724298,4.172262506892378,98.2,1000
DRL-MADRL,46,73,12.417366240001567,4.653825506254728,97.3,1000
DRL-MADRL,46,74,15.63540343450721,5.831969545647823,97.1,1000
DRL-MADRL,46,75,11.714260021981078,3.8654280678337223,97.8,1000
DRL-MADRL,46,76,13.362224730560229,5.471989145576105,98.2,1000
DRL-MADRL,46,77,12.95651469855995,4.430985831168514,97.1,1000
DRL-MADRL,46,78,13.295333837788286,4.152191190909458,97.7,1000
DRL-MADRL,46,79,13.095673739962452,4.311957431836965,97.39999999999999,1000
DRL-MADRL,46,80,11.946647098594033,3.9910487100547045,97.2,1000
DRL-MADRL,46,81,11.757910214949565,4.693060559647477,96.5,1000
DRL-MADRL,46,82,11.171832067004186,4.065034664295315,96.89999999999999,1000
DRL-MADRL,46,83,11.725382121851974,4.4624870596995425,97.89999999999999,1000
DRL-MADRL,46,84,12.470206117212605,4.627649196734572,97.8,1000
DRL-MADRL,46,85,11.69237372214575,4.0342379400817245,96.2,1000
DRL-MADRL,46,86,12.344021968503563,3.9834083094294095,97.8,1000
DRL-MADRL,46,87,14.987625580197106,6.693886289705132,97.3,1000
DRL-MADRL,46,88,12.410572340893363,4.838306087952541,97.1,1000
DRL-MADRL,46,89,12.471109022568918,4.323555064912667,95.89999999999999,1000
DRL-MADRL,46,90,12.745870046919926,4.292189572282112,97.39999999999999,1000
DRL-MADRL,46,91,13.685248278804108,4.33886489636056,98.1,1000
DRL-MADRL,46,92,11.833355187486315,4.247872475546055,97.7,1000
DRL-MADRL,46,93,11.064860318591903,4.175662487021702,97.39999999999999,1000
DRL-MADRL,46,94,12.571234798719237,4.074732337639779,97.3,1000
DRL-MADRL,46,95,11.890355229793519,4.058455694427927,97.89999999999999,1000
DRL-MADRL,46,96,12.595515006199342,4.2429261040978865,97.8,1000
DRL-MADRL,46,97,11.888549836483707,11.397244615482377,97.7977977977978,999
DRL-MADRL,46,98,12.845328938675676,3.975043606432913,97.3,1000
DRL-MADRL,46,99,11.83545530656581,4.088484019412294,97.0,1000
DRL-MADRL,46,100,12.030339686421364,4.41400439567681,97.7,1000
DRL-MADRL,46,101,11.93912395616263,4.536023176613963,97.89999999999999,1000
DRL-MADRL,46,102,12.207029959888857,4.001069954872375,97.7,1000
DRL-MADRL,46,103,11.459691487902226,3.9144141146902123,97.1,1000
DRL-MADRL,46,104,12.504605695976014,4.190382614120177,96.89999999999999,1000
DRL-MADRL,46,105,12.618322975826057,4.093434364254557,97.2,1000
DRL-MADRL,46,106,12.133000205948495,4.179158025357051,97.5,1000
DRL-MADRL,46,107,12.021662515185582,3.9671533139118917,97.6,1000
DRL-MADRL,46,108,13.83878544140157,6.774330716320529,97.5,1000
DRL-MADRL,46,109,11.397235570323494,3.936271144682488,96.8,1000
DRL-MADRL,46,110,11.915317838977804,4.3340226645040705,97.0,1000
DRL-MADRL,46,111,12.20661723302364,4.121869023659732,97.6,1000
DRL-MADRL,46,112,12.741789338371579,4.29622050814286,97.89999999999999,1000
DRL-MADRL,46,113,16.1680528327281,7.979492349146986,96.5,1000
DRL-MADRL,46,114,15.05302648046723,5.142804586009263,97.5,1000
DRL-MADRL,46,115,12.727723393347857,4.1797766346721135,97.0,1000
DRL-MADRL,46,116,12.650014875017638,4.1288868548462,96.7,1000
DRL-MADRL,46,117,14.821050569671733,6.0303867533313955,96.89999999999999,1000
DRL-MADRL,46,118,14.431190384726458,5.555846720017781,98.6,1000
DRL-MADRL,46,119,13.220199403427646,4.41352891589812,97.2,1000
DRL-MADRL,46,120,11.893928123068978,4.123534366299635,97.3,1000
DRL-MADRL,46,121,12.424647037007714,4.486640577429332,97.1,1000
DRL-MADRL,46,122,13.056177237999215,4.210835305365494,97.1,1000
DRL-MADRL,46,123,12.380175509364154,4.121277277074411,97.89999999999999,1000
DRL-MADRL,46,124,13.1204722799161,6.331217734086,97.39999999999999,1000
DRL-MADRL,46,125,11.693829355532168,4.289598725379507,96.6,1000
DRL-MADRL,46,126,12.520556478979165,4.016909026378657,98.5,1000
DRL-MADRL,46,127,12.017698209974064,3.9306487452567556,97.39999999999999,1000
DRL-MADRL,46,128,12.0505136761212,4.211948402495019,97.8,1000
DRL-MADRL,46,129,11.565468991195118,4.14097835148615,97.39999999999999,1000
DRL-MADRL,46,130,11.799763148886282,4.1879748856470735,97.2,1000
DRL-MADRL,46,131,11.909927298340689,4.133182564585803,96.8,1000
DRL-MADRL,46,132,13.530830233793175,4.428428857723979,98.0,1000
DRL-MADRL,46,133,12.421217453989952,4.140808985112234,97.39999999999999,1000
DRL-MADRL,46,134,12.035182161305983,3.930728630034169,97.5,1000
DRL-MADRL,46,135,12.040260915207305,4.358537562129211,97.8,1000
DRL-MADRL,46,136,12.377402906773437,4.44042853822272,97.2,1000
DRL-MADRL,46,137,11.598682025538222,4.078166657983364,97.2,1000
DRL-MADRL,46,138,12.908579490122927,4.111375305437355,97.8,1000
DRL-MADRL,46,139,11.66692099381328,4.370345193338196,97.3,1000
DRL-MADRL,46,140,12.560361157166371,4.183297760176803,97.0,1000
DRL-MADRL,46,141,12.291887905471805,4.287418474830096,97.0,1000
DRL-MADRL,46,142,13.250687593995721,3.9714234153718433,97.5,1000
DRL-MADRL,46,143,11.758475055915303,4.4707654963651775,96.6,1000
DRL-MADRL,46,144,13.403789134648733,4.39761532539693,98.0,1000
DRL-MADRL,46,145,13.595253247082692,4.267961552067267,97.5,1000
DRL-MADRL,46,146,12.510008831734975,4.165030637159771,97.3,1000
DRL-MADRL,46,147,13.268611648411573,4.10552188856331,96.3,1000
DRL-MADRL,46,148,12.373950808387722,4.289839818834062,97.5,1000
DRL-MADRL,46,149,13.125722543856199,4.631398744108798,96.89999999999999,1000
DRL-MADRL,46,150,11.195601394801578,4.2082550669412075,96.6,1000
DRL-MADRL,46,151,11.843723015390617,3.9854979748030734,96.6,1000
DRL-MADRL,46,152,13.069390126922919,5.207806149237357,97.2,1000
DRL-MADRL,46,153,14.17810714267163,3.962246446727152,97.0,1000
DRL-MADRL,46,154,12.890118322450409,4.242771602100854,97.1,1000
DRL-MADRL,46,155,11.54017153786031,4.038083995043224,97.7,1000
DRL-MADRL,46,156,13.173981708401968,4.027044435936455,97.7,1000
DRL-MADRL,46,157,12.594234645351682,4.133829303903281,96.5,1000
DRL-MADRL,46,158,12.574498161856113,4.151891121179562,97.39999999999999,1000
DRL-MADRL,46,159,12.041516147063186,4.071314111466648,98.0,1000
DRL-MADRL,46,160,12.258917793605985,4.309170935460203,97.89999999999999,1000
DRL-MADRL,46,161,13.02299557203525,4.087758942710507,97.6,1000
DRL-MADRL,46,162,12.840150921052814,4.208184069425948,97.0,1000
DRL-MADRL,46,163,14.604953802954553,4.1932999888413285,98.0,1000
DRL-MADRL,46,164,14.807821271268924,6.355469997450705,98.0,1000
DRL-MADRL,46,165,12.174879475766888,4.216147770726037,97.3,1000
DRL-MADRL,46,166,12.67032829096374,11.3253735997477,98.3983983983984,999
DRL-MADRL,46,167,12.316458986060123,3.8890997265597376,97.5,1000
DRL-MADRL,46,168,12.70537359917729,4.35015083440194,97.8,1000
DRL-MADRL,46,169,12.615949070843854,4.244355640469119,98.3,1000
DRL-MADRL,46,170,12.704792657910293,4.253704648510011,98.3,1000
DRL-MADRL,46,171,12.732725633545542,4.775398233954585,97.6,1000
DRL-MADRL,46,172,12.132784942802777,4.153056028235414,97.0,1000
DRL-MADRL,46,173,12.045856268953171,4.240657098193291,97.3,1000
DRL-MADRL,46,174,12.343369067407108,4.029080560668709,96.5,1000
DRL-MADRL,46,175,11.776397328780448,4.126277201127801,98.2,1000
DRL-MADRL,46,176,11.730505462220076,3.9965832310184495,97.5,1000
DRL-MADRL,46,177,12.340266381224604,4.034164910856976,97.5,1000
DRL-MADRL,46,178,12.367471803297926,4.283159760749041,97.89999999999999,1000
DRL-MADRL,46,179,12.234427010364396,4.009404951111724,97.6,1000
DRL-MADRL,46,180,11.883537840125207,4.293492677645942,97.39999999999999,1000
DRL-MADRL,46,181,12.793767242501877,4.212800823307253,97.3,1000
DRL-MADRL,46,182,11.967887697164937,4.121430403832595,97.3,1000
DRL-MADRL,46,183,12.583727677029009,4.499744065898173,97.89999999999999,1000
DRL-MADRL,46,184,11.760044873615065,4.118282518212587,97.6,1000
DRL-MADRL,46,185,11.320674054245949,3.8840152760199214,97.8,1000
DRL-MADRL,46,186,11.956063426117856,4.1444084127040774,97.2,1000
DRL-MADRL,46,187,12.285564508964084,4.059300433621068,98.1,1000
DRL-MADRL,46,188,12.132167965026621,3.882018922655954,97.1,1000
DRL-MADRL,46,189,11.75966004514935,4.492084693569222,97.8,1000
DRL-MADRL,46,190,13.879784976693447,4.115559600992513,96.8,1000
DRL-MADRL,46,191,13.095776433962742,6.404130318040079,97.0,1000
DRL-MADRL,46,192,12.496686058359357,4.034347241240349,97.0,1000
DRL-MADRL,46,193,11.957308136328738,4.02189968933692,97.5,1000
DRL-MADRL,46,194,12.026255598517286,4.06471756328897,97.1,1000
DRL-MADRL,46,195,12.94209308023552,4.292826624407767,97.39999999999999,1000
DRL-MADRL,46,196,13.294242711258459,5.6000935606954325,96.89999999999999,1000
DRL-MADRL,46,197,12.857798042987358,3.8635690827094833,97.7,1000
DRL-MADRL,46,198,11.763143017292728,4.0811075605684435,97.89999999999999,1000
DRL-MADRL,46,199,13.09102941347993,4.942761991265036,97.39999999999999,1000
